date,home_team,away_team,home_score,away_score
2022-04-07,Chicago Cubs,Milwaukee Brewers,5,4
2022-04-07,Kansas City Royals,Cleveland Guardians,3,1
2022-04-07,St. Louis Cardinals,Pittsburgh Pirates,9,0
2022-04-07,Washington Nationals,New York Mets,1,5
2022-04-07,Atlanta Braves,Cincinnati Reds,3,6
2022-04-07,Los Angeles Angels,Houston Astros,1,3
2022-04-07,Arizona Diamondbacks,San Diego Padres,4,2
2022-04-07,New York Yankees,Boston Red Sox,0,0
2022-04-07,Minnesota Twins,Seattle Mariners,0,0
2022-04-08,New York Yankees,Boston Red Sox,6,5
2022-04-08,Detroit Tigers,Chicago White Sox,5,4
2022-04-08,Philadelphia Phillies,Oakland Athletics,9,5
2022-04-08,Tampa Bay Rays,Baltimore Orioles,2,1
2022-04-08,Colorado Rockies,Los Angeles Dodgers,3,5
2022-04-08,Minnesota Twins,Seattle Mariners,1,2
2022-04-08,San Francisco Giants,Miami Marlins,6,5
2022-04-08,Washington Nationals,New York Mets,3,7
2022-04-08,Toronto Blue Jays,Texas Rangers,10,8
2022-04-08,Atlanta Braves,Cincinnati Reds,7,6
2022-04-08,Los Angeles Angels,Houston Astros,6,13
2022-04-08,Arizona Diamondbacks,San Diego Padres,0,3
2022-04-08,Chicago Cubs,Milwaukee Brewers,0,0
2022-04-09,Tampa Bay Rays,Baltimore Orioles,5,3
2022-04-09,Detroit Tigers,Chicago White Sox,2,5
2022-04-09,Minnesota Twins,Seattle Mariners,3,4
2022-04-09,St. Louis Cardinals,Pittsburgh Pirates,6,2
2022-04-09,Chicago Cubs,Milwaukee Brewers,9,0
2022-04-09,Toronto Blue Jays,Texas Rangers,4,3
2022-04-09,Philadelphia Phillies,Oakland Athletics,4,2
2022-04-09,San Francisco Giants,Miami Marlins,1,2
2022-04-09,New York Yankees,Boston Red Sox,4,2
2022-04-09,Kansas City Royals,Cleveland Guardians,1,0
2022-04-09,Washington Nationals,New York Mets,0,5
2022-04-09,Atlanta Braves,Cincinnati Reds,2,1
2022-04-09,Colorado Rockies,Los Angeles Dodgers,3,2
2022-04-09,Arizona Diamondbacks,San Diego Padres,2,5
2022-04-09,Los Angeles Angels,Houston Astros,2,0
2022-04-10,Philadelphia Phillies,Oakland Athletics,1,4
2022-04-10,Tampa Bay Rays,Baltimore Orioles,8,0
2022-04-10,Detroit Tigers,Chicago White Sox,1,10
2022-04-10,Washington Nationals,New York Mets,4,2
2022-04-10,Atlanta Braves,Cincinnati Reds,3,6
2022-04-10,Toronto Blue Jays,Texas Rangers,6,12
2022-04-10,Kansas City Royals,Cleveland Guardians,3,17
2022-04-10,Minnesota Twins,Seattle Mariners,10,4
2022-04-10,St. Louis Cardinals,Pittsburgh Pirates,4,9
2022-04-10,Chicago Cubs,Milwaukee Brewers,4,5
2022-04-10,Colorado Rockies,Los Angeles Dodgers,9,4
2022-04-10,San Francisco Giants,Miami Marlins,3,2
2022-04-10,Los Angeles Angels,Houston Astros,1,4
2022-04-10,Arizona Diamondbacks,San Diego Padres,5,10
2022-04-10,New York Yankees,Boston Red Sox,3,4
2022-04-11,Kansas City Royals,Cleveland Guardians,7,10
2022-04-11,Baltimore Orioles,Milwaukee Brewers,2,0
2022-04-11,Texas Rangers,Colorado Rockies,4,6
2022-04-11,Detroit Tigers,Boston Red Sox,3,1
2022-04-11,Tampa Bay Rays,Oakland Athletics,2,13
2022-04-11,Philadelphia Phillies,New York Mets,5,4
2022-04-11,New York Yankees,Toronto Blue Jays,0,3
2022-04-11,Atlanta Braves,Washington Nationals,2,11
2022-04-11,Minnesota Twins,Seattle Mariners,4,0
2022-04-11,Los Angeles Angels,Miami Marlins,6,2
2022-04-11,San Francisco Giants,San Diego Padres,2,4
2022-04-11,St. Louis Cardinals,Pittsburgh Pirates,0,0
2022-04-12,Detroit Tigers,Boston Red Sox,3,5
2022-04-12,Cincinnati Reds,Cleveland Guardians,5,10
2022-04-12,Chicago White Sox,Seattle Mariners,3,2
2022-04-12,Pittsburgh Pirates,Chicago Cubs,1,2
2022-04-12,Tampa Bay Rays,Oakland Athletics,9,8
2022-04-12,Philadelphia Phillies,New York Mets,0,2
2022-04-12,New York Yankees,Toronto Blue Jays,4,0
2022-04-12,Baltimore Orioles,Milwaukee Brewers,4,5
2022-04-12,Los Angeles Angels,Miami Marlins,4,3
2022-04-12,Atlanta Braves,Washington Nationals,16,4
2022-04-12,Minnesota Twins,Los Angeles Dodgers,2,7
2022-04-12,St. Louis Cardinals,Kansas City Royals,6,5
2022-04-12,Texas Rangers,Colorado Rockies,1,4
2022-04-12,Arizona Diamondbacks,Houston Astros,1,2
2022-04-12,San Francisco Giants,San Diego Padres,13,2
2022-04-13,Atlanta Braves,Washington Nationals,1,3
2022-04-13,Cincinnati Reds,Cleveland Guardians,3,7
2022-04-13,Pittsburgh Pirates,Chicago Cubs,6,2
2022-04-13,Philadelphia Phillies,New York Mets,6,9
2022-04-13,Detroit Tigers,Boston Red Sox,7,9
2022-04-13,Minnesota Twins,Los Angeles Dodgers,0,7
2022-04-13,Arizona Diamondbacks,Houston Astros,3,2
2022-04-13,San Francisco Giants,San Diego Padres,2,1
2022-04-13,Tampa Bay Rays,Oakland Athletics,2,4
2022-04-13,New York Yankees,Toronto Blue Jays,4,6
2022-04-13,Baltimore Orioles,Milwaukee Brewers,2,4
2022-04-13,Chicago White Sox,Seattle Mariners,6,4
2022-04-13,St. Louis Cardinals,Kansas City Royals,0,0
2022-04-14,Tampa Bay Rays,Oakland Athletics,3,6
2022-04-14,Chicago White Sox,Seattle Mariners,1,5
2022-04-14,Milwaukee Brewers,St. Louis Cardinals,5,1
2022-04-14,Pittsburgh Pirates,Washington Nationals,9,4
2022-04-14,Miami Marlins,Philadelphia Phillies,4,3
2022-04-14,New York Yankees,Toronto Blue Jays,3,0
2022-04-14,Texas Rangers,Los Angeles Angels,10,5
2022-04-14,Kansas City Royals,Detroit Tigers,2,4
2022-04-14,San Diego Padres,Atlanta Braves,12,1
2022-04-14,Colorado Rockies,Chicago Cubs,2,5
2022-04-14,Los Angeles Dodgers,Cincinnati Reds,9,3
2022-04-15,New York Mets,Arizona Diamondbacks,10,3
2022-04-15,Boston Red Sox,Minnesota Twins,4,8
2022-04-15,Pittsburgh Pirates,Washington Nationals,2,7
2022-04-15,Miami Marlins,Philadelphia Phillies,7,1
2022-04-15,Baltimore Orioles,New York Yankees,2,1
2022-04-15,Toronto Blue Jays,Oakland Athletics,4,1
2022-04-15,Cleveland Guardians,San Francisco Giants,1,4
2022-04-15,Chicago White Sox,Tampa Bay Rays,3,2
2022-04-15,Texas Rangers,Los Angeles Angels,6,9
2022-04-15,Kansas City Royals,Detroit Tigers,1,2
2022-04-15,Milwaukee Brewers,St. Louis Cardinals,1,10
2022-04-15,Colorado Rockies,Chicago Cubs,6,5
2022-04-15,San Diego Padres,Atlanta Braves,2,5
2022-04-15,Seattle Mariners,Houston Astros,11,1
2022-04-15,Los Angeles Dodgers,Cincinnati Reds,3,1
2022-04-16,New York Mets,Arizona Diamondbacks,2,3
2022-04-16,Chicago White Sox,Tampa Bay Rays,3,2
2022-04-16,Toronto Blue Jays,Oakland Athletics,5,7
2022-04-16,San Diego Padres,Atlanta Braves,2,5
2022-04-16,Kansas City Royals,Detroit Tigers,3,1
2022-04-16,Boston Red Sox,Minnesota Twins,4,0
2022-04-16,Cleveland Guardians,San Francisco Giants,2,4
2022-04-16,Miami Marlins,Philadelphia Phillies,3,10
2022-04-16,Pittsburgh Pirates,Washington Nationals,6,4
2022-04-16,Texas Rangers,Los Angeles Angels,2,7
2022-04-16,Baltimore Orioles,New York Yankees,2,5
2022-04-16,Milwaukee Brewers,St. Louis Cardinals,1,2
2022-04-16,Colorado Rockies,Chicago Cubs,9,6
2022-04-16,Seattle Mariners,Houston Astros,0,4
2022-04-16,Los Angeles Dodgers,Cincinnati Reds,5,2
2022-04-17,Baltimore Orioles,New York Yankees,5,0
2022-04-17,Pittsburgh Pirates,Washington Nationals,5,3
2022-04-17,Boston Red Sox,Minnesota Twins,8,1
2022-04-17,Toronto Blue Jays,Oakland Athletics,4,3
2022-04-17,New York Mets,Arizona Diamondbacks,5,0
2022-04-17,Cleveland Guardians,San Francisco Giants,1,8
2022-04-17,Miami Marlins,Philadelphia Phillies,11,3
2022-04-17,Chicago White Sox,Tampa Bay Rays,3,9
2022-04-17,Milwaukee Brewers,St. Louis Cardinals,6,5
2022-04-17,Texas Rangers,Los Angeles Angels,3,8
2022-04-17,Colorado Rockies,Chicago Cubs,4,6
2022-04-17,Los Angeles Dodgers,Cincinnati Reds,9,1
2022-04-17,Seattle Mariners,Houston Astros,7,2
2022-04-17,San Diego Padres,Atlanta Braves,2,1
2022-04-17,Kansas City Royals,Detroit Tigers,0,0
2022-04-18,Boston Red Sox,Minnesota Twins,3,8
2022-04-18,Chicago Cubs,Tampa Bay Rays,4,2
2022-04-18,Milwaukee Brewers,Pittsburgh Pirates,6,1
2022-04-18,Houston Astros,Los Angeles Angels,8,3
2022-04-18,Colorado Rockies,Philadelphia Phillies,4,1
2022-04-18,Oakland Athletics,Baltimore Orioles,5,1
2022-04-18,San Diego Padres,Cincinnati Reds,4,1
2022-04-18,Los Angeles Dodgers,Atlanta Braves,7,4
2022-04-18,Cleveland Guardians,Chicago White Sox,0,0
2022-04-18,Washington Nationals,Arizona Diamondbacks,0,0
2022-04-18,New York Mets,San Francisco Giants,0,0
2022-04-19,Washington Nationals,Arizona Diamondbacks,6,1
2022-04-19,Washington Nationals,Arizona Diamondbacks,1,0
2022-04-19,New York Mets,San Francisco Giants,5,4
2022-04-19,New York Mets,San Francisco Giants,3,1
2022-04-19,Miami Marlins,St. Louis Cardinals,1,5
2022-04-19,Detroit Tigers,New York Yankees,2,4
2022-04-19,Boston Red Sox,Toronto Blue Jays,2,1
2022-04-19,Chicago Cubs,Tampa Bay Rays,5,6
2022-04-19,Milwaukee Brewers,Pittsburgh Pirates,5,2
2022-04-19,Houston Astros,Los Angeles Angels,2,7
2022-04-19,Kansas City Royals,Minnesota Twins,4,3
2022-04-19,Colorado Rockies,Philadelphia Phillies,6,5
2022-04-19,Oakland Athletics,Baltimore Orioles,2,1
2022-04-19,San Diego Padres,Cincinnati Reds,6,2
2022-04-19,Seattle Mariners,Texas Rangers,6,2
2022-04-19,Los Angeles Dodgers,Atlanta Braves,1,3
2022-04-19,Cleveland Guardians,Chicago White Sox,0,0
2022-04-20,Milwaukee Brewers,Pittsburgh Pirates,4,2
2022-04-20,Cleveland Guardians,Chicago White Sox,11,1
2022-04-20,Cleveland Guardians,Chicago White Sox,2,1
2022-04-20,Colorado Rockies,Philadelphia Phillies,6,9
2022-04-20,Los Angeles Dodgers,Atlanta Braves,5,1
2022-04-20,San Diego Padres,Cincinnati Reds,6,0
2022-04-20,Oakland Athletics,Baltimore Orioles,0,1
2022-04-20,Chicago Cubs,Tampa Bay Rays,2,8
2022-04-20,Houston Astros,Los Angeles Angels,0,6
2022-04-20,Miami Marlins,St. Louis Cardinals,0,2
2022-04-20,Detroit Tigers,New York Yankees,3,5
2022-04-20,Washington Nationals,Arizona Diamondbacks,2,11
2022-04-20,New York Mets,San Francisco Giants,2,5
2022-04-20,Boston Red Sox,Toronto Blue Jays,1,6
2022-04-20,Kansas City Royals,Minnesota Twins,2,0
2022-04-20,Seattle Mariners,Texas Rangers,4,2
2022-04-21,New York Mets,San Francisco Giants,6,2
2022-04-21,Cleveland Guardians,Chicago White Sox,6,3
2022-04-21,Detroit Tigers,New York Yankees,3,0
2022-04-21,Boston Red Sox,Toronto Blue Jays,2,3
2022-04-21,Kansas City Royals,Minnesota Twins,0,1
2022-04-21,Oakland Athletics,Baltimore Orioles,6,4
2022-04-21,Washington Nationals,Arizona Diamondbacks,3,4
2022-04-21,Miami Marlins,St. Louis Cardinals,5,0
2022-04-21,Chicago Cubs,Pittsburgh Pirates,3,4
2022-04-21,Seattle Mariners,Texas Rangers,6,8
2022-04-22,Cincinnati Reds,St. Louis Cardinals,2,4
2022-04-22,Washington Nationals,San Francisco Giants,1,7
2022-04-22,New York Yankees,Cleveland Guardians,4,1
2022-04-22,Philadelphia Phillies,Milwaukee Brewers,4,2
2022-04-22,Tampa Bay Rays,Boston Red Sox,3,4
2022-04-22,Atlanta Braves,Miami Marlins,3,0
2022-04-22,Chicago Cubs,Pittsburgh Pirates,2,4
2022-04-22,Houston Astros,Toronto Blue Jays,3,4
2022-04-22,Minnesota Twins,Chicago White Sox,2,1
2022-04-22,Los Angeles Angels,Baltimore Orioles,3,5
2022-04-22,Arizona Diamondbacks,New York Mets,5,6
2022-04-22,San Diego Padres,Los Angeles Dodgers,1,6
2022-04-22,Seattle Mariners,Kansas City Royals,4,1
2022-04-22,Oakland Athletics,Texas Rangers,1,8
2022-04-22,Detroit Tigers,Colorado Rockies,0,0
2022-04-23,Washington Nationals,San Francisco Giants,2,5
2022-04-23,New York Yankees,Cleveland Guardians,5,4
2022-04-23,Detroit Tigers,Colorado Rockies,13,0
2022-04-23,Detroit Tigers,Colorado Rockies,2,3
2022-04-23,Chicago Cubs,Pittsburgh Pirates,21,0
2022-04-23,Minnesota Twins,Chicago White Sox,9,2
2022-04-23,Philadelphia Phillies,Milwaukee Brewers,3,5
2022-04-23,Oakland Athletics,Texas Rangers,0,2
2022-04-23,Cincinnati Reds,St. Louis Cardinals,0,5
2022-04-23,Houston Astros,Toronto Blue Jays,2,3
2022-04-23,Tampa Bay Rays,Boston Red Sox,3,2
2022-04-23,Atlanta Braves,Miami Marlins,7,9
2022-04-23,Arizona Diamondbacks,New York Mets,5,2
2022-04-23,San Diego Padres,Los Angeles Dodgers,3,2
2022-04-23,Los Angeles Angels,Baltimore Orioles,4,5
2022-04-23,Seattle Mariners,Kansas City Royals,13,7
2022-04-24,Detroit Tigers,Colorado Rockies,2,6
2022-04-24,Tampa Bay Rays,Boston Red Sox,5,2
2022-04-24,Washington Nationals,San Francisco Giants,3,12
2022-04-24,Atlanta Braves,Miami Marlins,4,5
2022-04-24,New York Yankees,Cleveland Guardians,10,2
2022-04-24,Cincinnati Reds,St. Louis Cardinals,4,1
2022-04-24,Houston Astros,Toronto Blue Jays,8,7
2022-04-24,Minnesota Twins,Chicago White Sox,6,4
2022-04-24,Chicago Cubs,Pittsburgh Pirates,3,4
2022-04-24,Los Angeles Angels,Baltimore Orioles,7,6
2022-04-24,Oakland Athletics,Texas Rangers,2,0
2022-04-24,Arizona Diamondbacks,New York Mets,2,6
2022-04-24,San Diego Padres,Los Angeles Dodgers,2,10
2022-04-24,Seattle Mariners,Kansas City Royals,5,4
2022-04-24,Philadelphia Phillies,Milwaukee Brewers,0,1
2022-04-25,Milwaukee Brewers,San Francisco Giants,2,4
2022-04-25,Philadelphia Phillies,Colorado Rockies,8,2
2022-04-25,Toronto Blue Jays,Boston Red Sox,6,2
2022-04-25,St. Louis Cardinals,New York Mets,2,5
2022-04-25,Texas Rangers,Houston Astros,6,2
2022-04-25,Los Angeles Angels,Cleveland Guardians,3,0
2022-04-25,Arizona Diamondbacks,Los Angeles Dodgers,0,4
2022-04-26,Pittsburgh Pirates,Milwaukee Brewers,8,12
2022-04-26,Cincinnati Reds,San Diego Padres,6,9
2022-04-26,Tampa Bay Rays,Seattle Mariners,4,8
2022-04-26,Philadelphia Phillies,Colorado Rockies,10,3
2022-04-26,Washington Nationals,Miami Marlins,2,5
2022-04-26,New York Yankees,Baltimore Orioles,12,8
2022-04-26,Toronto Blue Jays,Boston Red Sox,6,5
2022-04-26,Chicago White Sox,Kansas City Royals,0,6
2022-04-26,Atlanta Braves,Chicago Cubs,3,1
2022-04-26,Minnesota Twins,Detroit Tigers,5,4
2022-04-26,St. Louis Cardinals,New York Mets,0,3
2022-04-26,Texas Rangers,Houston Astros,1,5
2022-04-26,Los Angeles Angels,Cleveland Guardians,4,1
2022-04-26,Arizona Diamondbacks,Los Angeles Dodgers,5,3
2022-04-26,San Francisco Giants,Oakland Athletics,8,2
2022-04-27,St. Louis Cardinals,New York Mets,10,5
2022-04-27,Chicago White Sox,Kansas City Royals,7,3
2022-04-27,Arizona Diamondbacks,Los Angeles Dodgers,3,1
2022-04-27,Pittsburgh Pirates,Milwaukee Brewers,1,3
2022-04-27,Cincinnati Reds,San Diego Padres,5,8
2022-04-27,Tampa Bay Rays,Seattle Mariners,3,2
2022-04-27,Philadelphia Phillies,Colorado Rockies,7,3
2022-04-27,Washington Nationals,Miami Marlins,1,2
2022-04-27,New York Yankees,Baltimore Orioles,5,2
2022-04-27,Toronto Blue Jays,Boston Red Sox,1,7
2022-04-27,Atlanta Braves,Chicago Cubs,3,6
2022-04-27,Minnesota Twins,Detroit Tigers,5,0
2022-04-27,Texas Rangers,Houston Astros,3,4
2022-04-27,Los Angeles Angels,Cleveland Guardians,9,5
2022-04-27,San Francisco Giants,Oakland Athletics,0,1
2022-04-28,Cincinnati Reds,San Diego Padres,5,7
2022-04-28,Pittsburgh Pirates,Milwaukee Brewers,2,3
2022-04-28,Philadelphia Phillies,Colorado Rockies,7,1
2022-04-28,Washington Nationals,Miami Marlins,2,3
2022-04-28,New York Yankees,Baltimore Orioles,10,5
2022-04-28,Tampa Bay Rays,Seattle Mariners,2,1
2022-04-28,Minnesota Twins,Detroit Tigers,7,1
2022-04-28,Texas Rangers,Houston Astros,2,3
2022-04-28,Chicago White Sox,Kansas City Royals,2,5
2022-04-28,Toronto Blue Jays,Boston Red Sox,1,0
2022-04-28,Los Angeles Angels,Cleveland Guardians,4,1
2022-04-28,Atlanta Braves,Chicago Cubs,5,1
2022-04-28,St. Louis Cardinals,Arizona Diamondbacks,8,3
2022-04-29,Pittsburgh Pirates,San Diego Padres,3,7
2022-04-29,Miami Marlins,Seattle Mariners,8,6
2022-04-29,Baltimore Orioles,Boston Red Sox,1,3
2022-04-29,Toronto Blue Jays,Houston Astros,7,11
2022-04-29,Tampa Bay Rays,Minnesota Twins,6,1
2022-04-29,New York Mets,Philadelphia Phillies,3,0
2022-04-29,Chicago White Sox,Los Angeles Angels,1,5
2022-04-29,Texas Rangers,Atlanta Braves,3,6
2022-04-29,Kansas City Royals,New York Yankees,2,12
2022-04-29,Milwaukee Brewers,Chicago Cubs,11,1
2022-04-29,St. Louis Cardinals,Arizona Diamondbacks,2,6
2022-04-29,Colorado Rockies,Cincinnati Reds,10,4
2022-04-29,Oakland Athletics,Cleveland Guardians,8,9
2022-04-29,Los Angeles Dodgers,Detroit Tigers,5,1
2022-04-29,San Francisco Giants,Washington Nationals,4,14
2022-04-30,St. Louis Cardinals,Arizona Diamondbacks,0,2
2022-04-30,Toronto Blue Jays,Houston Astros,2,1
2022-04-30,San Francisco Giants,Washington Nationals,9,3
2022-04-30,Chicago White Sox,Los Angeles Angels,4,0
2022-04-30,Oakland Athletics,Cleveland Guardians,1,3
2022-04-30,Tampa Bay Rays,Minnesota Twins,1,9
2022-04-30,Miami Marlins,Seattle Mariners,3,1
2022-04-30,Pittsburgh Pirates,San Diego Padres,7,6
2022-04-30,Baltimore Orioles,Boston Red Sox,2,1
2022-04-30,Texas Rangers,Atlanta Braves,3,1
2022-04-30,New York Mets,Philadelphia Phillies,1,4
2022-04-30,Kansas City Royals,New York Yankees,0,3
2022-04-30,Milwaukee Brewers,Chicago Cubs,9,1
2022-04-30,Colorado Rockies,Cincinnati Reds,4,3
2022-04-30,Los Angeles Dodgers,Detroit Tigers,1,5
2022-05-01,Baltimore Orioles,Boston Red Sox,9,5
2022-05-01,Tampa Bay Rays,Minnesota Twins,3,9
2022-05-01,Pittsburgh Pirates,San Diego Padres,2,5
2022-05-01,Toronto Blue Jays,Houston Astros,3,2
2022-05-01,Miami Marlins,Seattle Mariners,3,7
2022-05-01,Chicago White Sox,Los Angeles Angels,5,6
2022-05-01,Kansas City Royals,New York Yankees,4,6
2022-05-01,Milwaukee Brewers,Chicago Cubs,0,2
2022-05-01,St. Louis Cardinals,Arizona Diamondbacks,7,5
2022-05-01,Texas Rangers,Atlanta Braves,7,3
2022-05-01,Colorado Rockies,Cincinnati Reds,10,1
2022-05-01,San Francisco Giants,Washington Nationals,5,11
2022-05-01,Oakland Athletics,Cleveland Guardians,3,7
2022-05-01,Los Angeles Dodgers,Detroit Tigers,6,3
2022-05-01,New York Mets,Philadelphia Phillies,10,6
2022-05-02,St. Louis Cardinals,Kansas City Royals,1,0
2022-05-02,Chicago White Sox,Los Angeles Angels,3,0
2022-05-02,Miami Marlins,Arizona Diamondbacks,4,5
2022-05-02,Baltimore Orioles,Minnesota Twins,1,2
2022-05-02,Toronto Blue Jays,New York Yankees,2,3
2022-05-02,New York Mets,Atlanta Braves,2,5
2022-05-02,Houston Astros,Seattle Mariners,3,0
2022-05-02,Oakland Athletics,Tampa Bay Rays,1,6
2022-05-03,New York Mets,Atlanta Braves,5,4
2022-05-03,New York Mets,Atlanta Braves,3,0
2022-05-03,Miami Marlins,Arizona Diamondbacks,4,5
2022-05-03,Philadelphia Phillies,Texas Rangers,4,6
2022-05-03,Baltimore Orioles,Minnesota Twins,2,7
2022-05-03,Toronto Blue Jays,New York Yankees,1,9
2022-05-03,Boston Red Sox,Los Angeles Angels,4,0
2022-05-03,Chicago Cubs,Chicago White Sox,1,3
2022-05-03,Milwaukee Brewers,Cincinnati Reds,6,3
2022-05-03,Houston Astros,Seattle Mariners,4,0
2022-05-03,Kansas City Royals,St. Louis Cardinals,7,1
2022-05-03,Colorado Rockies,Washington Nationals,2,10
2022-05-03,Oakland Athletics,Tampa Bay Rays,7,10
2022-05-03,Los Angeles Dodgers,San Francisco Giants,3,1
2022-05-03,Cleveland Guardians,San Diego Padres,0,0
2022-05-03,Detroit Tigers,Pittsburgh Pirates,0,0
2022-05-04,Miami Marlins,Arizona Diamondbacks,7,8
2022-05-04,Detroit Tigers,Pittsburgh Pirates,3,2
2022-05-04,Detroit Tigers,Pittsburgh Pirates,2,7
2022-05-04,Cleveland Guardians,San Diego Padres,4,5
2022-05-04,Cleveland Guardians,San Diego Padres,6,5
2022-05-04,Kansas City Royals,St. Louis Cardinals,0,10
2022-05-04,New York Mets,Atlanta Braves,2,9
2022-05-04,Houston Astros,Seattle Mariners,7,2
2022-05-04,Oakland Athletics,Tampa Bay Rays,0,3
2022-05-04,Philadelphia Phillies,Texas Rangers,1,2
2022-05-04,Baltimore Orioles,Minnesota Twins,9,4
2022-05-04,Toronto Blue Jays,New York Yankees,2,1
2022-05-04,Boston Red Sox,Los Angeles Angels,5,10
2022-05-04,Chicago Cubs,Chicago White Sox,3,4
2022-05-04,Milwaukee Brewers,Cincinnati Reds,18,4
2022-05-04,Colorado Rockies,Washington Nationals,5,2
2022-05-04,Los Angeles Dodgers,San Francisco Giants,9,1
2022-05-05,Boston Red Sox,Los Angeles Angels,0,8
2022-05-05,Milwaukee Brewers,Cincinnati Reds,10,5
2022-05-05,Colorado Rockies,Washington Nationals,9,7
2022-05-05,Cleveland Guardians,Toronto Blue Jays,6,5
2022-05-05,Philadelphia Phillies,New York Mets,7,8
2022-05-05,Baltimore Orioles,Minnesota Twins,5,3
2022-05-05,Houston Astros,Detroit Tigers,3,2
2022-05-05,Seattle Mariners,Tampa Bay Rays,3,4
2022-05-05,San Diego Padres,Miami Marlins,2,1
2022-05-05,San Francisco Giants,St. Louis Cardinals,1,7
2022-05-06,Boston Red Sox,Chicago White Sox,2,4
2022-05-06,Atlanta Braves,Milwaukee Brewers,3,6
2022-05-06,Houston Astros,Detroit Tigers,3,2
2022-05-06,Minnesota Twins,Oakland Athletics,2,1
2022-05-06,Los Angeles Angels,Washington Nationals,3,0
2022-05-06,Arizona Diamondbacks,Colorado Rockies,4,1
2022-05-06,Seattle Mariners,Tampa Bay Rays,7,8
2022-05-06,San Diego Padres,Miami Marlins,3,2
2022-05-06,San Francisco Giants,St. Louis Cardinals,2,3
2022-05-06,Chicago Cubs,Los Angeles Dodgers,0,0
2022-05-06,Cincinnati Reds,Pittsburgh Pirates,0,0
2022-05-06,Baltimore Orioles,Kansas City Royals,0,0
2022-05-06,Philadelphia Phillies,New York Mets,0,0
2022-05-06,New York Yankees,Texas Rangers,0,0
2022-05-06,Cleveland Guardians,Toronto Blue Jays,0,0
2022-05-07,Cincinnati Reds,Pittsburgh Pirates,9,2
2022-05-07,Cincinnati Reds,Pittsburgh Pirates,5,8
2022-05-07,Chicago Cubs,Los Angeles Dodgers,0,7
2022-05-07,Chicago Cubs,Los Angeles Dodgers,2,6
2022-05-07,Cleveland Guardians,Toronto Blue Jays,3,8
2022-05-07,Cleveland Guardians,Toronto Blue Jays,8,2
2022-05-07,Minnesota Twins,Oakland Athletics,1,0
2022-05-07,Houston Astros,Detroit Tigers,3,2
2022-05-07,Boston Red Sox,Chicago White Sox,1,3
2022-05-07,San Francisco Giants,St. Louis Cardinals,13,7
2022-05-07,Atlanta Braves,Milwaukee Brewers,3,2
2022-05-07,Arizona Diamondbacks,Colorado Rockies,1,4
2022-05-07,San Diego Padres,Miami Marlins,0,8
2022-05-07,Los Angeles Angels,Washington Nationals,3,7
2022-05-07,Seattle Mariners,Tampa Bay Rays,2,8
2022-05-07,New York Yankees,Texas Rangers,0,0
2022-05-07,Philadelphia Phillies,New York Mets,0,0
2022-05-07,Baltimore Orioles,Kansas City Royals,0,0
2022-05-08,Boston Red Sox,Chicago White Sox,2,3
2022-05-08,Philadelphia Phillies,New York Mets,3,2
2022-05-08,Philadelphia Phillies,New York Mets,1,6
2022-05-08,Baltimore Orioles,Kansas City Royals,4,6
2022-05-08,Baltimore Orioles,Kansas City Royals,4,2
2022-05-08,New York Yankees,Texas Rangers,2,1
2022-05-08,New York Yankees,Texas Rangers,2,4
2022-05-08,Atlanta Braves,Milwaukee Brewers,9,2
2022-05-08,Cincinnati Reds,Pittsburgh Pirates,7,3
2022-05-08,Cleveland Guardians,Toronto Blue Jays,4,3
2022-05-08,Houston Astros,Detroit Tigers,5,0
2022-05-08,Minnesota Twins,Oakland Athletics,4,3
2022-05-08,San Francisco Giants,St. Louis Cardinals,4,3
2022-05-08,Los Angeles Angels,Washington Nationals,5,4
2022-05-08,Arizona Diamondbacks,Colorado Rockies,4,0
2022-05-08,Seattle Mariners,Tampa Bay Rays,2,1
2022-05-08,San Diego Padres,Miami Marlins,3,2
2022-05-08,Chicago Cubs,Los Angeles Dodgers,1,7
2022-05-09,Baltimore Orioles,Kansas City Royals,6,1
2022-05-09,New York Yankees,Texas Rangers,1,0
2022-05-09,Pittsburgh Pirates,Los Angeles Dodgers,5,1
2022-05-09,Cincinnati Reds,Milwaukee Brewers,10,5
2022-05-09,Detroit Tigers,Oakland Athletics,0,2
2022-05-09,Chicago White Sox,Cleveland Guardians,9,12
2022-05-09,Los Angeles Angels,Tampa Bay Rays,11,3
2022-05-09,San Diego Padres,Chicago Cubs,0,6
2022-05-09,Seattle Mariners,Philadelphia Phillies,0,9
2022-05-09,Arizona Diamondbacks,Miami Marlins,4,3
2022-05-09,San Francisco Giants,Colorado Rockies,8,5
2022-05-10,Oakland Athletics,Detroit Tigers,0,6
2022-05-10,Detroit Tigers,Oakland Athletics,1,4
2022-05-10,Pittsburgh Pirates,Los Angeles Dodgers,1,11
2022-05-10,Cincinnati Reds,Milwaukee Brewers,4,5
2022-05-10,Washington Nationals,New York Mets,2,4
2022-05-10,New York Yankees,Toronto Blue Jays,6,5
2022-05-10,Atlanta Braves,Boston Red Sox,4,9
2022-05-10,Minnesota Twins,Houston Astros,0,5
2022-05-10,St. Louis Cardinals,Baltimore Orioles,3,5
2022-05-10,Texas Rangers,Kansas City Royals,6,4
2022-05-10,Chicago White Sox,Cleveland Guardians,4,1
2022-05-10,Los Angeles Angels,Tampa Bay Rays,12,0
2022-05-10,San Diego Padres,Chicago Cubs,5,4
2022-05-10,Seattle Mariners,Philadelphia Phillies,5,4
2022-05-10,Arizona Diamondbacks,Miami Marlins,9,3
2022-05-10,San Francisco Giants,Colorado Rockies,9,2
2022-05-11,Pittsburgh Pirates,Los Angeles Dodgers,5,3
2022-05-11,New York Yankees,Toronto Blue Jays,5,3
2022-05-11,Cincinnati Reds,Milwaukee Brewers,14,11
2022-05-11,Seattle Mariners,Philadelphia Phillies,2,4
2022-05-11,Arizona Diamondbacks,Miami Marlins,3,11
2022-05-11,San Francisco Giants,Colorado Rockies,7,1
2022-05-11,San Diego Padres,Chicago Cubs,5,7
2022-05-11,Washington Nationals,New York Mets,8,3
2022-05-11,Los Angeles Angels,Tampa Bay Rays,2,4
2022-05-11,Detroit Tigers,Oakland Athletics,0,9
2022-05-11,Atlanta Braves,Boston Red Sox,5,3
2022-05-11,Minnesota Twins,Houston Astros,3,11
2022-05-11,St. Louis Cardinals,Baltimore Orioles,10,1
2022-05-11,Texas Rangers,Kansas City Royals,2,8
2022-05-11,Chicago White Sox,Cleveland Guardians,0,0
2022-05-12,Washington Nationals,New York Mets,1,4
2022-05-12,Detroit Tigers,Oakland Athletics,3,5
2022-05-12,Minnesota Twins,Houston Astros,3,11
2022-05-12,St. Louis Cardinals,Baltimore Orioles,2,3
2022-05-12,Minnesota Twins,Houston Astros,0,5
2022-05-12,Pittsburgh Pirates,Cincinnati Reds,0,4
2022-05-12,Texas Rangers,Kansas City Royals,3,1
2022-05-12,Chicago White Sox,New York Yankees,7,15
2022-05-12,Los Angeles Dodgers,Philadelphia Phillies,7,9
2022-05-13,Pittsburgh Pirates,Cincinnati Reds,2,8
2022-05-13,Miami Marlins,Milwaukee Brewers,1,2
2022-05-13,Washington Nationals,Houston Astros,1,6
2022-05-13,Detroit Tigers,Baltimore Orioles,4,2
2022-05-13,New York Mets,Seattle Mariners,1,2
2022-05-13,Tampa Bay Rays,Toronto Blue Jays,5,2
2022-05-13,Atlanta Braves,San Diego Padres,6,11
2022-05-13,Texas Rangers,Boston Red Sox,1,7
2022-05-13,Minnesota Twins,Cleveland Guardians,12,8
2022-05-13,Chicago White Sox,New York Yankees,4,10
2022-05-13,St. Louis Cardinals,San Francisco Giants,2,8
2022-05-13,Colorado Rockies,Kansas City Royals,10,14
2022-05-13,Arizona Diamondbacks,Chicago Cubs,4,3
2022-05-13,Oakland Athletics,Los Angeles Angels,0,2
2022-05-13,Los Angeles Dodgers,Philadelphia Phillies,10,12
2022-05-14,St. Louis Cardinals,San Francisco Giants,4,0
2022-05-14,Atlanta Braves,San Diego Padres,6,5
2022-05-14,Oakland Athletics,Los Angeles Angels,4,3
2022-05-14,Oakland Athletics,Los Angeles Angels,1,9
2022-05-14,Detroit Tigers,Baltimore Orioles,3,0
2022-05-14,Tampa Bay Rays,Toronto Blue Jays,1,5
2022-05-14,Miami Marlins,Milwaukee Brewers,9,3
2022-05-14,Pittsburgh Pirates,Cincinnati Reds,3,1
2022-05-14,Washington Nationals,Houston Astros,13,6
2022-05-14,Texas Rangers,Boston Red Sox,3,11
2022-05-14,New York Mets,Seattle Mariners,5,4
2022-05-14,Minnesota Twins,Cleveland Guardians,2,3
2022-05-14,Chicago White Sox,New York Yankees,3,2
2022-05-14,Arizona Diamondbacks,Chicago Cubs,2,4
2022-05-14,Colorado Rockies,Kansas City Royals,10,4
2022-05-14,Los Angeles Dodgers,Philadelphia Phillies,3,8
2022-05-15,Atlanta Braves,San Diego Padres,3,7
2022-05-15,Washington Nationals,Houston Astros,0,8
2022-05-15,Pittsburgh Pirates,Cincinnati Reds,1,0
2022-05-15,Detroit Tigers,Baltimore Orioles,5,1
2022-05-15,New York Mets,Seattle Mariners,7,8
2022-05-15,Tampa Bay Rays,Toronto Blue Jays,3,0
2022-05-15,Miami Marlins,Milwaukee Brewers,3,7
2022-05-15,Minnesota Twins,Cleveland Guardians,3,1
2022-05-15,Chicago White Sox,New York Yankees,1,5
2022-05-15,Texas Rangers,Boston Red Sox,7,1
2022-05-15,Colorado Rockies,Kansas City Royals,7,8
2022-05-15,Oakland Athletics,Los Angeles Angels,1,4
2022-05-15,Arizona Diamondbacks,Chicago Cubs,2,3
2022-05-15,Los Angeles Dodgers,Philadelphia Phillies,5,4
2022-05-15,St. Louis Cardinals,San Francisco Giants,15,6
2022-05-16,Tampa Bay Rays,Detroit Tigers,2,3
2022-05-16,Miami Marlins,Washington Nationals,8,2
2022-05-16,Baltimore Orioles,New York Yankees,2,6
2022-05-16,Toronto Blue Jays,Seattle Mariners,6,2
2022-05-16,Boston Red Sox,Houston Astros,6,3
2022-05-16,Chicago Cubs,Pittsburgh Pirates,9,0
2022-05-16,Milwaukee Brewers,Atlanta Braves,1,0
2022-05-16,Texas Rangers,Los Angeles Angels,7,4
2022-05-16,Kansas City Royals,Chicago White Sox,3,5
2022-05-16,Colorado Rockies,San Francisco Giants,6,7
2022-05-16,Oakland Athletics,Minnesota Twins,1,3
2022-05-16,Los Angeles Dodgers,Arizona Diamondbacks,5,4
2022-05-16,New York Mets,St. Louis Cardinals,0,0
2022-05-17,Kansas City Royals,Chicago White Sox,0,3
2022-05-17,Kansas City Royals,Chicago White Sox,2,1
2022-05-17,Los Angeles Dodgers,Arizona Diamondbacks,7,6
2022-05-17,Los Angeles Dodgers,Arizona Diamondbacks,12,3
2022-05-17,New York Mets,St. Louis Cardinals,3,1
2022-05-17,New York Mets,St. Louis Cardinals,3,4
2022-05-17,Cleveland Guardians,Cincinnati Reds,4,5
2022-05-17,Tampa Bay Rays,Detroit Tigers,8,1
2022-05-17,Miami Marlins,Washington Nationals,5,1
2022-05-17,Philadelphia Phillies,San Diego Padres,0,3
2022-05-17,Baltimore Orioles,New York Yankees,4,5
2022-05-17,Toronto Blue Jays,Seattle Mariners,3,0
2022-05-17,Boston Red Sox,Houston Astros,4,13
2022-05-17,Chicago Cubs,Pittsburgh Pirates,7,0
2022-05-17,Milwaukee Brewers,Atlanta Braves,0,3
2022-05-17,Texas Rangers,Los Angeles Angels,10,5
2022-05-17,Colorado Rockies,San Francisco Giants,7,10
2022-05-17,Oakland Athletics,Minnesota Twins,5,2
2022-05-18,Tampa Bay Rays,Detroit Tigers,6,1
2022-05-18,Milwaukee Brewers,Atlanta Braves,7,6
2022-05-18,Colorado Rockies,San Francisco Giants,5,3
2022-05-18,Oakland Athletics,Minnesota Twins,4,14
2022-05-18,Los Angeles Dodgers,Arizona Diamondbacks,5,3
2022-05-18,Boston Red Sox,Houston Astros,5,1
2022-05-18,Miami Marlins,Washington Nationals,4,5
2022-05-18,Philadelphia Phillies,San Diego Padres,3,0
2022-05-18,Baltimore Orioles,New York Yankees,2,3
2022-05-18,Toronto Blue Jays,Seattle Mariners,1,5
2022-05-18,New York Mets,St. Louis Cardinals,11,4
2022-05-18,Chicago Cubs,Pittsburgh Pirates,2,3
2022-05-18,Texas Rangers,Los Angeles Angels,6,5
2022-05-18,Kansas City Royals,Chicago White Sox,6,2
2022-05-18,Cleveland Guardians,Cincinnati Reds,0,0
2022-05-19,Baltimore Orioles,New York Yankees,9,6
2022-05-19,Philadelphia Phillies,San Diego Padres,0,2
2022-05-19,Cleveland Guardians,Cincinnati Reds,2,4
2022-05-19,New York Mets,St. Louis Cardinals,7,6
2022-05-19,Kansas City Royals,Chicago White Sox,4,7
2022-05-19,Boston Red Sox,Seattle Mariners,12,6
2022-05-19,Chicago Cubs,Arizona Diamondbacks,1,3
2022-05-19,Houston Astros,Texas Rangers,5,1
2022-05-20,Chicago Cubs,Arizona Diamondbacks,6,10
2022-05-20,Pittsburgh Pirates,St. Louis Cardinals,3,5
2022-05-20,Miami Marlins,Atlanta Braves,3,5
2022-05-20,Baltimore Orioles,Tampa Bay Rays,8,6
2022-05-20,Philadelphia Phillies,Los Angeles Dodgers,1,4
2022-05-20,Toronto Blue Jays,Cincinnati Reds,2,1
2022-05-20,Cleveland Guardians,Detroit Tigers,6,1
2022-05-20,Boston Red Sox,Seattle Mariners,7,3
2022-05-20,Houston Astros,Texas Rangers,0,3
2022-05-20,Kansas City Royals,Minnesota Twins,4,6
2022-05-20,Milwaukee Brewers,Washington Nationals,7,0
2022-05-20,Los Angeles Angels,Oakland Athletics,2,4
2022-05-20,San Francisco Giants,San Diego Padres,7,8
2022-05-20,New York Yankees,Chicago White Sox,0,0
2022-05-20,Colorado Rockies,New York Mets,0,0
2022-05-21,New York Yankees,Chicago White Sox,7,5
2022-05-21,Chicago Cubs,Arizona Diamondbacks,6,7
2022-05-21,Toronto Blue Jays,Cincinnati Reds,3,1
2022-05-21,Colorado Rockies,New York Mets,1,5
2022-05-21,Colorado Rockies,New York Mets,11,3
2022-05-21,San Francisco Giants,San Diego Padres,1,2
2022-05-21,Boston Red Sox,Seattle Mariners,6,5
2022-05-21,Philadelphia Phillies,Los Angeles Dodgers,4,7
2022-05-21,Miami Marlins,Atlanta Braves,3,4
2022-05-21,Pittsburgh Pirates,St. Louis Cardinals,4,5
2022-05-21,Baltimore Orioles,Tampa Bay Rays,1,6
2022-05-21,Houston Astros,Texas Rangers,2,1
2022-05-21,Kansas City Royals,Minnesota Twins,2,9
2022-05-21,Milwaukee Brewers,Washington Nationals,5,1
2022-05-21,Los Angeles Angels,Oakland Athletics,5,3
2022-05-21,Cleveland Guardians,Detroit Tigers,0,0
2022-05-22,Pittsburgh Pirates,St. Louis Cardinals,4,18
2022-05-22,Boston Red Sox,Seattle Mariners,8,4
2022-05-22,Baltimore Orioles,Tampa Bay Rays,7,6
2022-05-22,Philadelphia Phillies,Los Angeles Dodgers,4,3
2022-05-22,Toronto Blue Jays,Cincinnati Reds,2,3
2022-05-22,Cleveland Guardians,Detroit Tigers,2,4
2022-05-22,Miami Marlins,Atlanta Braves,4,3
2022-05-22,Houston Astros,Texas Rangers,5,2
2022-05-22,Kansas City Royals,Minnesota Twins,6,7
2022-05-22,Milwaukee Brewers,Washington Nationals,2,8
2022-05-22,Chicago Cubs,Arizona Diamondbacks,5,4
2022-05-22,New York Yankees,Chicago White Sox,1,3
2022-05-22,New York Yankees,Chicago White Sox,0,5
2022-05-22,Colorado Rockies,New York Mets,0,2
2022-05-22,San Francisco Giants,San Diego Padres,1,10
2022-05-22,Los Angeles Angels,Oakland Athletics,4,1
2022-05-23,Pittsburgh Pirates,Colorado Rockies,2,1
2022-05-23,Cincinnati Reds,Chicago Cubs,4,7
2022-05-23,Washington Nationals,Los Angeles Dodgers,1,10
2022-05-23,New York Yankees,Baltimore Orioles,4,6
2022-05-23,Atlanta Braves,Philadelphia Phillies,3,7
2022-05-23,Minnesota Twins,Detroit Tigers,5,4
2022-05-23,St. Louis Cardinals,Toronto Blue Jays,7,3
2022-05-23,Houston Astros,Cleveland Guardians,1,6
2022-05-23,Arizona Diamondbacks,Kansas City Royals,9,5
2022-05-23,Seattle Mariners,Oakland Athletics,7,6
2022-05-23,San Diego Padres,Milwaukee Brewers,3,2
2022-05-23,San Francisco Giants,New York Mets,3,13
2022-05-24,Pittsburgh Pirates,Colorado Rockies,1,2
2022-05-24,Cincinnati Reds,Chicago Cubs,4,11
2022-05-24,Tampa Bay Rays,Miami Marlins,4,0
2022-05-24,Washington Nationals,Los Angeles Dodgers,4,9
2022-05-24,New York Yankees,Baltimore Orioles,7,6
2022-05-24,Atlanta Braves,Philadelphia Phillies,6,5
2022-05-24,Minnesota Twins,Detroit Tigers,2,0
2022-05-24,St. Louis Cardinals,Toronto Blue Jays,1,8
2022-05-24,Houston Astros,Cleveland Guardians,7,3
2022-05-24,Chicago White Sox,Boston Red Sox,3,16
2022-05-24,Los Angeles Angels,Texas Rangers,5,3
2022-05-24,Arizona Diamondbacks,Kansas City Royals,8,6
2022-05-24,Seattle Mariners,Oakland Athletics,5,7
2022-05-24,San Diego Padres,Milwaukee Brewers,1,4
2022-05-24,San Francisco Giants,New York Mets,13,12
2022-05-25,Pittsburgh Pirates,Colorado Rockies,10,5
2022-05-25,Minnesota Twins,Detroit Tigers,2,4
2022-05-25,San Francisco Giants,New York Mets,9,3
2022-05-25,Washington Nationals,Los Angeles Dodgers,1,0
2022-05-25,Seattle Mariners,Oakland Athletics,2,4
2022-05-25,San Diego Padres,Milwaukee Brewers,1,2
2022-05-25,Cincinnati Reds,Chicago Cubs,4,3
2022-05-25,Tampa Bay Rays,Miami Marlins,5,4
2022-05-25,New York Yankees,Baltimore Orioles,2,0
2022-05-25,Atlanta Braves,Philadelphia Phillies,8,4
2022-05-25,Houston Astros,Cleveland Guardians,2,1
2022-05-25,Chicago White Sox,Boston Red Sox,3,1
2022-05-25,Los Angeles Angels,Texas Rangers,2,7
2022-05-26,Cincinnati Reds,Chicago Cubs,20,5
2022-05-26,Tampa Bay Rays,New York Yankees,2,7
2022-05-26,Washington Nationals,Colorado Rockies,7,3
2022-05-26,Detroit Tigers,Cleveland Guardians,4,3
2022-05-26,Atlanta Braves,Philadelphia Phillies,1,4
2022-05-26,Minnesota Twins,Kansas City Royals,2,3
2022-05-26,St. Louis Cardinals,Milwaukee Brewers,3,4
2022-05-26,Chicago White Sox,Boston Red Sox,7,16
2022-05-26,Los Angeles Angels,Toronto Blue Jays,3,6
2022-05-26,Arizona Diamondbacks,Los Angeles Dodgers,1,14
2022-05-26,Oakland Athletics,Texas Rangers,1,4
2022-05-27,Cincinnati Reds,San Francisco Giants,5,1
2022-05-27,Boston Red Sox,Baltimore Orioles,8,12
2022-05-27,New York Mets,Philadelphia Phillies,8,6
2022-05-27,Tampa Bay Rays,New York Yankees,0,2
2022-05-27,Atlanta Braves,Miami Marlins,6,4
2022-05-27,Minnesota Twins,Kansas City Royals,10,7
2022-05-27,St. Louis Cardinals,Milwaukee Brewers,4,2
2022-05-27,Los Angeles Angels,Toronto Blue Jays,3,4
2022-05-27,Arizona Diamondbacks,Los Angeles Dodgers,4,6
2022-05-27,San Diego Padres,Pittsburgh Pirates,4,3
2022-05-27,Seattle Mariners,Houston Astros,6,1
2022-05-27,Oakland Athletics,Texas Rangers,5,8
2022-05-27,Washington Nationals,Colorado Rockies,0,0
2022-05-27,Detroit Tigers,Cleveland Guardians,0,0
2022-05-28,Washington Nationals,Colorado Rockies,13,7
2022-05-28,Washington Nationals,Colorado Rockies,2,3
2022-05-28,Boston Red Sox,Baltimore Orioles,5,3
2022-05-28,Boston Red Sox,Baltimore Orioles,2,4
2022-05-28,Minnesota Twins,Kansas City Royals,3,7
2022-05-28,St. Louis Cardinals,Milwaukee Brewers,8,3
2022-05-28,Oakland Athletics,Texas Rangers,4,11
2022-05-28,Detroit Tigers,Cleveland Guardians,1,8
2022-05-28,Cincinnati Reds,San Francisco Giants,3,2
2022-05-28,Atlanta Braves,Miami Marlins,1,4
2022-05-28,Tampa Bay Rays,New York Yankees,3,1
2022-05-28,Arizona Diamondbacks,Los Angeles Dodgers,2,3
2022-05-28,New York Mets,Philadelphia Phillies,8,2
2022-05-28,Chicago White Sox,Chicago Cubs,1,5
2022-05-28,Los Angeles Angels,Toronto Blue Jays,5,6
2022-05-28,San Diego Padres,Pittsburgh Pirates,2,4
2022-05-28,Seattle Mariners,Houston Astros,6,0
2022-05-29,Cincinnati Reds,San Francisco Giants,4,6
2022-05-29,Boston Red Sox,Baltimore Orioles,12,2
2022-05-29,Washington Nationals,Colorado Rockies,6,5
2022-05-29,Atlanta Braves,Miami Marlins,6,3
2022-05-29,Detroit Tigers,Cleveland Guardians,2,1
2022-05-29,Tampa Bay Rays,New York Yankees,4,2
2022-05-29,Minnesota Twins,Kansas City Royals,7,3
2022-05-29,Chicago White Sox,Chicago Cubs,5,4
2022-05-29,St. Louis Cardinals,Milwaukee Brewers,0,8
2022-05-29,Oakland Athletics,Texas Rangers,6,5
2022-05-29,Los Angeles Angels,Toronto Blue Jays,10,11
2022-05-29,Arizona Diamondbacks,Los Angeles Dodgers,1,3
2022-05-29,San Diego Padres,Pittsburgh Pirates,4,2
2022-05-29,Seattle Mariners,Houston Astros,1,2
2022-05-29,New York Mets,Philadelphia Phillies,5,4
2022-05-30,Chicago Cubs,Milwaukee Brewers,6,7
2022-05-30,Chicago Cubs,Milwaukee Brewers,1,3
2022-05-30,Detroit Tigers,Minnesota Twins,7,5
2022-05-30,St. Louis Cardinals,San Diego Padres,6,3
2022-05-30,Philadelphia Phillies,San Francisco Giants,4,5
2022-05-30,Oakland Athletics,Houston Astros,1,5
2022-05-30,Colorado Rockies,Miami Marlins,7,1
2022-05-30,Cleveland Guardians,Kansas City Royals,7,3
2022-05-30,Boston Red Sox,Baltimore Orioles,0,10
2022-05-30,New York Mets,Washington Nationals,13,5
2022-05-30,Texas Rangers,Tampa Bay Rays,9,5
2022-05-30,Arizona Diamondbacks,Atlanta Braves,6,2
2022-05-30,Los Angeles Dodgers,Pittsburgh Pirates,5,6
2022-05-31,Detroit Tigers,Minnesota Twins,2,8
2022-05-31,Detroit Tigers,Minnesota Twins,4,0
2022-05-31,Cleveland Guardians,Kansas City Royals,8,3
2022-05-31,Philadelphia Phillies,San Francisco Giants,4,7
2022-05-31,Baltimore Orioles,Seattle Mariners,0,10
2022-05-31,New York Yankees,Los Angeles Angels,9,1
2022-05-31,Toronto Blue Jays,Chicago White Sox,6,5
2022-05-31,Boston Red Sox,Cincinnati Reds,1,2
2022-05-31,New York Mets,Washington Nationals,10,0
2022-05-31,St. Louis Cardinals,San Diego Padres,3,2
2022-05-31,Texas Rangers,Tampa Bay Rays,3,0
2022-05-31,Chicago Cubs,Milwaukee Brewers,8,7
2022-05-31,Oakland Athletics,Houston Astros,1,3
2022-05-31,Arizona Diamondbacks,Atlanta Braves,8,7
2022-05-31,Los Angeles Dodgers,Pittsburgh Pirates,3,5
2022-05-31,Colorado Rockies,Miami Marlins,0,0
2022-06-01,Cleveland Guardians,Kansas City Royals,4,0
2022-06-01,New York Mets,Washington Nationals,5,0
2022-06-01,St. Louis Cardinals,San Diego Padres,5,2
2022-06-01,Colorado Rockies,Miami Marlins,1,14
2022-06-01,Colorado Rockies,Miami Marlins,13,12
2022-06-01,Oakland Athletics,Houston Astros,4,5
2022-06-01,Arizona Diamondbacks,Atlanta Braves,0,6
2022-06-01,Philadelphia Phillies,San Francisco Giants,6,5
2022-06-01,Baltimore Orioles,Seattle Mariners,9,2
2022-06-01,Toronto Blue Jays,Chicago White Sox,7,3
2022-06-01,Boston Red Sox,Cincinnati Reds,7,1
2022-06-01,Detroit Tigers,Minnesota Twins,5,0
2022-06-01,Texas Rangers,Tampa Bay Rays,3,4
2022-06-01,Chicago Cubs,Milwaukee Brewers,4,3
2022-06-01,Los Angeles Dodgers,Pittsburgh Pirates,4,8
2022-06-01,New York Yankees,Los Angeles Angels,0,0
2022-06-02,New York Yankees,Los Angeles Angels,6,1
2022-06-02,New York Yankees,Los Angeles Angels,2,1
2022-06-02,Detroit Tigers,Minnesota Twins,3,2
2022-06-02,Texas Rangers,Tampa Bay Rays,1,3
2022-06-02,Toronto Blue Jays,Chicago White Sox,8,3
2022-06-02,Cincinnati Reds,Washington Nationals,8,1
2022-06-02,Miami Marlins,San Francisco Giants,3,0
2022-06-02,Baltimore Orioles,Seattle Mariners,6,7
2022-06-02,Milwaukee Brewers,San Diego Padres,5,4
2022-06-02,Chicago Cubs,St. Louis Cardinals,7,5
2022-06-02,Colorado Rockies,Atlanta Braves,6,13
2022-06-02,Los Angeles Dodgers,New York Mets,2,0
2022-06-03,Chicago Cubs,St. Louis Cardinals,5,14
2022-06-03,Cincinnati Reds,Washington Nationals,5,8
2022-06-03,Miami Marlins,San Francisco Giants,6,15
2022-06-03,Baltimore Orioles,Cleveland Guardians,3,6
2022-06-03,Pittsburgh Pirates,Arizona Diamondbacks,6,8
2022-06-03,Philadelphia Phillies,Los Angeles Angels,10,0
2022-06-03,New York Yankees,Detroit Tigers,13,0
2022-06-03,Toronto Blue Jays,Minnesota Twins,3,9
2022-06-03,Tampa Bay Rays,Chicago White Sox,6,3
2022-06-03,Texas Rangers,Seattle Mariners,3,4
2022-06-03,Kansas City Royals,Houston Astros,3,10
2022-06-03,Milwaukee Brewers,San Diego Padres,0,7
2022-06-03,Colorado Rockies,Atlanta Braves,1,3
2022-06-03,Oakland Athletics,Boston Red Sox,2,7
2022-06-03,Los Angeles Dodgers,New York Mets,6,1
2022-06-04,New York Yankees,Detroit Tigers,3,0
2022-06-04,Chicago Cubs,St. Louis Cardinals,6,1
2022-06-04,Chicago Cubs,St. Louis Cardinals,4,7
2022-06-04,Toronto Blue Jays,Minnesota Twins,12,3
2022-06-04,Baltimore Orioles,Cleveland Guardians,5,4
2022-06-04,Pittsburgh Pirates,Arizona Diamondbacks,2,1
2022-06-04,Texas Rangers,Seattle Mariners,3,2
2022-06-04,Oakland Athletics,Boston Red Sox,0,8
2022-06-04,Kansas City Royals,Houston Astros,6,0
2022-06-04,Cincinnati Reds,Washington Nationals,8,10
2022-06-04,Tampa Bay Rays,Chicago White Sox,2,3
2022-06-04,Miami Marlins,San Francisco Giants,5,4
2022-06-04,Milwaukee Brewers,San Diego Padres,0,4
2022-06-04,Philadelphia Phillies,Los Angeles Angels,7,2
2022-06-04,Colorado Rockies,Atlanta Braves,2,6
2022-06-04,Los Angeles Dodgers,New York Mets,4,9
2022-06-05,New York Yankees,Detroit Tigers,5,4
2022-06-05,Baltimore Orioles,Cleveland Guardians,2,3
2022-06-05,Pittsburgh Pirates,Arizona Diamondbacks,3,0
2022-06-05,Philadelphia Phillies,Los Angeles Angels,9,7
2022-06-05,Toronto Blue Jays,Minnesota Twins,6,8
2022-06-05,Cincinnati Reds,Washington Nationals,4,5
2022-06-05,Tampa Bay Rays,Chicago White Sox,5,6
2022-06-05,Miami Marlins,San Francisco Giants,1,5
2022-06-05,Kansas City Royals,Houston Astros,4,7
2022-06-05,Milwaukee Brewers,San Diego Padres,4,6
2022-06-05,Texas Rangers,Seattle Mariners,5,6
2022-06-05,Colorado Rockies,Atlanta Braves,7,8
2022-06-05,Oakland Athletics,Boston Red Sox,2,5
2022-06-05,Los Angeles Dodgers,New York Mets,4,5
2022-06-05,Chicago Cubs,St. Louis Cardinals,3,5
2022-06-06,Cincinnati Reds,Arizona Diamondbacks,7,0
2022-06-06,Houston Astros,Seattle Mariners,4,7
2022-06-06,Kansas City Royals,Toronto Blue Jays,0,8
2022-06-06,Los Angeles Angels,Boston Red Sox,0,1
2022-06-06,San Diego Padres,New York Mets,5,11
2022-06-06,Cleveland Guardians,Texas Rangers,0,0
2022-06-07,Cleveland Guardians,Texas Rangers,6,3
2022-06-07,Cleveland Guardians,Texas Rangers,3,6
2022-06-07,Cincinnati Reds,Arizona Diamondbacks,14,8
2022-06-07,Miami Marlins,Washington Nationals,12,2
2022-06-07,Baltimore Orioles,Chicago Cubs,9,3
2022-06-07,Pittsburgh Pirates,Detroit Tigers,3,5
2022-06-07,Tampa Bay Rays,St. Louis Cardinals,4,2
2022-06-07,Atlanta Braves,Oakland Athletics,3,2
2022-06-07,Minnesota Twins,New York Yankees,4,10
2022-06-07,Houston Astros,Seattle Mariners,4,1
2022-06-07,Kansas City Royals,Toronto Blue Jays,0,7
2022-06-07,Chicago White Sox,Los Angeles Dodgers,4,0
2022-06-07,Milwaukee Brewers,Philadelphia Phillies,2,3
2022-06-07,Los Angeles Angels,Boston Red Sox,5,6
2022-06-07,San Diego Padres,New York Mets,7,0
2022-06-07,San Francisco Giants,Colorado Rockies,3,5
2022-06-08,Pittsburgh Pirates,Detroit Tigers,1,3
2022-06-08,Kansas City Royals,Toronto Blue Jays,8,4
2022-06-08,Cincinnati Reds,Arizona Diamondbacks,0,7
2022-06-08,Houston Astros,Seattle Mariners,3,6
2022-06-08,Miami Marlins,Washington Nationals,2,1
2022-06-08,Tampa Bay Rays,St. Louis Cardinals,11,3
2022-06-08,Cleveland Guardians,Texas Rangers,4,0
2022-06-08,Atlanta Braves,Oakland Athletics,13,2
2022-06-08,Minnesota Twins,New York Yankees,8,1
2022-06-08,Chicago White Sox,Los Angeles Dodgers,1,4
2022-06-08,Milwaukee Brewers,Philadelphia Phillies,0,10
2022-06-08,Los Angeles Angels,Boston Red Sox,0,1
2022-06-08,San Diego Padres,New York Mets,13,2
2022-06-08,San Francisco Giants,Colorado Rockies,2,1
2022-06-08,Baltimore Orioles,Chicago Cubs,0,0
2022-06-09,Cincinnati Reds,Arizona Diamondbacks,4,5
2022-06-09,Tampa Bay Rays,St. Louis Cardinals,2,1
2022-06-09,Chicago White Sox,Los Angeles Dodgers,9,11
2022-06-09,Milwaukee Brewers,Philadelphia Phillies,3,8
2022-06-09,San Francisco Giants,Colorado Rockies,2,4
2022-06-09,Miami Marlins,Washington Nationals,7,4
2022-06-09,Cleveland Guardians,Oakland Athletics,8,4
2022-06-09,Atlanta Braves,Pittsburgh Pirates,3,1
2022-06-09,Minnesota Twins,New York Yankees,7,10
2022-06-09,Kansas City Royals,Baltimore Orioles,7,5
2022-06-09,Los Angeles Angels,Boston Red Sox,5,2
2022-06-10,Philadelphia Phillies,Arizona Diamondbacks,7,5
2022-06-10,New York Yankees,Chicago Cubs,2,1
2022-06-10,Washington Nationals,Milwaukee Brewers,11,5
2022-06-10,Cleveland Guardians,Oakland Athletics,3,2
2022-06-10,Detroit Tigers,Toronto Blue Jays,1,10
2022-06-10,Atlanta Braves,Pittsburgh Pirates,4,2
2022-06-10,Kansas City Royals,Baltimore Orioles,8,1
2022-06-10,Minnesota Twins,Tampa Bay Rays,9,4
2022-06-10,Chicago White Sox,Texas Rangers,8,3
2022-06-10,Houston Astros,Miami Marlins,4,7
2022-06-10,St. Louis Cardinals,Cincinnati Reds,2,0
2022-06-10,Los Angeles Angels,New York Mets,3,7
2022-06-10,San Diego Padres,Colorado Rockies,9,0
2022-06-10,Seattle Mariners,Boston Red Sox,3,4
2022-06-10,San Francisco Giants,Los Angeles Dodgers,7,2
2022-06-11,Minnesota Twins,Tampa Bay Rays,6,5
2022-06-11,Chicago White Sox,Texas Rangers,9,11
2022-06-11,St. Louis Cardinals,Cincinnati Reds,5,4
2022-06-11,Philadelphia Phillies,Arizona Diamondbacks,4,0
2022-06-11,Washington Nationals,Milwaukee Brewers,8,6
2022-06-11,Kansas City Royals,Baltimore Orioles,4,6
2022-06-11,Cleveland Guardians,Oakland Athletics,5,10
2022-06-11,San Diego Padres,Colorado Rockies,2,1
2022-06-11,San Diego Padres,Colorado Rockies,2,6
2022-06-11,Detroit Tigers,Toronto Blue Jays,3,1
2022-06-11,Atlanta Braves,Pittsburgh Pirates,10,4
2022-06-11,Houston Astros,Miami Marlins,1,5
2022-06-11,San Francisco Giants,Los Angeles Dodgers,3,2
2022-06-11,New York Yankees,Chicago Cubs,8,0
2022-06-11,Los Angeles Angels,New York Mets,11,6
2022-06-11,Seattle Mariners,Boston Red Sox,7,6
2022-06-12,Cleveland Guardians,Oakland Athletics,6,3
2022-06-12,Philadelphia Phillies,Arizona Diamondbacks,1,13
2022-06-12,Atlanta Braves,Pittsburgh Pirates,5,3
2022-06-12,New York Yankees,Chicago Cubs,18,4
2022-06-12,Washington Nationals,Milwaukee Brewers,1,4
2022-06-12,Detroit Tigers,Toronto Blue Jays,0,6
2022-06-12,Kansas City Royals,Baltimore Orioles,7,10
2022-06-12,Minnesota Twins,Tampa Bay Rays,0,6
2022-06-12,Chicago White Sox,Texas Rangers,6,8
2022-06-12,Houston Astros,Miami Marlins,9,4
2022-06-12,St. Louis Cardinals,Cincinnati Reds,6,7
2022-06-12,San Francisco Giants,Los Angeles Dodgers,2,0
2022-06-12,San Diego Padres,Colorado Rockies,2,4
2022-06-12,Seattle Mariners,Boston Red Sox,0,2
2022-06-12,Los Angeles Angels,New York Mets,1,4
2022-06-13,Washington Nationals,Atlanta Braves,5,9
2022-06-13,Philadelphia Phillies,Miami Marlins,3,2
2022-06-13,Toronto Blue Jays,Baltimore Orioles,11,1
2022-06-13,Detroit Tigers,Chicago White Sox,5,9
2022-06-13,St. Louis Cardinals,Pittsburgh Pirates,7,5
2022-06-13,Chicago Cubs,San Diego Padres,1,4
2022-06-13,Texas Rangers,Houston Astros,5,3
2022-06-13,Arizona Diamondbacks,Cincinnati Reds,4,5
2022-06-13,San Francisco Giants,Kansas City Royals,6,2
2022-06-13,Seattle Mariners,Minnesota Twins,2,3
2022-06-14,St. Louis Cardinals,Pittsburgh Pirates,3,1
2022-06-14,St. Louis Cardinals,Pittsburgh Pirates,9,1
2022-06-14,Washington Nationals,Atlanta Braves,4,10
2022-06-14,Philadelphia Phillies,Miami Marlins,9,11
2022-06-14,New York Yankees,Tampa Bay Rays,2,0
2022-06-14,Toronto Blue Jays,Baltimore Orioles,5,6
2022-06-14,Boston Red Sox,Oakland Athletics,6,1
2022-06-14,Detroit Tigers,Chicago White Sox,1,5
2022-06-14,New York Mets,Milwaukee Brewers,4,0
2022-06-14,Chicago Cubs,San Diego Padres,5,12
2022-06-14,Texas Rangers,Houston Astros,3,4
2022-06-14,Colorado Rockies,Cleveland Guardians,3,4
2022-06-14,Arizona Diamondbacks,Cincinnati Reds,3,5
2022-06-14,San Francisco Giants,Kansas City Royals,4,2
2022-06-14,Los Angeles Dodgers,Los Angeles Angels,2,0
2022-06-14,Seattle Mariners,Minnesota Twins,5,0
2022-06-15,Philadelphia Phillies,Miami Marlins,3,1
2022-06-15,Detroit Tigers,Chicago White Sox,0,13
2022-06-15,Texas Rangers,Houston Astros,2,9
2022-06-15,Arizona Diamondbacks,Cincinnati Reds,7,4
2022-06-15,San Francisco Giants,Kansas City Royals,2,3
2022-06-15,Seattle Mariners,Minnesota Twins,0,5
2022-06-15,Washington Nationals,Atlanta Braves,2,8
2022-06-15,New York Yankees,Tampa Bay Rays,4,3
2022-06-15,Toronto Blue Jays,Baltimore Orioles,7,6
2022-06-15,Boston Red Sox,Oakland Athletics,10,1
2022-06-15,New York Mets,Milwaukee Brewers,2,10
2022-06-15,St. Louis Cardinals,Pittsburgh Pirates,4,6
2022-06-15,Chicago Cubs,San Diego Padres,5,19
2022-06-15,Colorado Rockies,Cleveland Guardians,5,7
2022-06-15,Los Angeles Dodgers,Los Angeles Angels,4,1
2022-06-16,Boston Red Sox,Oakland Athletics,3,4
2022-06-16,Chicago Cubs,San Diego Padres,4,6
2022-06-16,Toronto Blue Jays,Baltimore Orioles,2,10
2022-06-16,Colorado Rockies,Cleveland Guardians,2,4
2022-06-16,Washington Nationals,Philadelphia Phillies,1,10
2022-06-16,New York Yankees,Tampa Bay Rays,2,1
2022-06-16,Detroit Tigers,Texas Rangers,1,3
2022-06-16,New York Mets,Milwaukee Brewers,5,4
2022-06-16,Seattle Mariners,Los Angeles Angels,1,4
2022-06-17,Washington Nationals,Philadelphia Phillies,3,5
2022-06-17,Washington Nationals,Philadelphia Phillies,7,8
2022-06-17,Chicago Cubs,Atlanta Braves,1,0
2022-06-17,Baltimore Orioles,Tampa Bay Rays,1,0
2022-06-17,Cincinnati Reds,Milwaukee Brewers,4,5
2022-06-17,Pittsburgh Pirates,San Francisco Giants,0,2
2022-06-17,Toronto Blue Jays,New York Yankees,3,12
2022-06-17,Boston Red Sox,St. Louis Cardinals,6,5
2022-06-17,Detroit Tigers,Texas Rangers,0,7
2022-06-17,New York Mets,Miami Marlins,10,4
2022-06-17,Houston Astros,Chicago White Sox,13,3
2022-06-17,Colorado Rockies,San Diego Padres,10,4
2022-06-17,Oakland Athletics,Kansas City Royals,1,5
2022-06-17,Arizona Diamondbacks,Minnesota Twins,7,2
2022-06-17,Los Angeles Dodgers,Cleveland Guardians,1,2
2022-06-17,Seattle Mariners,Los Angeles Angels,8,1
2022-06-18,Chicago Cubs,Atlanta Braves,6,3
2022-06-18,Toronto Blue Jays,New York Yankees,0,4
2022-06-18,Pittsburgh Pirates,San Francisco Giants,5,7
2022-06-18,Baltimore Orioles,Tampa Bay Rays,6,7
2022-06-18,Oakland Athletics,Kansas City Royals,0,2
2022-06-18,Seattle Mariners,Los Angeles Angels,2,4
2022-06-18,Seattle Mariners,Los Angeles Angels,0,3
2022-06-18,Detroit Tigers,Texas Rangers,14,7
2022-06-18,Houston Astros,Chicago White Sox,0,7
2022-06-18,New York Mets,Miami Marlins,3,2
2022-06-18,Cincinnati Reds,Milwaukee Brewers,3,7
2022-06-18,Washington Nationals,Philadelphia Phillies,1,2
2022-06-18,Los Angeles Dodgers,Cleveland Guardians,7,1
2022-06-18,Boston Red Sox,St. Louis Cardinals,2,11
2022-06-18,Colorado Rockies,San Diego Padres,5,4
2022-06-18,Arizona Diamondbacks,Minnesota Twins,1,11
2022-06-19,Washington Nationals,Philadelphia Phillies,9,3
2022-06-19,Pittsburgh Pirates,San Francisco Giants,4,3
2022-06-19,Boston Red Sox,St. Louis Cardinals,6,4
2022-06-19,Baltimore Orioles,Tampa Bay Rays,2,1
2022-06-19,Toronto Blue Jays,New York Yankees,10,9
2022-06-19,Detroit Tigers,Texas Rangers,7,3
2022-06-19,New York Mets,Miami Marlins,2,6
2022-06-19,Cincinnati Reds,Milwaukee Brewers,3,6
2022-06-19,Chicago Cubs,Atlanta Braves,0,6
2022-06-19,Colorado Rockies,San Diego Padres,8,3
2022-06-19,Oakland Athletics,Kansas City Royals,4,0
2022-06-19,Los Angeles Dodgers,Cleveland Guardians,3,5
2022-06-19,Seattle Mariners,Los Angeles Angels,0,4
2022-06-19,Arizona Diamondbacks,Minnesota Twins,7,1
2022-06-19,Houston Astros,Chicago White Sox,4,3
2022-06-20,New York Mets,Miami Marlins,6,0
2022-06-20,Pittsburgh Pirates,Chicago Cubs,12,1
2022-06-20,Boston Red Sox,Detroit Tigers,5,2
2022-06-20,Tampa Bay Rays,New York Yankees,2,4
2022-06-20,Atlanta Braves,San Francisco Giants,2,1
2022-06-20,Chicago White Sox,Toronto Blue Jays,8,7
2022-06-20,Milwaukee Brewers,St. Louis Cardinals,2,0
2022-06-20,Los Angeles Angels,Kansas City Royals,2,6
2022-06-20,San Diego Padres,Arizona Diamondbacks,4,1
2022-06-21,Cincinnati Reds,Los Angeles Dodgers,2,8
2022-06-21,Miami Marlins,Colorado Rockies,9,8
2022-06-21,Baltimore Orioles,Washington Nationals,0,3
2022-06-21,Pittsburgh Pirates,Chicago Cubs,7,1
2022-06-21,Boston Red Sox,Detroit Tigers,5,4
2022-06-21,Tampa Bay Rays,New York Yankees,5,4
2022-06-21,Atlanta Braves,San Francisco Giants,10,12
2022-06-21,Minnesota Twins,Cleveland Guardians,5,6
2022-06-21,Texas Rangers,Philadelphia Phillies,7,0
2022-06-21,Houston Astros,New York Mets,8,2
2022-06-21,Chicago White Sox,Toronto Blue Jays,7,6
2022-06-21,Milwaukee Brewers,St. Louis Cardinals,2,6
2022-06-21,Los Angeles Angels,Kansas City Royals,11,12
2022-06-21,San Diego Padres,Arizona Diamondbacks,3,2
2022-06-21,Oakland Athletics,Seattle Mariners,2,8
2022-06-22,Houston Astros,New York Mets,5,3
2022-06-22,Chicago White Sox,Toronto Blue Jays,5,9
2022-06-22,Texas Rangers,Philadelphia Phillies,4,2
2022-06-22,San Diego Padres,Arizona Diamondbacks,10,4
2022-06-22,Cincinnati Reds,Los Angeles Dodgers,4,8
2022-06-22,Miami Marlins,Colorado Rockies,7,4
2022-06-22,Baltimore Orioles,Washington Nationals,7,0
2022-06-22,Pittsburgh Pirates,Chicago Cubs,5,14
2022-06-22,Boston Red Sox,Detroit Tigers,6,2
2022-06-22,Tampa Bay Rays,New York Yankees,4,5
2022-06-22,Atlanta Braves,San Francisco Giants,4,3
2022-06-22,Minnesota Twins,Cleveland Guardians,10,11
2022-06-22,Milwaukee Brewers,St. Louis Cardinals,4,5
2022-06-22,Oakland Athletics,Seattle Mariners,0,9
2022-06-22,Los Angeles Angels,Kansas City Royals,5,0
2022-06-23,Miami Marlins,Colorado Rockies,3,2
2022-06-23,Atlanta Braves,San Francisco Giants,7,6
2022-06-23,Cincinnati Reds,Los Angeles Dodgers,5,10
2022-06-23,Pittsburgh Pirates,Chicago Cubs,8,7
2022-06-23,Minnesota Twins,Cleveland Guardians,1,0
2022-06-23,Milwaukee Brewers,St. Louis Cardinals,6,4
2022-06-23,Oakland Athletics,Seattle Mariners,1,2
2022-06-23,New York Yankees,Houston Astros,7,6
2022-06-23,Chicago White Sox,Baltimore Orioles,0,4
2022-06-23,San Diego Padres,Philadelphia Phillies,2,6
2022-06-24,Miami Marlins,New York Mets,3,5
2022-06-24,New York Yankees,Houston Astros,1,3
2022-06-24,Cleveland Guardians,Boston Red Sox,3,6
2022-06-24,Tampa Bay Rays,Pittsburgh Pirates,4,3
2022-06-24,Atlanta Braves,Los Angeles Dodgers,1,4
2022-06-24,Texas Rangers,Washington Nationals,1,2
2022-06-24,Kansas City Royals,Oakland Athletics,3,1
2022-06-24,Minnesota Twins,Colorado Rockies,0,1
2022-06-24,Chicago White Sox,Baltimore Orioles,1,4
2022-06-24,Milwaukee Brewers,Toronto Blue Jays,4,9
2022-06-24,St. Louis Cardinals,Chicago Cubs,0,3
2022-06-24,Los Angeles Angels,Seattle Mariners,3,4
2022-06-24,Arizona Diamondbacks,Detroit Tigers,1,5
2022-06-24,San Diego Padres,Philadelphia Phillies,1,0
2022-06-24,San Francisco Giants,Cincinnati Reds,2,4
2022-06-25,New York Yankees,Houston Astros,0,3
2022-06-25,Tampa Bay Rays,Pittsburgh Pirates,6,5
2022-06-25,Chicago White Sox,Baltimore Orioles,2,6
2022-06-25,St. Louis Cardinals,Chicago Cubs,5,3
2022-06-25,Texas Rangers,Washington Nationals,3,2
2022-06-25,Kansas City Royals,Oakland Athletics,7,9
2022-06-25,Miami Marlins,New York Mets,3,5
2022-06-25,Milwaukee Brewers,Toronto Blue Jays,5,4
2022-06-25,Cleveland Guardians,Boston Red Sox,2,4
2022-06-25,San Francisco Giants,Cincinnati Reds,9,2
2022-06-25,Minnesota Twins,Colorado Rockies,6,0
2022-06-25,Atlanta Braves,Los Angeles Dodgers,5,3
2022-06-25,Los Angeles Angels,Seattle Mariners,3,5
2022-06-25,Arizona Diamondbacks,Detroit Tigers,3,6
2022-06-25,San Diego Padres,Philadelphia Phillies,2,4
2022-06-26,Miami Marlins,New York Mets,3,2
2022-06-26,New York Yankees,Houston Astros,6,3
2022-06-26,Cleveland Guardians,Boston Red Sox,3,8
2022-06-26,Tampa Bay Rays,Pittsburgh Pirates,4,2
2022-06-26,Kansas City Royals,Oakland Athletics,3,5
2022-06-26,Minnesota Twins,Colorado Rockies,6,3
2022-06-26,Chicago White Sox,Baltimore Orioles,4,3
2022-06-26,Milwaukee Brewers,Toronto Blue Jays,10,3
2022-06-26,St. Louis Cardinals,Chicago Cubs,5,6
2022-06-26,Texas Rangers,Washington Nationals,4,6
2022-06-26,San Francisco Giants,Cincinnati Reds,3,10
2022-06-26,Los Angeles Angels,Seattle Mariners,2,1
2022-06-26,Arizona Diamondbacks,Detroit Tigers,11,7
2022-06-26,San Diego Padres,Philadelphia Phillies,5,8
2022-06-26,Atlanta Braves,Los Angeles Dodgers,3,5
2022-06-27,Washington Nationals,Pittsburgh Pirates,3,2
2022-06-27,New York Yankees,Oakland Athletics,9,5
2022-06-27,Toronto Blue Jays,Boston Red Sox,7,2
2022-06-27,Cleveland Guardians,Minnesota Twins,1,11
2022-06-27,St. Louis Cardinals,Miami Marlins,9,0
2022-06-27,Kansas City Royals,Texas Rangers,4,10
2022-06-27,Colorado Rockies,Los Angeles Dodgers,4,0
2022-06-27,Los Angeles Angels,Chicago White Sox,4,3
2022-06-27,Seattle Mariners,Baltimore Orioles,2,9
2022-06-28,Cleveland Guardians,Minnesota Twins,3,2
2022-06-28,Cleveland Guardians,Minnesota Twins,0,6
2022-06-28,Washington Nationals,Pittsburgh Pirates,3,1
2022-06-28,Philadelphia Phillies,Atlanta Braves,3,5
2022-06-28,New York Yankees,Oakland Athletics,2,1
2022-06-28,Toronto Blue Jays,Boston Red Sox,6,5
2022-06-28,New York Mets,Houston Astros,1,9
2022-06-28,Tampa Bay Rays,Milwaukee Brewers,3,5
2022-06-28,St. Louis Cardinals,Miami Marlins,5,3
2022-06-28,Chicago Cubs,Cincinnati Reds,3,5
2022-06-28,Kansas City Royals,Texas Rangers,3,8
2022-06-28,Colorado Rockies,Los Angeles Dodgers,7,4
2022-06-28,Los Angeles Angels,Chicago White Sox,4,11
2022-06-28,Arizona Diamondbacks,San Diego Padres,7,6
2022-06-28,San Francisco Giants,Detroit Tigers,4,3
2022-06-28,Seattle Mariners,Baltimore Orioles,2,0
2022-06-29,Tampa Bay Rays,Milwaukee Brewers,3,5
2022-06-29,Washington Nationals,Pittsburgh Pirates,7,8
2022-06-29,New York Yankees,Oakland Athletics,5,3
2022-06-29,New York Mets,Houston Astros,0,2
2022-06-29,Kansas City Royals,Texas Rangers,2,1
2022-06-29,Arizona Diamondbacks,San Diego Padres,0,4
2022-06-29,San Francisco Giants,Detroit Tigers,2,3
2022-06-29,Seattle Mariners,Baltimore Orioles,9,3
2022-06-29,Philadelphia Phillies,Atlanta Braves,1,4
2022-06-29,Toronto Blue Jays,Boston Red Sox,5,6
2022-06-29,Cleveland Guardians,Minnesota Twins,7,6
2022-06-29,St. Louis Cardinals,Miami Marlins,3,4
2022-06-29,Chicago Cubs,Cincinnati Reds,8,3
2022-06-29,Colorado Rockies,Los Angeles Dodgers,4,8
2022-06-29,Los Angeles Angels,Chicago White Sox,4,1
2022-06-30,Cleveland Guardians,Minnesota Twins,5,3
2022-06-30,Philadelphia Phillies,Atlanta Braves,14,4
2022-06-30,Houston Astros,New York Yankees,2,1
2022-06-30,Pittsburgh Pirates,Milwaukee Brewers,8,7
2022-06-30,Toronto Blue Jays,Tampa Bay Rays,4,1
2022-06-30,Chicago Cubs,Cincinnati Reds,15,7
2022-06-30,Los Angeles Dodgers,San Diego Padres,3,1
2022-06-30,Seattle Mariners,Oakland Athletics,8,6
2022-07-01,Chicago Cubs,Boston Red Sox,6,5
2022-07-01,Toronto Blue Jays,Tampa Bay Rays,9,2
2022-07-01,Philadelphia Phillies,St. Louis Cardinals,5,3
2022-07-01,Washington Nationals,Miami Marlins,3,6
2022-07-01,Cincinnati Reds,Atlanta Braves,1,9
2022-07-01,Pittsburgh Pirates,Milwaukee Brewers,2,19
2022-07-01,Detroit Tigers,Kansas City Royals,1,3
2022-07-01,New York Mets,Texas Rangers,4,3
2022-07-01,Colorado Rockies,Arizona Diamondbacks,3,9
2022-07-01,Houston Astros,Los Angeles Angels,8,1
2022-07-01,Minnesota Twins,Baltimore Orioles,3,2
2022-07-01,Los Angeles Dodgers,San Diego Padres,5,1
2022-07-01,Seattle Mariners,Oakland Athletics,1,3
2022-07-01,San Francisco Giants,Chicago White Sox,0,1
2022-07-01,Cleveland Guardians,New York Yankees,0,0
2022-07-02,Toronto Blue Jays,Tampa Bay Rays,2,6
2022-07-02,Toronto Blue Jays,Tampa Bay Rays,5,11
2022-07-02,Cleveland Guardians,New York Yankees,4,13
2022-07-02,Cleveland Guardians,New York Yankees,1,6
2022-07-02,Minnesota Twins,Baltimore Orioles,4,3
2022-07-02,Philadelphia Phillies,St. Louis Cardinals,6,7
2022-07-02,San Francisco Giants,Chicago White Sox,3,5
2022-07-02,Washington Nationals,Miami Marlins,3,5
2022-07-02,Pittsburgh Pirates,Milwaukee Brewers,7,4
2022-07-02,Houston Astros,Los Angeles Angels,9,1
2022-07-02,Detroit Tigers,Kansas City Royals,4,3
2022-07-02,Seattle Mariners,Oakland Athletics,2,1
2022-07-02,New York Mets,Texas Rangers,3,7
2022-07-02,Cincinnati Reds,Atlanta Braves,1,4
2022-07-02,Chicago Cubs,Boston Red Sox,3,1
2022-07-02,Los Angeles Dodgers,San Diego Padres,7,2
2022-07-02,Colorado Rockies,Arizona Diamondbacks,11,7
2022-07-03,Detroit Tigers,Kansas City Royals,4,7
2022-07-03,Washington Nationals,Miami Marlins,4,7
2022-07-03,Pittsburgh Pirates,Milwaukee Brewers,0,2
2022-07-03,Toronto Blue Jays,Tampa Bay Rays,3,7
2022-07-03,New York Mets,Texas Rangers,4,1
2022-07-03,Cincinnati Reds,Atlanta Braves,4,3
2022-07-03,Cleveland Guardians,New York Yankees,2,0
2022-07-03,Houston Astros,Los Angeles Angels,4,2
2022-07-03,Minnesota Twins,Baltimore Orioles,1,3
2022-07-03,Chicago Cubs,Boston Red Sox,2,4
2022-07-03,Colorado Rockies,Arizona Diamondbacks,6,5
2022-07-03,San Francisco Giants,Chicago White Sox,4,13
2022-07-03,Los Angeles Dodgers,San Diego Padres,2,4
2022-07-03,Seattle Mariners,Oakland Athletics,2,1
2022-07-03,Philadelphia Phillies,St. Louis Cardinals,4,0
2022-07-04,Washington Nationals,Miami Marlins,2,3
2022-07-04,Baltimore Orioles,Texas Rangers,7,6
2022-07-04,Detroit Tigers,Cleveland Guardians,4,1
2022-07-04,Detroit Tigers,Cleveland Guardians,5,3
2022-07-04,Boston Red Sox,Tampa Bay Rays,4,0
2022-07-04,Houston Astros,Kansas City Royals,7,6
2022-07-04,Milwaukee Brewers,Chicago Cubs,5,2
2022-07-04,Arizona Diamondbacks,San Francisco Giants,8,3
2022-07-04,Cincinnati Reds,New York Mets,4,7
2022-07-04,San Diego Padres,Seattle Mariners,2,8
2022-07-04,Atlanta Braves,St. Louis Cardinals,6,3
2022-07-04,Chicago White Sox,Minnesota Twins,3,6
2022-07-04,Oakland Athletics,Toronto Blue Jays,5,1
2022-07-04,Los Angeles Dodgers,Colorado Rockies,5,3
2022-07-05,San Diego Padres,Seattle Mariners,2,6
2022-07-05,Cincinnati Reds,New York Mets,1,0
2022-07-05,Miami Marlins,Los Angeles Angels,2,1
2022-07-05,Baltimore Orioles,Texas Rangers,10,9
2022-07-05,Philadelphia Phillies,Washington Nationals,11,0
2022-07-05,Pittsburgh Pirates,New York Yankees,5,2
2022-07-05,Detroit Tigers,Cleveland Guardians,11,4
2022-07-05,Boston Red Sox,Tampa Bay Rays,4,8
2022-07-05,Atlanta Braves,St. Louis Cardinals,7,1
2022-07-05,Houston Astros,Kansas City Royals,9,7
2022-07-05,Chicago White Sox,Minnesota Twins,2,8
2022-07-05,Milwaukee Brewers,Chicago Cubs,3,8
2022-07-05,Arizona Diamondbacks,San Francisco Giants,6,2
2022-07-05,Oakland Athletics,Toronto Blue Jays,5,3
2022-07-05,Los Angeles Dodgers,Colorado Rockies,5,2
2022-07-06,Detroit Tigers,Cleveland Guardians,8,2
2022-07-06,Chicago White Sox,Minnesota Twins,9,8
2022-07-06,Milwaukee Brewers,Chicago Cubs,1,2
2022-07-06,Oakland Athletics,Toronto Blue Jays,1,2
2022-07-06,Cincinnati Reds,New York Mets,3,8
2022-07-06,Miami Marlins,Los Angeles Angels,2,5
2022-07-06,Baltimore Orioles,Texas Rangers,2,1
2022-07-06,Philadelphia Phillies,Washington Nationals,2,3
2022-07-06,Pittsburgh Pirates,New York Yankees,0,16
2022-07-06,Boston Red Sox,Tampa Bay Rays,1,7
2022-07-06,Atlanta Braves,St. Louis Cardinals,3,0
2022-07-06,Houston Astros,Kansas City Royals,4,7
2022-07-06,Arizona Diamondbacks,San Francisco Giants,5,7
2022-07-06,Los Angeles Dodgers,Colorado Rockies,2,1
2022-07-07,Houston Astros,Kansas City Royals,5,2
2022-07-07,Cincinnati Reds,Pittsburgh Pirates,2,4
2022-07-07,Cincinnati Reds,Pittsburgh Pirates,5,1
2022-07-07,Philadelphia Phillies,Washington Nationals,5,3
2022-07-07,Baltimore Orioles,Los Angeles Angels,4,1
2022-07-07,New York Mets,Miami Marlins,10,0
2022-07-07,Boston Red Sox,New York Yankees,5,6
2022-07-07,Atlanta Braves,St. Louis Cardinals,2,3
2022-07-07,Chicago White Sox,Detroit Tigers,1,2
2022-07-07,Arizona Diamondbacks,Colorado Rockies,3,4
2022-07-07,San Diego Padres,San Francisco Giants,2,1
2022-07-07,Los Angeles Dodgers,Chicago Cubs,5,3
2022-07-07,Seattle Mariners,Toronto Blue Jays,8,3
2022-07-08,Cincinnati Reds,Tampa Bay Rays,2,1
2022-07-08,Baltimore Orioles,Los Angeles Angels,5,4
2022-07-08,New York Mets,Miami Marlins,2,5
2022-07-08,Boston Red Sox,New York Yankees,5,12
2022-07-08,Atlanta Braves,Washington Nationals,12,2
2022-07-08,Texas Rangers,Minnesota Twins,6,5
2022-07-08,Kansas City Royals,Cleveland Guardians,4,3
2022-07-08,Chicago White Sox,Detroit Tigers,5,7
2022-07-08,Milwaukee Brewers,Pittsburgh Pirates,4,3
2022-07-08,St. Louis Cardinals,Philadelphia Phillies,0,2
2022-07-08,Arizona Diamondbacks,Colorado Rockies,5,6
2022-07-08,Oakland Athletics,Houston Astros,3,8
2022-07-08,San Diego Padres,San Francisco Giants,6,3
2022-07-08,Los Angeles Dodgers,Chicago Cubs,4,3
2022-07-08,Seattle Mariners,Toronto Blue Jays,5,2
2022-07-09,Chicago White Sox,Detroit Tigers,8,0
2022-07-09,St. Louis Cardinals,Philadelphia Phillies,0,1
2022-07-09,Baltimore Orioles,Los Angeles Angels,1,0
2022-07-09,Texas Rangers,Minnesota Twins,9,7
2022-07-09,Oakland Athletics,Houston Astros,3,2
2022-07-09,Arizona Diamondbacks,Colorado Rockies,9,2
2022-07-09,Kansas City Royals,Cleveland Guardians,1,13
2022-07-09,Cincinnati Reds,Tampa Bay Rays,5,4
2022-07-09,Atlanta Braves,Washington Nationals,4,3
2022-07-09,New York Mets,Miami Marlins,5,4
2022-07-09,Milwaukee Brewers,Pittsburgh Pirates,3,4
2022-07-09,San Diego Padres,San Francisco Giants,1,3
2022-07-09,Boston Red Sox,New York Yankees,6,5
2022-07-09,Los Angeles Dodgers,Chicago Cubs,4,2
2022-07-09,Seattle Mariners,Toronto Blue Jays,2,1
2022-07-10,Baltimore Orioles,Los Angeles Angels,9,5
2022-07-10,Atlanta Braves,Washington Nationals,4,3
2022-07-10,Cincinnati Reds,Tampa Bay Rays,10,5
2022-07-10,New York Mets,Miami Marlins,0,2
2022-07-10,Kansas City Royals,Cleveland Guardians,5,1
2022-07-10,Chicago White Sox,Detroit Tigers,4,2
2022-07-10,Milwaukee Brewers,Pittsburgh Pirates,6,8
2022-07-10,St. Louis Cardinals,Philadelphia Phillies,4,3
2022-07-10,Texas Rangers,Minnesota Twins,5,6
2022-07-10,Oakland Athletics,Houston Astros,1,6
2022-07-10,Arizona Diamondbacks,Colorado Rockies,2,3
2022-07-10,Los Angeles Dodgers,Chicago Cubs,11,9
2022-07-10,San Diego Padres,San Francisco Giants,0,12
2022-07-10,Seattle Mariners,Toronto Blue Jays,6,5
2022-07-10,Boston Red Sox,New York Yankees,11,6
2022-07-11,Kansas City Royals,Detroit Tigers,3,1
2022-07-11,Kansas City Royals,Detroit Tigers,7,3
2022-07-11,Miami Marlins,Pittsburgh Pirates,1,5
2022-07-11,Tampa Bay Rays,Boston Red Sox,10,5
2022-07-11,Cleveland Guardians,Chicago White Sox,8,4
2022-07-11,St. Louis Cardinals,Philadelphia Phillies,6,1
2022-07-11,Atlanta Braves,New York Mets,1,4
2022-07-11,Texas Rangers,Oakland Athletics,10,8
2022-07-11,Colorado Rockies,San Diego Padres,5,6
2022-07-11,San Francisco Giants,Arizona Diamondbacks,3,4
2022-07-12,Cleveland Guardians,Chicago White Sox,4,1
2022-07-12,Cleveland Guardians,Chicago White Sox,0,7
2022-07-12,Miami Marlins,Pittsburgh Pirates,2,3
2022-07-12,New York Yankees,Cincinnati Reds,3,4
2022-07-12,Toronto Blue Jays,Philadelphia Phillies,4,3
2022-07-12,Tampa Bay Rays,Boston Red Sox,3,2
2022-07-12,Atlanta Braves,New York Mets,4,1
2022-07-12,Minnesota Twins,Milwaukee Brewers,3,6
2022-07-12,St. Louis Cardinals,Los Angeles Dodgers,7,6
2022-07-12,Chicago Cubs,Baltimore Orioles,2,4
2022-07-12,Texas Rangers,Oakland Athletics,7,14
2022-07-12,Kansas City Royals,Detroit Tigers,5,7
2022-07-12,Colorado Rockies,San Diego Padres,5,3
2022-07-12,Los Angeles Angels,Houston Astros,5,6
2022-07-12,San Francisco Giants,Arizona Diamondbacks,13,0
2022-07-12,Washington Nationals,Seattle Mariners,0,0
2022-07-13,Washington Nationals,Seattle Mariners,4,6
2022-07-13,Washington Nationals,Seattle Mariners,1,2
2022-07-13,Atlanta Braves,New York Mets,3,7
2022-07-13,Minnesota Twins,Milwaukee Brewers,4,1
2022-07-13,Kansas City Royals,Detroit Tigers,5,2
2022-07-13,San Francisco Giants,Arizona Diamondbacks,4,3
2022-07-13,Miami Marlins,Pittsburgh Pirates,5,4
2022-07-13,New York Yankees,Cincinnati Reds,7,6
2022-07-13,Toronto Blue Jays,Philadelphia Phillies,8,2
2022-07-13,Tampa Bay Rays,Boston Red Sox,4,1
2022-07-13,Cleveland Guardians,Chicago White Sox,1,2
2022-07-13,St. Louis Cardinals,Los Angeles Dodgers,6,7
2022-07-13,Chicago Cubs,Baltimore Orioles,1,7
2022-07-13,Texas Rangers,Oakland Athletics,5,2
2022-07-13,Colorado Rockies,San Diego Padres,10,6
2022-07-13,Los Angeles Angels,Houston Astros,7,1
2022-07-14,Miami Marlins,Pittsburgh Pirates,3,2
2022-07-14,Colorado Rockies,San Diego Padres,8,5
2022-07-14,Washington Nationals,Atlanta Braves,4,5
2022-07-14,New York Yankees,Cincinnati Reds,6,7
2022-07-14,Toronto Blue Jays,Kansas City Royals,1,3
2022-07-14,Cleveland Guardians,Detroit Tigers,4,0
2022-07-14,Tampa Bay Rays,Boston Red Sox,5,4
2022-07-14,St. Louis Cardinals,Los Angeles Dodgers,0,4
2022-07-14,Minnesota Twins,Chicago White Sox,2,12
2022-07-14,Chicago Cubs,New York Mets,0,8
2022-07-14,Texas Rangers,Seattle Mariners,5,6
2022-07-14,Los Angeles Angels,Houston Astros,2,3
2022-07-14,San Francisco Giants,Milwaukee Brewers,2,3
2022-07-15,Miami Marlins,Philadelphia Phillies,1,2
2022-07-15,Washington Nationals,Atlanta Braves,4,8
2022-07-15,New York Yankees,Boston Red Sox,4,5
2022-07-15,Toronto Blue Jays,Kansas City Royals,8,1
2022-07-15,Cleveland Guardians,Detroit Tigers,6,5
2022-07-15,Tampa Bay Rays,Baltimore Orioles,5,4
2022-07-15,Texas Rangers,Seattle Mariners,3,8
2022-07-15,Houston Astros,Oakland Athletics,1,5
2022-07-15,Minnesota Twins,Chicago White Sox,2,6
2022-07-15,St. Louis Cardinals,Cincinnati Reds,7,3
2022-07-15,Colorado Rockies,Pittsburgh Pirates,13,2
2022-07-15,Los Angeles Angels,Los Angeles Dodgers,1,9
2022-07-15,San Diego Padres,Arizona Diamondbacks,5,3
2022-07-15,San Francisco Giants,Milwaukee Brewers,8,5
2022-07-15,Chicago Cubs,New York Mets,0,0
2022-07-16,Minnesota Twins,Chicago White Sox,6,3
2022-07-16,St. Louis Cardinals,Cincinnati Reds,11,3
2022-07-16,Chicago Cubs,New York Mets,1,2
2022-07-16,Chicago Cubs,New York Mets,3,4
2022-07-16,Toronto Blue Jays,Kansas City Royals,6,5
2022-07-16,Colorado Rockies,Pittsburgh Pirates,2,0
2022-07-16,Texas Rangers,Seattle Mariners,2,3
2022-07-16,Washington Nationals,Atlanta Braves,3,6
2022-07-16,Cleveland Guardians,Detroit Tigers,10,0
2022-07-16,Houston Astros,Oakland Athletics,5,0
2022-07-16,Tampa Bay Rays,Baltimore Orioles,4,6
2022-07-16,Miami Marlins,Philadelphia Phillies,0,10
2022-07-16,New York Yankees,Boston Red Sox,14,1
2022-07-16,San Francisco Giants,Milwaukee Brewers,2,1
2022-07-16,San Diego Padres,Arizona Diamondbacks,4,3
2022-07-16,Los Angeles Angels,Los Angeles Dodgers,1,7
2022-07-17,Toronto Blue Jays,Kansas City Royals,4,2
2022-07-17,Washington Nationals,Atlanta Braves,7,3
2022-07-17,New York Yankees,Boston Red Sox,13,2
2022-07-17,Tampa Bay Rays,Baltimore Orioles,7,5
2022-07-17,Miami Marlins,Philadelphia Phillies,0,4
2022-07-17,Houston Astros,Oakland Athletics,3,4
2022-07-17,Minnesota Twins,Chicago White Sox,0,11
2022-07-17,Chicago Cubs,New York Mets,3,2
2022-07-17,Texas Rangers,Seattle Mariners,2,6
2022-07-17,Colorado Rockies,Pittsburgh Pirates,3,8
2022-07-17,San Francisco Giants,Milwaukee Brewers,9,5
2022-07-17,San Diego Padres,Arizona Diamondbacks,1,3
2022-07-17,Cleveland Guardians,Detroit Tigers,0,0
2022-07-17,St. Louis Cardinals,Cincinnati Reds,0,0
2022-07-21,Miami Marlins,Texas Rangers,0,8
2022-07-21,Houston Astros,New York Yankees,3,2
2022-07-21,Houston Astros,New York Yankees,7,5
2022-07-21,Oakland Athletics,Detroit Tigers,2,7
2022-07-21,Oakland Athletics,Detroit Tigers,5,0
2022-07-21,Los Angeles Dodgers,San Francisco Giants,9,6
2022-07-22,Cincinnati Reds,St. Louis Cardinals,9,5
2022-07-22,Philadelphia Phillies,Chicago Cubs,2,15
2022-07-22,Pittsburgh Pirates,Miami Marlins,1,8
2022-07-22,Baltimore Orioles,New York Yankees,6,7
2022-07-22,New York Mets,San Diego Padres,1,4
2022-07-22,Boston Red Sox,Toronto Blue Jays,5,28
2022-07-22,Atlanta Braves,Los Angeles Angels,8,1
2022-07-22,Kansas City Royals,Tampa Bay Rays,3,7
2022-07-22,Chicago White Sox,Cleveland Guardians,2,8
2022-07-22,Milwaukee Brewers,Colorado Rockies,6,5
2022-07-22,Arizona Diamondbacks,Washington Nationals,10,1
2022-07-22,Oakland Athletics,Texas Rangers,5,4
2022-07-22,Seattle Mariners,Houston Astros,2,5
2022-07-22,Los Angeles Dodgers,San Francisco Giants,5,1
2022-07-23,Chicago White Sox,Cleveland Guardians,4,7
2022-07-23,Chicago White Sox,Cleveland Guardians,5,4
2022-07-23,Seattle Mariners,Houston Astros,1,3
2022-07-23,Boston Red Sox,Toronto Blue Jays,1,4
2022-07-23,Philadelphia Phillies,Chicago Cubs,2,6
2022-07-23,Detroit Tigers,Minnesota Twins,4,8
2022-07-23,Cincinnati Reds,St. Louis Cardinals,3,6
2022-07-23,Pittsburgh Pirates,Miami Marlins,1,0
2022-07-23,Baltimore Orioles,New York Yankees,6,3
2022-07-23,New York Mets,San Diego Padres,1,2
2022-07-23,Kansas City Royals,Tampa Bay Rays,6,3
2022-07-23,Milwaukee Brewers,Colorado Rockies,9,4
2022-07-23,Los Angeles Dodgers,San Francisco Giants,4,2
2022-07-23,Atlanta Braves,Los Angeles Angels,7,2
2022-07-23,Arizona Diamondbacks,Washington Nationals,7,2
2022-07-23,Oakland Athletics,Texas Rangers,3,1
2022-07-24,Philadelphia Phillies,Chicago Cubs,3,4
2022-07-24,Boston Red Sox,Toronto Blue Jays,4,8
2022-07-24,Atlanta Braves,Los Angeles Angels,1,9
2022-07-24,Pittsburgh Pirates,Miami Marlins,5,6
2022-07-24,Baltimore Orioles,New York Yankees,0,6
2022-07-24,Cincinnati Reds,St. Louis Cardinals,6,3
2022-07-24,Detroit Tigers,Minnesota Twins,1,9
2022-07-24,Kansas City Royals,Tampa Bay Rays,4,2
2022-07-24,Chicago White Sox,Cleveland Guardians,6,3
2022-07-24,Milwaukee Brewers,Colorado Rockies,10,9
2022-07-24,Oakland Athletics,Texas Rangers,8,11
2022-07-24,Arizona Diamondbacks,Washington Nationals,3,4
2022-07-24,Seattle Mariners,Houston Astros,5,8
2022-07-24,Los Angeles Dodgers,San Francisco Giants,7,4
2022-07-24,New York Mets,San Diego Padres,8,5
2022-07-25,Cincinnati Reds,Miami Marlins,11,2
2022-07-25,Baltimore Orioles,Tampa Bay Rays,5,1
2022-07-25,Philadelphia Phillies,Atlanta Braves,6,4
2022-07-25,Boston Red Sox,Cleveland Guardians,3,1
2022-07-25,Detroit Tigers,San Diego Padres,12,4
2022-07-25,Chicago Cubs,Pittsburgh Pirates,3,2
2022-07-25,Kansas City Royals,Los Angeles Angels,7,0
2022-07-25,Milwaukee Brewers,Colorado Rockies,0,2
2022-07-25,Oakland Athletics,Houston Astros,7,5
2022-07-25,Arizona Diamondbacks,San Francisco Giants,7,0
2022-07-25,Los Angeles Dodgers,Washington Nationals,1,4
2022-07-25,Seattle Mariners,Texas Rangers,4,3
2022-07-26,Chicago Cubs,Pittsburgh Pirates,4,2
2022-07-26,Cincinnati Reds,Miami Marlins,1,2
2022-07-26,Baltimore Orioles,Tampa Bay Rays,5,3
2022-07-26,Philadelphia Phillies,Atlanta Braves,3,6
2022-07-26,Toronto Blue Jays,St. Louis Cardinals,10,3
2022-07-26,Boston Red Sox,Cleveland Guardians,3,8
2022-07-26,Detroit Tigers,San Diego Padres,4,6
2022-07-26,New York Mets,New York Yankees,6,3
2022-07-26,Kansas City Royals,Los Angeles Angels,0,6
2022-07-26,Milwaukee Brewers,Minnesota Twins,7,6
2022-07-26,Colorado Rockies,Chicago White Sox,1,2
2022-07-26,Oakland Athletics,Houston Astros,5,3
2022-07-26,Arizona Diamondbacks,San Francisco Giants,7,3
2022-07-26,Los Angeles Dodgers,Washington Nationals,3,8
2022-07-26,Seattle Mariners,Texas Rangers,5,4
2022-07-27,Philadelphia Phillies,Atlanta Braves,7,2
2022-07-27,Detroit Tigers,San Diego Padres,4,3
2022-07-27,Kansas City Royals,Los Angeles Angels,0,4
2022-07-27,Milwaukee Brewers,Minnesota Twins,10,4
2022-07-27,Los Angeles Dodgers,Washington Nationals,7,1
2022-07-27,Colorado Rockies,Chicago White Sox,6,5
2022-07-27,Oakland Athletics,Houston Astros,4,2
2022-07-27,Arizona Diamondbacks,San Francisco Giants,5,3
2022-07-27,Seattle Mariners,Texas Rangers,4,2
2022-07-27,Cincinnati Reds,Miami Marlins,5,3
2022-07-27,Baltimore Orioles,Tampa Bay Rays,4,6
2022-07-27,Toronto Blue Jays,St. Louis Cardinals,1,6
2022-07-27,Boston Red Sox,Cleveland Guardians,6,7
2022-07-27,New York Mets,New York Yankees,3,2
2022-07-28,Baltimore Orioles,Tampa Bay Rays,3,0
2022-07-28,Cincinnati Reds,Miami Marlins,6,7
2022-07-28,Pittsburgh Pirates,Philadelphia Phillies,7,8
2022-07-28,New York Yankees,Kansas City Royals,1,0
2022-07-28,Toronto Blue Jays,Detroit Tigers,5,3
2022-07-28,Boston Red Sox,Cleveland Guardians,4,2
2022-07-28,Houston Astros,Seattle Mariners,4,2
2022-07-28,Colorado Rockies,Los Angeles Dodgers,0,13
2022-07-28,Los Angeles Angels,Texas Rangers,0,2
2022-07-28,San Francisco Giants,Chicago Cubs,4,2
2022-07-29,Cincinnati Reds,Baltimore Orioles,2,6
2022-07-29,Miami Marlins,New York Mets,4,6
2022-07-29,Washington Nationals,St. Louis Cardinals,2,6
2022-07-29,Pittsburgh Pirates,Philadelphia Phillies,2,4
2022-07-29,New York Yankees,Kansas City Royals,11,5
2022-07-29,Toronto Blue Jays,Detroit Tigers,2,4
2022-07-29,Tampa Bay Rays,Cleveland Guardians,1,4
2022-07-29,Boston Red Sox,Milwaukee Brewers,1,4
2022-07-29,Atlanta Braves,Arizona Diamondbacks,5,2
2022-07-29,Houston Astros,Seattle Mariners,11,1
2022-07-29,Chicago White Sox,Oakland Athletics,3,7
2022-07-29,Colorado Rockies,Los Angeles Dodgers,4,5
2022-07-29,Los Angeles Angels,Texas Rangers,2,7
2022-07-29,San Diego Padres,Minnesota Twins,10,1
2022-07-29,San Francisco Giants,Chicago Cubs,2,4
2022-07-30,Tampa Bay Rays,Cleveland Guardians,6,4
2022-07-30,New York Yankees,Kansas City Royals,8,2
2022-07-30,Toronto Blue Jays,Detroit Tigers,5,3
2022-07-30,Boston Red Sox,Milwaukee Brewers,4,9
2022-07-30,Miami Marlins,New York Mets,0,4
2022-07-30,Cincinnati Reds,Baltimore Orioles,8,2
2022-07-30,Houston Astros,Seattle Mariners,4,5
2022-07-30,Washington Nationals,St. Louis Cardinals,7,6
2022-07-30,San Diego Padres,Minnesota Twins,4,7
2022-07-30,Pittsburgh Pirates,Philadelphia Phillies,1,2
2022-07-30,Chicago White Sox,Oakland Athletics,3,2
2022-07-30,Atlanta Braves,Arizona Diamondbacks,6,2
2022-07-30,Colorado Rockies,Los Angeles Dodgers,5,3
2022-07-30,San Francisco Giants,Chicago Cubs,5,4
2022-07-30,Los Angeles Angels,Texas Rangers,9,7
2022-07-31,Toronto Blue Jays,Detroit Tigers,4,1
2022-07-31,Washington Nationals,St. Louis Cardinals,0,5
2022-07-31,Pittsburgh Pirates,Philadelphia Phillies,2,8
2022-07-31,Atlanta Braves,Arizona Diamondbacks,1,0
2022-07-31,New York Yankees,Kansas City Royals,6,8
2022-07-31,Boston Red Sox,Milwaukee Brewers,7,2
2022-07-31,Cincinnati Reds,Baltimore Orioles,3,2
2022-07-31,Tampa Bay Rays,Cleveland Guardians,3,5
2022-07-31,Miami Marlins,New York Mets,3,9
2022-07-31,Houston Astros,Seattle Mariners,3,2
2022-07-31,Chicago White Sox,Oakland Athletics,4,1
2022-07-31,Colorado Rockies,Los Angeles Dodgers,3,7
2022-07-31,Los Angeles Angels,Texas Rangers,2,5
2022-07-31,San Diego Padres,Minnesota Twins,3,2
2022-07-31,San Francisco Giants,Chicago Cubs,4,0
2022-08-01,Miami Marlins,Cincinnati Reds,1,3
2022-08-01,Washington Nationals,New York Mets,3,7
2022-08-01,New York Yankees,Seattle Mariners,7,2
2022-08-01,Cleveland Guardians,Arizona Diamondbacks,6,5
2022-08-01,Minnesota Twins,Detroit Tigers,5,3
2022-08-01,Texas Rangers,Baltimore Orioles,2,7
2022-08-01,Houston Astros,Boston Red Sox,2,3
2022-08-01,Chicago White Sox,Kansas City Royals,1,2
2022-08-01,San Diego Padres,Colorado Rockies,4,1
2022-08-01,San Francisco Giants,Los Angeles Dodgers,2,8
2022-08-02,San Diego Padres,Colorado Rockies,13,5
2022-08-02,San Diego Padres,Colorado Rockies,3,2
2022-08-02,Miami Marlins,Cincinnati Reds,1,2
2022-08-02,Washington Nationals,New York Mets,5,1
2022-08-02,New York Yankees,Seattle Mariners,6,8
2022-08-02,Pittsburgh Pirates,Milwaukee Brewers,5,3
2022-08-02,Cleveland Guardians,Arizona Diamondbacks,3,6
2022-08-02,Tampa Bay Rays,Toronto Blue Jays,1,3
2022-08-02,Atlanta Braves,Philadelphia Phillies,13,1
2022-08-02,Minnesota Twins,Detroit Tigers,3,5
2022-08-02,St. Louis Cardinals,Chicago Cubs,6,0
2022-08-02,Texas Rangers,Baltimore Orioles,2,8
2022-08-02,Houston Astros,Boston Red Sox,1,2
2022-08-02,Chicago White Sox,Kansas City Royals,9,2
2022-08-02,Los Angeles Angels,Oakland Athletics,3,1
2022-08-02,San Francisco Giants,Los Angeles Dodgers,5,9
2022-08-03,Tampa Bay Rays,Toronto Blue Jays,3,2
2022-08-03,Atlanta Braves,Philadelphia Phillies,1,3
2022-08-03,New York Yankees,Seattle Mariners,3,7
2022-08-03,Cleveland Guardians,Arizona Diamondbacks,7,4
2022-08-03,Minnesota Twins,Detroit Tigers,4,1
2022-08-03,Texas Rangers,Baltimore Orioles,3,6
2022-08-03,Houston Astros,Boston Red Sox,6,1
2022-08-03,Chicago White Sox,Kansas City Royals,4,1
2022-08-03,Washington Nationals,New York Mets,5,9
2022-08-03,Miami Marlins,Cincinnati Reds,3,0
2022-08-03,Pittsburgh Pirates,Milwaukee Brewers,8,7
2022-08-03,Los Angeles Angels,Oakland Athletics,1,3
2022-08-03,San Diego Padres,Colorado Rockies,9,1
2022-08-03,San Francisco Giants,Los Angeles Dodgers,0,3
2022-08-03,St. Louis Cardinals,Chicago Cubs,0,0
2022-08-04,Pittsburgh Pirates,Milwaukee Brewers,5,4
2022-08-04,St. Louis Cardinals,Chicago Cubs,4,3
2022-08-04,St. Louis Cardinals,Chicago Cubs,7,2
2022-08-04,San Francisco Giants,Los Angeles Dodgers,3,5
2022-08-04,Los Angeles Angels,Oakland Athletics,7,8
2022-08-04,San Diego Padres,Colorado Rockies,3,7
2022-08-04,Philadelphia Phillies,Washington Nationals,5,4
2022-08-04,Cleveland Guardians,Houston Astros,0,6
2022-08-04,Detroit Tigers,Tampa Bay Rays,2,6
2022-08-04,New York Mets,Atlanta Braves,6,4
2022-08-04,Minnesota Twins,Toronto Blue Jays,3,9
2022-08-04,Texas Rangers,Chicago White Sox,3,2
2022-08-04,Kansas City Royals,Boston Red Sox,7,3
2022-08-05,Chicago Cubs,Miami Marlins,2,1
2022-08-05,Baltimore Orioles,Pittsburgh Pirates,1,0
2022-08-05,Philadelphia Phillies,Washington Nationals,7,2
2022-08-05,Cleveland Guardians,Houston Astros,3,9
2022-08-05,Detroit Tigers,Tampa Bay Rays,3,5
2022-08-05,New York Mets,Atlanta Braves,6,9
2022-08-05,Texas Rangers,Chicago White Sox,1,2
2022-08-05,Kansas City Royals,Boston Red Sox,4,7
2022-08-05,Minnesota Twins,Toronto Blue Jays,6,5
2022-08-05,Milwaukee Brewers,Cincinnati Reds,5,1
2022-08-05,St. Louis Cardinals,New York Yankees,4,3
2022-08-05,Arizona Diamondbacks,Colorado Rockies,6,5
2022-08-05,Los Angeles Dodgers,San Diego Padres,8,1
2022-08-05,Seattle Mariners,Los Angeles Angels,3,4
2022-08-06,New York Mets,Atlanta Braves,8,5
2022-08-06,New York Mets,Atlanta Braves,6,2
2022-08-06,Chicago Cubs,Miami Marlins,4,0
2022-08-06,Seattle Mariners,Los Angeles Angels,2,1
2022-08-06,Seattle Mariners,Los Angeles Angels,1,7
2022-08-06,Baltimore Orioles,Pittsburgh Pirates,6,3
2022-08-06,Philadelphia Phillies,Washington Nationals,11,5
2022-08-06,Cleveland Guardians,Houston Astros,4,1
2022-08-06,Detroit Tigers,Tampa Bay Rays,9,1
2022-08-06,Texas Rangers,Chicago White Sox,8,0
2022-08-06,Oakland Athletics,San Francisco Giants,3,7
2022-08-06,Kansas City Royals,Boston Red Sox,5,4
2022-08-06,Minnesota Twins,Toronto Blue Jays,7,3
2022-08-06,St. Louis Cardinals,New York Yankees,1,0
2022-08-06,Milwaukee Brewers,Cincinnati Reds,5,7
2022-08-06,Arizona Diamondbacks,Colorado Rockies,2,3
2022-08-06,Los Angeles Dodgers,San Diego Padres,8,3
2022-08-07,Cleveland Guardians,Houston Astros,1,0
2022-08-07,Baltimore Orioles,Pittsburgh Pirates,1,8
2022-08-07,Philadelphia Phillies,Washington Nationals,13,1
2022-08-07,Detroit Tigers,Tampa Bay Rays,0,7
2022-08-07,Kansas City Royals,Boston Red Sox,13,5
2022-08-07,Minnesota Twins,Toronto Blue Jays,2,3
2022-08-07,Milwaukee Brewers,Cincinnati Reds,2,4
2022-08-07,St. Louis Cardinals,New York Yankees,12,9
2022-08-07,Chicago Cubs,Miami Marlins,0,3
2022-08-07,Texas Rangers,Chicago White Sox,2,8
2022-08-07,Oakland Athletics,San Francisco Giants,4,6
2022-08-07,Arizona Diamondbacks,Colorado Rockies,6,4
2022-08-07,Seattle Mariners,Los Angeles Angels,6,3
2022-08-07,New York Mets,Atlanta Braves,5,2
2022-08-07,Los Angeles Dodgers,San Diego Padres,4,0
2022-08-08,Baltimore Orioles,Toronto Blue Jays,7,4
2022-08-08,New York Mets,Cincinnati Reds,5,1
2022-08-08,Chicago Cubs,Washington Nationals,6,3
2022-08-08,Oakland Athletics,Los Angeles Angels,0,1
2022-08-08,Arizona Diamondbacks,Pittsburgh Pirates,3,0
2022-08-08,San Diego Padres,San Francisco Giants,0,1
2022-08-08,Seattle Mariners,New York Yankees,4,9
2022-08-09,Kansas City Royals,Chicago White Sox,4,2
2022-08-09,Kansas City Royals,Chicago White Sox,2,3
2022-08-09,Baltimore Orioles,Toronto Blue Jays,6,5
2022-08-09,Philadelphia Phillies,Miami Marlins,4,1
2022-08-09,Detroit Tigers,Cleveland Guardians,2,5
2022-08-09,New York Mets,Cincinnati Reds,6,2
2022-08-09,Boston Red Sox,Atlanta Braves,7,9
2022-08-09,Chicago Cubs,Washington Nationals,5,6
2022-08-09,Houston Astros,Texas Rangers,7,5
2022-08-09,Milwaukee Brewers,Tampa Bay Rays,5,3
2022-08-09,Colorado Rockies,St. Louis Cardinals,16,5
2022-08-09,Oakland Athletics,Los Angeles Angels,1,5
2022-08-09,Arizona Diamondbacks,Pittsburgh Pirates,6,4
2022-08-09,San Diego Padres,San Francisco Giants,7,4
2022-08-09,Los Angeles Dodgers,Minnesota Twins,10,3
2022-08-09,Seattle Mariners,New York Yankees,1,0
2022-08-10,New York Mets,Cincinnati Reds,10,2
2022-08-10,Milwaukee Brewers,Tampa Bay Rays,4,3
2022-08-10,Chicago Cubs,Washington Nationals,4,2
2022-08-10,Oakland Athletics,Los Angeles Angels,4,5
2022-08-10,San Diego Padres,San Francisco Giants,13,7
2022-08-10,Seattle Mariners,New York Yankees,4,3
2022-08-10,Philadelphia Phillies,Miami Marlins,4,3
2022-08-10,Detroit Tigers,Cleveland Guardians,2,3
2022-08-10,Boston Red Sox,Atlanta Braves,4,8
2022-08-10,Houston Astros,Texas Rangers,4,8
2022-08-10,Kansas City Royals,Chicago White Sox,8,3
2022-08-10,Colorado Rockies,St. Louis Cardinals,5,9
2022-08-10,Arizona Diamondbacks,Pittsburgh Pirates,4,6
2022-08-10,Los Angeles Dodgers,Minnesota Twins,8,5
2022-08-10,Baltimore Orioles,Toronto Blue Jays,0,0
2022-08-11,Philadelphia Phillies,Miami Marlins,0,3
2022-08-11,Detroit Tigers,Cleveland Guardians,3,4
2022-08-11,Houston Astros,Texas Rangers,7,3
2022-08-11,Kansas City Royals,Chicago White Sox,5,3
2022-08-11,Colorado Rockies,St. Louis Cardinals,8,6
2022-08-11,Arizona Diamondbacks,Pittsburgh Pirates,9,3
2022-08-11,Boston Red Sox,Baltimore Orioles,4,3
2022-08-11,Cincinnati Reds,Chicago Cubs,2,4
2022-08-12,Miami Marlins,Atlanta Braves,3,4
2022-08-12,Washington Nationals,San Diego Padres,5,10
2022-08-12,Toronto Blue Jays,Cleveland Guardians,0,8
2022-08-12,Tampa Bay Rays,Baltimore Orioles,3,10
2022-08-12,New York Mets,Philadelphia Phillies,1,2
2022-08-12,Chicago White Sox,Detroit Tigers,2,0
2022-08-12,Boston Red Sox,New York Yankees,3,2
2022-08-12,Texas Rangers,Seattle Mariners,2,6
2022-08-12,Kansas City Royals,Los Angeles Dodgers,3,8
2022-08-12,Houston Astros,Oakland Athletics,7,5
2022-08-12,St. Louis Cardinals,Milwaukee Brewers,3,1
2022-08-12,Colorado Rockies,Arizona Diamondbacks,5,3
2022-08-12,Los Angeles Angels,Minnesota Twins,0,4
2022-08-12,San Francisco Giants,Pittsburgh Pirates,5,3
2022-08-13,Miami Marlins,Atlanta Braves,2,5
2022-08-13,Miami Marlins,Atlanta Braves,2,6
2022-08-13,Toronto Blue Jays,Cleveland Guardians,2,1
2022-08-13,Tampa Bay Rays,Baltimore Orioles,8,2
2022-08-13,Cincinnati Reds,Chicago Cubs,2,7
2022-08-13,Washington Nationals,San Diego Padres,4,3
2022-08-13,Kansas City Royals,Los Angeles Dodgers,3,13
2022-08-13,Houston Astros,Oakland Athletics,8,0
2022-08-13,New York Mets,Philadelphia Phillies,1,0
2022-08-13,Chicago White Sox,Detroit Tigers,6,4
2022-08-13,Texas Rangers,Seattle Mariners,7,4
2022-08-13,Boston Red Sox,New York Yankees,2,3
2022-08-13,St. Louis Cardinals,Milwaukee Brewers,2,3
2022-08-13,Colorado Rockies,Arizona Diamondbacks,0,6
2022-08-13,San Francisco Giants,Pittsburgh Pirates,2,0
2022-08-13,Los Angeles Angels,Minnesota Twins,5,3
2022-08-14,Washington Nationals,San Diego Padres,0,6
2022-08-14,Toronto Blue Jays,Cleveland Guardians,2,7
2022-08-14,Cincinnati Reds,Chicago Cubs,8,5
2022-08-14,Tampa Bay Rays,Baltimore Orioles,4,1
2022-08-14,New York Mets,Philadelphia Phillies,6,0
2022-08-14,Miami Marlins,Atlanta Braves,1,3
2022-08-14,Kansas City Royals,Los Angeles Dodgers,4,0
2022-08-14,Houston Astros,Oakland Athletics,6,3
2022-08-14,Chicago White Sox,Detroit Tigers,5,3
2022-08-14,St. Louis Cardinals,Milwaukee Brewers,6,3
2022-08-14,Texas Rangers,Seattle Mariners,5,3
2022-08-14,Colorado Rockies,Arizona Diamondbacks,4,7
2022-08-14,San Francisco Giants,Pittsburgh Pirates,8,7
2022-08-14,Los Angeles Angels,Minnesota Twins,4,2
2022-08-14,Boston Red Sox,New York Yankees,3,0
2022-08-15,Cleveland Guardians,Detroit Tigers,4,1
2022-08-15,Cleveland Guardians,Detroit Tigers,5,7
2022-08-15,Cincinnati Reds,Philadelphia Phillies,3,4
2022-08-15,Miami Marlins,San Diego Padres,3,0
2022-08-15,Washington Nationals,Chicago Cubs,5,4
2022-08-15,New York Yankees,Tampa Bay Rays,0,4
2022-08-15,Toronto Blue Jays,Baltimore Orioles,3,7
2022-08-15,Atlanta Braves,New York Mets,13,1
2022-08-15,Minnesota Twins,Kansas City Royals,4,2
2022-08-15,Texas Rangers,Oakland Athletics,2,1
2022-08-15,Chicago White Sox,Houston Astros,4,2
2022-08-15,Milwaukee Brewers,Los Angeles Dodgers,0,4
2022-08-15,Los Angeles Angels,Seattle Mariners,2,6
2022-08-15,San Francisco Giants,Arizona Diamondbacks,6,1
2022-08-16,Cincinnati Reds,Philadelphia Phillies,4,11
2022-08-16,Miami Marlins,San Diego Padres,4,3
2022-08-16,Washington Nationals,Chicago Cubs,5,7
2022-08-16,Pittsburgh Pirates,Boston Red Sox,3,5
2022-08-16,New York Yankees,Tampa Bay Rays,1,3
2022-08-16,Toronto Blue Jays,Baltimore Orioles,2,4
2022-08-16,Cleveland Guardians,Detroit Tigers,3,4
2022-08-16,Atlanta Braves,New York Mets,5,0
2022-08-16,Minnesota Twins,Kansas City Royals,9,0
2022-08-16,St. Louis Cardinals,Colorado Rockies,5,4
2022-08-16,Texas Rangers,Oakland Athletics,1,5
2022-08-16,Chicago White Sox,Houston Astros,4,3
2022-08-16,Milwaukee Brewers,Los Angeles Dodgers,5,4
2022-08-16,Los Angeles Angels,Seattle Mariners,2,8
2022-08-16,San Francisco Giants,Arizona Diamondbacks,2,1
2022-08-17,Cincinnati Reds,Philadelphia Phillies,1,0
2022-08-17,Washington Nationals,Chicago Cubs,2,3
2022-08-17,Minnesota Twins,Kansas City Royals,4,0
2022-08-17,Toronto Blue Jays,Baltimore Orioles,6,1
2022-08-17,Los Angeles Angels,Seattle Mariners,7,11
2022-08-17,Miami Marlins,San Diego Padres,3,10
2022-08-17,Pittsburgh Pirates,Boston Red Sox,3,8
2022-08-17,New York Yankees,Tampa Bay Rays,8,7
2022-08-17,Cleveland Guardians,Detroit Tigers,8,4
2022-08-17,Atlanta Braves,New York Mets,7,9
2022-08-17,St. Louis Cardinals,Colorado Rockies,5,1
2022-08-17,Texas Rangers,Oakland Athletics,2,7
2022-08-17,Chicago White Sox,Houston Astros,2,3
2022-08-17,Milwaukee Brewers,Los Angeles Dodgers,1,2
2022-08-17,San Francisco Giants,Arizona Diamondbacks,2,3
2022-08-18,St. Louis Cardinals,Colorado Rockies,13,0
2022-08-18,Texas Rangers,Oakland Athletics,10,3
2022-08-18,Chicago White Sox,Houston Astros,5,21
2022-08-18,Milwaukee Brewers,Los Angeles Dodgers,5,3
2022-08-18,Baltimore Orioles,Chicago Cubs,2,3
2022-08-18,San Francisco Giants,Arizona Diamondbacks,0,5
2022-08-18,Pittsburgh Pirates,Boston Red Sox,8,2
2022-08-18,New York Yankees,Toronto Blue Jays,2,9
2022-08-18,Tampa Bay Rays,Kansas City Royals,7,1
2022-08-18,Atlanta Braves,New York Mets,3,2
2022-08-18,San Diego Padres,Washington Nationals,1,3
2022-08-19,Chicago Cubs,Milwaukee Brewers,8,7
2022-08-19,Baltimore Orioles,Boston Red Sox,15,10
2022-08-19,Pittsburgh Pirates,Cincinnati Reds,5,4
2022-08-19,Philadelphia Phillies,New York Mets,2,7
2022-08-19,New York Yankees,Toronto Blue Jays,0,4
2022-08-19,Detroit Tigers,Los Angeles Angels,0,1
2022-08-19,Tampa Bay Rays,Kansas City Royals,2,3
2022-08-19,Cleveland Guardians,Chicago White Sox,5,2
2022-08-19,Atlanta Braves,Houston Astros,6,2
2022-08-19,Minnesota Twins,Texas Rangers,2,1
2022-08-19,Colorado Rockies,San Francisco Giants,7,4
2022-08-19,San Diego Padres,Washington Nationals,3,6
2022-08-19,Oakland Athletics,Seattle Mariners,2,10
2022-08-19,Arizona Diamondbacks,St. Louis Cardinals,1,5
2022-08-19,Los Angeles Dodgers,Miami Marlins,2,1
2022-08-20,Philadelphia Phillies,New York Mets,2,8
2022-08-20,Philadelphia Phillies,New York Mets,4,1
2022-08-20,New York Yankees,Toronto Blue Jays,2,5
2022-08-20,Detroit Tigers,Los Angeles Angels,4,3
2022-08-20,Chicago Cubs,Milwaukee Brewers,6,5
2022-08-20,Baltimore Orioles,Boston Red Sox,3,4
2022-08-20,Tampa Bay Rays,Kansas City Royals,5,2
2022-08-20,Cleveland Guardians,Chicago White Sox,0,2
2022-08-20,Pittsburgh Pirates,Cincinnati Reds,1,10
2022-08-20,Minnesota Twins,Texas Rangers,3,4
2022-08-20,Oakland Athletics,Seattle Mariners,4,3
2022-08-20,Atlanta Braves,Houston Astros,5,4
2022-08-20,Colorado Rockies,San Francisco Giants,4,3
2022-08-20,Arizona Diamondbacks,St. Louis Cardinals,7,16
2022-08-20,San Diego Padres,Washington Nationals,2,1
2022-08-20,Los Angeles Dodgers,Miami Marlins,7,0
2022-08-21,Pittsburgh Pirates,Cincinnati Reds,5,9
2022-08-21,Philadelphia Phillies,New York Mets,9,10
2022-08-21,Atlanta Braves,Houston Astros,4,5
2022-08-21,New York Yankees,Toronto Blue Jays,4,2
2022-08-21,Detroit Tigers,Los Angeles Angels,4,0
2022-08-21,Tampa Bay Rays,Kansas City Royals,3,2
2022-08-21,Minnesota Twins,Texas Rangers,0,7
2022-08-21,Chicago Cubs,Milwaukee Brewers,2,5
2022-08-21,Colorado Rockies,San Francisco Giants,8,9
2022-08-21,Oakland Athletics,Seattle Mariners,5,3
2022-08-21,San Diego Padres,Washington Nationals,2,1
2022-08-21,Arizona Diamondbacks,St. Louis Cardinals,4,6
2022-08-21,Los Angeles Dodgers,Miami Marlins,10,3
2022-08-21,Baltimore Orioles,Boston Red Sox,5,3
2022-08-21,Cleveland Guardians,Chicago White Sox,0,0
2022-08-22,Kansas City Royals,Chicago White Sox,6,4
2022-08-22,Philadelphia Phillies,Cincinnati Reds,4,1
2022-08-22,Pittsburgh Pirates,Atlanta Braves,1,2
2022-08-22,New York Yankees,New York Mets,4,2
2022-08-22,Tampa Bay Rays,Los Angeles Angels,2,1
2022-08-22,Minnesota Twins,Texas Rangers,1,2
2022-08-22,Chicago Cubs,St. Louis Cardinals,0,1
2022-08-22,Oakland Athletics,Miami Marlins,0,3
2022-08-22,Los Angeles Dodgers,Milwaukee Brewers,0,4
2022-08-23,Chicago Cubs,St. Louis Cardinals,2,0
2022-08-23,Chicago Cubs,St. Louis Cardinals,3,13
2022-08-23,Philadelphia Phillies,Cincinnati Reds,7,6
2022-08-23,Pittsburgh Pirates,Atlanta Braves,1,6
2022-08-23,Baltimore Orioles,Chicago White Sox,5,3
2022-08-23,New York Yankees,New York Mets,4,2
2022-08-23,Detroit Tigers,San Francisco Giants,1,3
2022-08-23,Tampa Bay Rays,Los Angeles Angels,11,1
2022-08-23,Boston Red Sox,Toronto Blue Jays,3,9
2022-08-23,Kansas City Royals,Arizona Diamondbacks,3,7
2022-08-23,Houston Astros,Minnesota Twins,4,2
2022-08-23,Colorado Rockies,Texas Rangers,7,6
2022-08-23,San Diego Padres,Cleveland Guardians,1,3
2022-08-23,Oakland Athletics,Miami Marlins,3,5
2022-08-23,Seattle Mariners,Washington Nationals,4,2
2022-08-23,Los Angeles Dodgers,Milwaukee Brewers,10,1
2022-08-24,Pittsburgh Pirates,Atlanta Braves,2,14
2022-08-24,Detroit Tigers,San Francisco Giants,6,1
2022-08-24,Colorado Rockies,Texas Rangers,4,16
2022-08-24,Oakland Athletics,Miami Marlins,3,2
2022-08-24,San Diego Padres,Cleveland Guardians,0,7
2022-08-24,Seattle Mariners,Washington Nationals,1,3
2022-08-24,Philadelphia Phillies,Cincinnati Reds,7,5
2022-08-24,Baltimore Orioles,Chicago White Sox,3,5
2022-08-24,Tampa Bay Rays,Los Angeles Angels,4,3
2022-08-24,Boston Red Sox,Toronto Blue Jays,2,3
2022-08-24,Chicago Cubs,St. Louis Cardinals,7,1
2022-08-24,Kansas City Royals,Arizona Diamondbacks,5,3
2022-08-24,Houston Astros,Minnesota Twins,5,3
2022-08-24,Los Angeles Dodgers,Milwaukee Brewers,12,6
2022-08-25,Tampa Bay Rays,Los Angeles Angels,8,3
2022-08-25,Chicago Cubs,St. Louis Cardinals,3,8
2022-08-25,Seattle Mariners,Cleveland Guardians,3,1
2022-08-25,Philadelphia Phillies,Cincinnati Reds,4,0
2022-08-25,Baltimore Orioles,Chicago White Sox,4,3
2022-08-25,New York Mets,Colorado Rockies,3,1
2022-08-25,Boston Red Sox,Toronto Blue Jays,5,6
2022-08-25,Houston Astros,Minnesota Twins,6,3
2022-08-25,Oakland Athletics,New York Yankees,4,13
2022-08-26,Miami Marlins,Los Angeles Dodgers,6,10
2022-08-26,Washington Nationals,Cincinnati Reds,3,7
2022-08-26,Philadelphia Phillies,Pittsburgh Pirates,7,4
2022-08-26,Toronto Blue Jays,Los Angeles Angels,0,12
2022-08-26,New York Mets,Colorado Rockies,7,6
2022-08-26,Boston Red Sox,Tampa Bay Rays,9,8
2022-08-26,Texas Rangers,Detroit Tigers,7,6
2022-08-26,Houston Astros,Baltimore Orioles,0,2
2022-08-26,Kansas City Royals,San Diego Padres,5,13
2022-08-26,Minnesota Twins,San Francisco Giants,9,0
2022-08-26,Chicago White Sox,Arizona Diamondbacks,2,7
2022-08-26,Milwaukee Brewers,Chicago Cubs,3,4
2022-08-26,St. Louis Cardinals,Atlanta Braves,4,11
2022-08-26,Oakland Athletics,New York Yankees,2,3
2022-08-26,Seattle Mariners,Cleveland Guardians,3,2
2022-08-27,Toronto Blue Jays,Los Angeles Angels,0,2
2022-08-27,Boston Red Sox,Tampa Bay Rays,5,1
2022-08-27,Philadelphia Phillies,Pittsburgh Pirates,6,0
2022-08-27,Miami Marlins,Los Angeles Dodgers,2,1
2022-08-27,Washington Nationals,Cincinnati Reds,2,6
2022-08-27,Texas Rangers,Detroit Tigers,2,11
2022-08-27,Houston Astros,Baltimore Orioles,1,3
2022-08-27,New York Mets,Colorado Rockies,3,0
2022-08-27,Kansas City Royals,San Diego Padres,3,4
2022-08-27,Chicago White Sox,Arizona Diamondbacks,5,10
2022-08-27,Milwaukee Brewers,Chicago Cubs,7,0
2022-08-27,Minnesota Twins,San Francisco Giants,3,2
2022-08-27,St. Louis Cardinals,Atlanta Braves,6,5
2022-08-27,Oakland Athletics,New York Yankees,3,2
2022-08-27,Seattle Mariners,Cleveland Guardians,3,4
2022-08-28,Miami Marlins,Los Angeles Dodgers,1,8
2022-08-28,Washington Nationals,Cincinnati Reds,3,2
2022-08-28,Boston Red Sox,Tampa Bay Rays,4,12
2022-08-28,Philadelphia Phillies,Pittsburgh Pirates,0,5
2022-08-28,Toronto Blue Jays,Los Angeles Angels,3,8
2022-08-28,New York Mets,Colorado Rockies,0,1
2022-08-28,Houston Astros,Baltimore Orioles,3,1
2022-08-28,Kansas City Royals,San Diego Padres,15,7
2022-08-28,Minnesota Twins,San Francisco Giants,8,3
2022-08-28,Chicago White Sox,Arizona Diamondbacks,2,3
2022-08-28,Milwaukee Brewers,Chicago Cubs,9,7
2022-08-28,Texas Rangers,Detroit Tigers,8,9
2022-08-28,Oakland Athletics,New York Yankees,4,1
2022-08-28,Seattle Mariners,Cleveland Guardians,4,0
2022-08-28,St. Louis Cardinals,Atlanta Braves,6,3
2022-08-29,Cincinnati Reds,St. Louis Cardinals,4,13
2022-08-29,Miami Marlins,Los Angeles Dodgers,2,3
2022-08-29,Toronto Blue Jays,Chicago Cubs,5,4
2022-08-29,Minnesota Twins,Boston Red Sox,4,2
2022-08-29,Milwaukee Brewers,Pittsburgh Pirates,7,5
2022-08-29,Los Angeles Angels,New York Yankees,4,3
2022-08-29,Arizona Diamondbacks,Philadelphia Phillies,13,7
2022-08-29,San Francisco Giants,San Diego Padres,5,6
2022-08-30,Cleveland Guardians,Baltimore Orioles,5,1
2022-08-30,Cincinnati Reds,St. Louis Cardinals,5,1
2022-08-30,Miami Marlins,Tampa Bay Rays,2,7
2022-08-30,Washington Nationals,Oakland Athletics,6,10
2022-08-30,Toronto Blue Jays,Chicago Cubs,5,3
2022-08-30,New York Mets,Los Angeles Dodgers,3,4
2022-08-30,Detroit Tigers,Seattle Mariners,3,9
2022-08-30,Atlanta Braves,Colorado Rockies,2,3
2022-08-30,Minnesota Twins,Boston Red Sox,10,5
2022-08-30,Texas Rangers,Houston Astros,2,4
2022-08-30,Chicago White Sox,Kansas City Royals,7,9
2022-08-30,Milwaukee Brewers,Pittsburgh Pirates,2,4
2022-08-30,Los Angeles Angels,New York Yankees,4,7
2022-08-30,Arizona Diamondbacks,Philadelphia Phillies,12,3
2022-08-30,San Francisco Giants,San Diego Padres,3,4
2022-08-31,Texas Rangers,Houston Astros,3,5
2022-08-31,Milwaukee Brewers,Pittsburgh Pirates,6,1
2022-08-31,San Francisco Giants,San Diego Padres,4,5
2022-08-31,Cleveland Guardians,Baltimore Orioles,0,4
2022-08-31,Cincinnati Reds,St. Louis Cardinals,3,5
2022-08-31,Miami Marlins,Tampa Bay Rays,1,2
2022-08-31,Washington Nationals,Oakland Athletics,5,1
2022-08-31,Toronto Blue Jays,Chicago Cubs,5,7
2022-08-31,New York Mets,Los Angeles Dodgers,2,1
2022-08-31,Detroit Tigers,Seattle Mariners,3,5
2022-08-31,Atlanta Braves,Colorado Rockies,3,2
2022-08-31,Minnesota Twins,Boston Red Sox,5,6
2022-08-31,Chicago White Sox,Kansas City Royals,4,2
2022-08-31,Los Angeles Angels,New York Yankees,3,2
2022-08-31,Arizona Diamondbacks,Philadelphia Phillies,2,18
2022-09-01,Detroit Tigers,Seattle Mariners,0,7
2022-09-01,Chicago White Sox,Kansas City Royals,7,1
2022-09-01,Washington Nationals,Oakland Athletics,7,5
2022-09-01,New York Mets,Los Angeles Dodgers,5,3
2022-09-01,Cleveland Guardians,Baltimore Orioles,0,3
2022-09-01,Boston Red Sox,Texas Rangers,9,8
2022-09-01,Atlanta Braves,Colorado Rockies,3,0
2022-09-01,Arizona Diamondbacks,Milwaukee Brewers,5,0
2022-09-02,Pittsburgh Pirates,Toronto Blue Jays,0,4
2022-09-02,Cincinnati Reds,Colorado Rockies,3,2
2022-09-02,Baltimore Orioles,Oakland Athletics,5,2
2022-09-02,Detroit Tigers,Kansas City Royals,5,4
2022-09-02,New York Mets,Washington Nationals,7,3
2022-09-02,Cleveland Guardians,Seattle Mariners,1,6
2022-09-02,Boston Red Sox,Texas Rangers,9,1
2022-09-02,Tampa Bay Rays,New York Yankees,9,0
2022-09-02,Atlanta Braves,Miami Marlins,8,1
2022-09-02,Chicago White Sox,Minnesota Twins,4,3
2022-09-02,St. Louis Cardinals,Chicago Cubs,8,0
2022-09-02,Los Angeles Angels,Houston Astros,2,4
2022-09-02,Arizona Diamondbacks,Milwaukee Brewers,2,1
2022-09-02,Los Angeles Dodgers,San Diego Padres,1,7
2022-09-02,San Francisco Giants,Philadelphia Phillies,13,1
2022-09-03,San Francisco Giants,Philadelphia Phillies,5,4
2022-09-03,Boston Red Sox,Texas Rangers,5,3
2022-09-03,Detroit Tigers,Kansas City Royals,2,12
2022-09-03,Tampa Bay Rays,New York Yankees,2,1
2022-09-03,Pittsburgh Pirates,Toronto Blue Jays,1,4
2022-09-03,Baltimore Orioles,Oakland Athletics,8,1
2022-09-03,New York Mets,Washington Nationals,1,7
2022-09-03,Cleveland Guardians,Seattle Mariners,0,4
2022-09-03,St. Louis Cardinals,Chicago Cubs,8,4
2022-09-03,Chicago White Sox,Minnesota Twins,13,0
2022-09-03,Atlanta Braves,Miami Marlins,2,1
2022-09-03,Arizona Diamondbacks,Milwaukee Brewers,6,8
2022-09-03,Los Angeles Angels,Houston Astros,2,1
2022-09-03,Los Angeles Dodgers,San Diego Padres,12,1
2022-09-03,Cincinnati Reds,Colorado Rockies,0,0
2022-09-04,Pittsburgh Pirates,Toronto Blue Jays,3,4
2022-09-04,Cincinnati Reds,Colorado Rockies,4,8
2022-09-04,Cincinnati Reds,Colorado Rockies,10,0
2022-09-04,Baltimore Orioles,Oakland Athletics,0,5
2022-09-04,Boston Red Sox,Texas Rangers,5,2
2022-09-04,Atlanta Braves,Miami Marlins,7,1
2022-09-04,Detroit Tigers,Kansas City Royals,2,3
2022-09-04,New York Mets,Washington Nationals,1,7
2022-09-04,Tampa Bay Rays,New York Yankees,1,2
2022-09-04,Chicago White Sox,Minnesota Twins,1,5
2022-09-04,St. Louis Cardinals,Chicago Cubs,2,0
2022-09-04,Cleveland Guardians,Seattle Mariners,3,6
2022-09-04,San Francisco Giants,Philadelphia Phillies,5,3
2022-09-04,Los Angeles Angels,Houston Astros,1,9
2022-09-04,Arizona Diamondbacks,Milwaukee Brewers,5,1
2022-09-04,Los Angeles Dodgers,San Diego Padres,9,4
2022-09-05,Baltimore Orioles,Toronto Blue Jays,3,7
2022-09-05,Baltimore Orioles,Toronto Blue Jays,4,8
2022-09-05,New York Yankees,Minnesota Twins,5,2
2022-09-05,Tampa Bay Rays,Boston Red Sox,4,3
2022-09-05,Colorado Rockies,Milwaukee Brewers,4,6
2022-09-05,St. Louis Cardinals,Washington Nationals,0,6
2022-09-05,San Diego Padres,Arizona Diamondbacks,0,5
2022-09-05,Seattle Mariners,Chicago White Sox,2,3
2022-09-05,Houston Astros,Texas Rangers,1,0
2022-09-05,Kansas City Royals,Cleveland Guardians,5,6
2022-09-05,Los Angeles Angels,Detroit Tigers,10,0
2022-09-05,Los Angeles Dodgers,San Francisco Giants,4,7
2022-09-05,Pittsburgh Pirates,New York Mets,0,0
2022-09-06,Pittsburgh Pirates,New York Mets,8,2
2022-09-06,Tampa Bay Rays,Boston Red Sox,8,4
2022-09-06,Philadelphia Phillies,Miami Marlins,3,2
2022-09-06,Baltimore Orioles,Toronto Blue Jays,9,6
2022-09-06,Chicago Cubs,Cincinnati Reds,9,3
2022-09-06,St. Louis Cardinals,Washington Nationals,4,1
2022-09-06,Kansas City Royals,Cleveland Guardians,1,4
2022-09-06,Houston Astros,Texas Rangers,3,4
2022-09-06,Colorado Rockies,Milwaukee Brewers,10,7
2022-09-06,Los Angeles Angels,Detroit Tigers,5,4
2022-09-06,San Diego Padres,Arizona Diamondbacks,6,5
2022-09-06,Oakland Athletics,Atlanta Braves,9,10
2022-09-06,Seattle Mariners,Chicago White Sox,3,0
2022-09-06,Los Angeles Dodgers,San Francisco Giants,6,3
2022-09-06,New York Yankees,Minnesota Twins,0,0
2022-09-07,Pittsburgh Pirates,New York Mets,1,5
2022-09-07,Pittsburgh Pirates,New York Mets,0,10
2022-09-07,New York Yankees,Minnesota Twins,5,4
2022-09-07,New York Yankees,Minnesota Twins,7,1
2022-09-07,Colorado Rockies,Milwaukee Brewers,8,4
2022-09-07,Oakland Athletics,Atlanta Braves,3,7
2022-09-07,Los Angeles Angels,Detroit Tigers,4,5
2022-09-07,Los Angeles Dodgers,San Francisco Giants,7,3
2022-09-07,Seattle Mariners,Chicago White Sox,6,9
2022-09-07,Tampa Bay Rays,Boston Red Sox,1,0
2022-09-07,Philadelphia Phillies,Miami Marlins,4,3
2022-09-07,Baltimore Orioles,Toronto Blue Jays,1,4
2022-09-07,Chicago Cubs,Cincinnati Reds,1,7
2022-09-07,St. Louis Cardinals,Washington Nationals,6,5
2022-09-07,Kansas City Royals,Cleveland Guardians,2,1
2022-09-07,Houston Astros,Texas Rangers,4,3
2022-09-07,San Diego Padres,Arizona Diamondbacks,6,3
2022-09-08,St. Louis Cardinals,Washington Nationals,6,11
2022-09-08,Chicago Cubs,Cincinnati Reds,3,4
2022-09-08,Milwaukee Brewers,San Francisco Giants,2,1
2022-09-08,Milwaukee Brewers,San Francisco Giants,4,2
2022-09-08,Philadelphia Phillies,Miami Marlins,5,6
2022-09-08,New York Yankees,Minnesota Twins,3,4
2022-09-08,Oakland Athletics,Chicago White Sox,2,14
2022-09-09,Chicago Cubs,San Francisco Giants,4,2
2022-09-09,Pittsburgh Pirates,St. Louis Cardinals,8,2
2022-09-09,Miami Marlins,New York Mets,6,3
2022-09-09,Baltimore Orioles,Boston Red Sox,3,2
2022-09-09,Philadelphia Phillies,Washington Nationals,5,3
2022-09-09,New York Yankees,Tampa Bay Rays,2,4
2022-09-09,Texas Rangers,Toronto Blue Jays,3,4
2022-09-09,Houston Astros,Los Angeles Angels,4,3
2022-09-09,Kansas City Royals,Detroit Tigers,2,10
2022-09-09,Minnesota Twins,Cleveland Guardians,6,7
2022-09-09,Milwaukee Brewers,Cincinnati Reds,2,8
2022-09-09,Colorado Rockies,Arizona Diamondbacks,13,10
2022-09-09,San Diego Padres,Los Angeles Dodgers,5,4
2022-09-09,Seattle Mariners,Atlanta Braves,4,6
2022-09-09,Oakland Athletics,Chicago White Sox,3,5
2022-09-10,New York Yankees,Tampa Bay Rays,10,3
2022-09-10,Chicago Cubs,San Francisco Giants,2,5
2022-09-10,Oakland Athletics,Chicago White Sox,2,10
2022-09-10,Kansas City Royals,Detroit Tigers,4,8
2022-09-10,Baltimore Orioles,Boston Red Sox,4,17
2022-09-10,Philadelphia Phillies,Washington Nationals,8,5
2022-09-10,Miami Marlins,New York Mets,3,11
2022-09-10,Texas Rangers,Toronto Blue Jays,7,11
2022-09-10,Houston Astros,Los Angeles Angels,1,6
2022-09-10,Minnesota Twins,Cleveland Guardians,4,6
2022-09-10,Milwaukee Brewers,Cincinnati Reds,5,1
2022-09-10,Pittsburgh Pirates,St. Louis Cardinals,5,7
2022-09-10,Colorado Rockies,Arizona Diamondbacks,4,1
2022-09-10,San Diego Padres,Los Angeles Dodgers,4,8
2022-09-10,Seattle Mariners,Atlanta Braves,3,1
2022-09-11,Baltimore Orioles,Boston Red Sox,0,1
2022-09-11,Philadelphia Phillies,Washington Nationals,7,5
2022-09-11,Pittsburgh Pirates,St. Louis Cardinals,3,4
2022-09-11,New York Yankees,Tampa Bay Rays,10,4
2022-09-11,Miami Marlins,New York Mets,3,9
2022-09-11,Houston Astros,Los Angeles Angels,12,4
2022-09-11,Kansas City Royals,Detroit Tigers,4,0
2022-09-11,Minnesota Twins,Cleveland Guardians,1,4
2022-09-11,Milwaukee Brewers,Cincinnati Reds,7,6
2022-09-11,Texas Rangers,Toronto Blue Jays,4,1
2022-09-11,Colorado Rockies,Arizona Diamondbacks,6,12
2022-09-11,Oakland Athletics,Chicago White Sox,10,3
2022-09-11,San Diego Padres,Los Angeles Dodgers,2,11
2022-09-11,Seattle Mariners,Atlanta Braves,8,7
2022-09-11,Chicago Cubs,San Francisco Giants,2,4
2022-09-12,Miami Marlins,Texas Rangers,2,3
2022-09-12,Miami Marlins,Texas Rangers,10,6
2022-09-12,Cleveland Guardians,Los Angeles Angels,5,4
2022-09-12,Detroit Tigers,Houston Astros,0,7
2022-09-12,Cincinnati Reds,Pittsburgh Pirates,3,6
2022-09-12,Toronto Blue Jays,Tampa Bay Rays,3,2
2022-09-12,New York Mets,Chicago Cubs,2,5
2022-09-12,Arizona Diamondbacks,Los Angeles Dodgers,0,6
2022-09-12,San Francisco Giants,Atlanta Braves,3,2
2022-09-13,Cincinnati Reds,Pittsburgh Pirates,1,6
2022-09-13,Cincinnati Reds,Pittsburgh Pirates,0,1
2022-09-13,Toronto Blue Jays,Tampa Bay Rays,2,4
2022-09-13,Toronto Blue Jays,Tampa Bay Rays,7,2
2022-09-13,Cleveland Guardians,Los Angeles Angels,3,1
2022-09-13,Detroit Tigers,Houston Astros,3,6
2022-09-13,Miami Marlins,Philadelphia Phillies,1,2
2022-09-13,Washington Nationals,Baltimore Orioles,3,4
2022-09-13,New York Mets,Chicago Cubs,1,4
2022-09-13,Boston Red Sox,New York Yankees,6,7
2022-09-13,Minnesota Twins,Kansas City Royals,6,3
2022-09-13,St. Louis Cardinals,Milwaukee Brewers,4,8
2022-09-13,Texas Rangers,Oakland Athletics,8,7
2022-09-13,Chicago White Sox,Colorado Rockies,4,2
2022-09-13,Arizona Diamondbacks,Los Angeles Dodgers,0,4
2022-09-13,Seattle Mariners,San Diego Padres,0,2
2022-09-13,San Francisco Giants,Atlanta Braves,1,5
2022-09-14,Cincinnati Reds,Pittsburgh Pirates,4,10
2022-09-14,Cleveland Guardians,Los Angeles Angels,5,3
2022-09-14,Detroit Tigers,Houston Astros,1,2
2022-09-14,Chicago White Sox,Colorado Rockies,0,3
2022-09-14,San Francisco Giants,Atlanta Braves,4,1
2022-09-14,Seattle Mariners,San Diego Padres,6,1
2022-09-14,Miami Marlins,Philadelphia Phillies,1,6
2022-09-14,Washington Nationals,Baltimore Orioles,2,6
2022-09-14,Toronto Blue Jays,Tampa Bay Rays,5,1
2022-09-14,New York Mets,Chicago Cubs,3,6
2022-09-14,Boston Red Sox,New York Yankees,3,5
2022-09-14,Minnesota Twins,Kansas City Royals,4,0
2022-09-14,St. Louis Cardinals,Milwaukee Brewers,4,1
2022-09-14,Texas Rangers,Oakland Athletics,7,8
2022-09-14,Arizona Diamondbacks,Los Angeles Dodgers,5,3
2022-09-15,Cleveland Guardians,Chicago White Sox,2,8
2022-09-15,Toronto Blue Jays,Tampa Bay Rays,0,11
2022-09-15,Miami Marlins,Philadelphia Phillies,5,3
2022-09-15,Houston Astros,Oakland Athletics,5,2
2022-09-15,New York Mets,Pittsburgh Pirates,7,1
2022-09-15,Minnesota Twins,Kansas City Royals,3,2
2022-09-15,St. Louis Cardinals,Cincinnati Reds,2,3
2022-09-15,Arizona Diamondbacks,San Diego Padres,4,0
2022-09-16,Chicago Cubs,Colorado Rockies,2,1
2022-09-16,Washington Nationals,Miami Marlins,5,4
2022-09-16,Toronto Blue Jays,Baltimore Orioles,6,3
2022-09-16,Boston Red Sox,Kansas City Royals,2,1
2022-09-16,New York Mets,Pittsburgh Pirates,4,3
2022-09-16,Tampa Bay Rays,Texas Rangers,3,4
2022-09-16,Cleveland Guardians,Minnesota Twins,4,3
2022-09-16,Detroit Tigers,Chicago White Sox,3,2
2022-09-16,Atlanta Braves,Philadelphia Phillies,7,2
2022-09-16,Houston Astros,Oakland Athletics,5,0
2022-09-16,Milwaukee Brewers,New York Yankees,7,6
2022-09-16,St. Louis Cardinals,Cincinnati Reds,6,5
2022-09-16,Los Angeles Angels,Seattle Mariners,8,7
2022-09-16,Arizona Diamondbacks,San Diego Padres,3,12
2022-09-16,San Francisco Giants,Los Angeles Dodgers,0,5
2022-09-17,Cleveland Guardians,Minnesota Twins,5,1
2022-09-17,Cleveland Guardians,Minnesota Twins,7,6
2022-09-17,St. Louis Cardinals,Cincinnati Reds,5,1
2022-09-17,St. Louis Cardinals,Cincinnati Reds,1,0
2022-09-17,Chicago Cubs,Colorado Rockies,1,3
2022-09-17,Toronto Blue Jays,Baltimore Orioles,6,3
2022-09-17,Washington Nationals,Miami Marlins,5,3
2022-09-17,Boston Red Sox,Kansas City Royals,0,9
2022-09-17,Tampa Bay Rays,Texas Rangers,5,1
2022-09-17,Detroit Tigers,Chicago White Sox,3,4
2022-09-17,Houston Astros,Oakland Athletics,5,8
2022-09-17,New York Mets,Pittsburgh Pirates,5,1
2022-09-17,Milwaukee Brewers,New York Yankees,4,1
2022-09-17,Atlanta Braves,Philadelphia Phillies,4,3
2022-09-17,Arizona Diamondbacks,San Diego Padres,0,2
2022-09-17,San Francisco Giants,Los Angeles Dodgers,2,7
2022-09-17,Los Angeles Angels,Seattle Mariners,2,1
2022-09-18,Detroit Tigers,Chicago White Sox,5,11
2022-09-18,Tampa Bay Rays,Texas Rangers,5,3
2022-09-18,Boston Red Sox,Kansas City Royals,13,3
2022-09-18,Atlanta Braves,Philadelphia Phillies,5,2
2022-09-18,Washington Nationals,Miami Marlins,1,3
2022-09-18,Toronto Blue Jays,Baltimore Orioles,4,5
2022-09-18,New York Mets,Pittsburgh Pirates,7,3
2022-09-18,Cleveland Guardians,Minnesota Twins,0,3
2022-09-18,Houston Astros,Oakland Athletics,11,2
2022-09-18,Milwaukee Brewers,New York Yankees,8,12
2022-09-18,St. Louis Cardinals,Cincinnati Reds,0,3
2022-09-18,Chicago Cubs,Colorado Rockies,3,4
2022-09-18,Los Angeles Angels,Seattle Mariners,5,1
2022-09-18,Arizona Diamondbacks,San Diego Padres,1,6
2022-09-18,San Francisco Giants,Los Angeles Dodgers,3,4
2022-09-19,Cleveland Guardians,Minnesota Twins,11,4
2022-09-19,Los Angeles Angels,Seattle Mariners,1,9
2022-09-19,Tampa Bay Rays,Houston Astros,0,4
2022-09-19,Miami Marlins,Chicago Cubs,10,3
2022-09-19,Baltimore Orioles,Detroit Tigers,0,11
2022-09-19,Atlanta Braves,Washington Nationals,5,2
2022-09-19,Milwaukee Brewers,New York Mets,2,7
2022-09-19,Colorado Rockies,San Francisco Giants,7,10
2022-09-19,Los Angeles Dodgers,Arizona Diamondbacks,5,2
2022-09-20,Los Angeles Dodgers,Arizona Diamondbacks,6,5
2022-09-20,Los Angeles Dodgers,Arizona Diamondbacks,2,5
2022-09-20,Cincinnati Reds,Boston Red Sox,3,5
2022-09-20,Tampa Bay Rays,Houston Astros,0,5
2022-09-20,Miami Marlins,Chicago Cubs,1,2
2022-09-20,Philadelphia Phillies,Toronto Blue Jays,11,18
2022-09-20,Baltimore Orioles,Detroit Tigers,2,3
2022-09-20,New York Yankees,Pittsburgh Pirates,9,8
2022-09-20,Atlanta Braves,Washington Nationals,3,2
2022-09-20,Milwaukee Brewers,New York Mets,5,7
2022-09-20,Texas Rangers,Los Angeles Angels,2,5
2022-09-20,Kansas City Royals,Minnesota Twins,5,4
2022-09-20,Chicago White Sox,Cleveland Guardians,7,10
2022-09-20,Colorado Rockies,San Francisco Giants,3,6
2022-09-20,Oakland Athletics,Seattle Mariners,4,1
2022-09-20,San Diego Padres,St. Louis Cardinals,5,0
2022-09-21,Atlanta Braves,Washington Nationals,2,3
2022-09-21,Milwaukee Brewers,New York Mets,6,0
2022-09-21,Cincinnati Reds,Boston Red Sox,5,1
2022-09-21,Tampa Bay Rays,Houston Astros,2,5
2022-09-21,Miami Marlins,Chicago Cubs,3,4
2022-09-21,Philadelphia Phillies,Toronto Blue Jays,4,3
2022-09-21,Baltimore Orioles,Detroit Tigers,8,1
2022-09-21,New York Yankees,Pittsburgh Pirates,14,2
2022-09-21,Texas Rangers,Los Angeles Angels,7,2
2022-09-21,Kansas City Royals,Minnesota Twins,5,2
2022-09-21,Chicago White Sox,Cleveland Guardians,2,8
2022-09-21,Colorado Rockies,San Francisco Giants,1,6
2022-09-21,Oakland Athletics,Seattle Mariners,2,1
2022-09-21,San Diego Padres,St. Louis Cardinals,1,0
2022-09-21,Los Angeles Dodgers,Arizona Diamondbacks,1,6
2022-09-22,Texas Rangers,Los Angeles Angels,5,3
2022-09-22,Kansas City Royals,Minnesota Twins,4,1
2022-09-22,Colorado Rockies,San Francisco Giants,0,3
2022-09-22,Oakland Athletics,Seattle Mariners,5,9
2022-09-22,San Diego Padres,St. Louis Cardinals,4,5
2022-09-22,Pittsburgh Pirates,Chicago Cubs,2,3
2022-09-22,Tampa Bay Rays,Toronto Blue Jays,10,5
2022-09-22,Cincinnati Reds,Milwaukee Brewers,1,5
2022-09-22,Baltimore Orioles,Houston Astros,2,0
2022-09-22,Philadelphia Phillies,Atlanta Braves,1,0
2022-09-22,New York Yankees,Boston Red Sox,5,4
2022-09-22,Chicago White Sox,Cleveland Guardians,2,4
2022-09-22,Los Angeles Dodgers,Arizona Diamondbacks,3,2
2022-09-23,Pittsburgh Pirates,Chicago Cubs,5,6
2022-09-23,Miami Marlins,Washington Nationals,5,2
2022-09-23,Cincinnati Reds,Milwaukee Brewers,3,5
2022-09-23,Baltimore Orioles,Houston Astros,6,0
2022-09-23,Philadelphia Phillies,Atlanta Braves,9,1
2022-09-23,New York Yankees,Boston Red Sox,5,4
2022-09-23,Tampa Bay Rays,Toronto Blue Jays,10,6
2022-09-23,Texas Rangers,Cleveland Guardians,3,6
2022-09-23,Colorado Rockies,San Diego Padres,4,3
2022-09-23,Kansas City Royals,Seattle Mariners,5,1
2022-09-23,Minnesota Twins,Los Angeles Angels,2,4
2022-09-23,Chicago White Sox,Detroit Tigers,3,5
2022-09-23,Oakland Athletics,New York Mets,2,9
2022-09-23,Arizona Diamondbacks,San Francisco Giants,5,6
2022-09-23,Los Angeles Dodgers,St. Louis Cardinals,0,11
2022-09-24,New York Yankees,Boston Red Sox,7,5
2022-09-24,Philadelphia Phillies,Atlanta Braves,3,6
2022-09-24,Oakland Athletics,New York Mets,10,4
2022-09-24,Tampa Bay Rays,Toronto Blue Jays,1,3
2022-09-24,Miami Marlins,Washington Nationals,4,1
2022-09-24,Pittsburgh Pirates,Chicago Cubs,6,0
2022-09-24,Cincinnati Reds,Milwaukee Brewers,2,10
2022-09-24,Baltimore Orioles,Houston Astros,10,11
2022-09-24,Texas Rangers,Cleveland Guardians,2,4
2022-09-24,Kansas City Royals,Seattle Mariners,5,6
2022-09-24,Minnesota Twins,Los Angeles Angels,8,4
2022-09-24,Chicago White Sox,Detroit Tigers,2,7
2022-09-24,Colorado Rockies,San Diego Padres,3,9
2022-09-24,Arizona Diamondbacks,San Francisco Giants,5,2
2022-09-24,Los Angeles Dodgers,St. Louis Cardinals,6,2
2022-09-25,Baltimore Orioles,Houston Astros,3,6
2022-09-25,Philadelphia Phillies,Atlanta Braves,7,8
2022-09-25,Tampa Bay Rays,Toronto Blue Jays,1,7
2022-09-25,Pittsburgh Pirates,Chicago Cubs,3,8
2022-09-25,Miami Marlins,Washington Nationals,1,6
2022-09-25,Cincinnati Reds,Milwaukee Brewers,2,1
2022-09-25,Kansas City Royals,Seattle Mariners,13,12
2022-09-25,Minnesota Twins,Los Angeles Angels,3,10
2022-09-25,Chicago White Sox,Detroit Tigers,1,4
2022-09-25,Texas Rangers,Cleveland Guardians,4,10
2022-09-25,Colorado Rockies,San Diego Padres,6,13
2022-09-25,Arizona Diamondbacks,San Francisco Giants,2,3
2022-09-25,Oakland Athletics,New York Mets,4,13
2022-09-25,Los Angeles Dodgers,St. Louis Cardinals,4,1
2022-09-25,New York Yankees,Boston Red Sox,2,0
2022-09-26,Pittsburgh Pirates,Cincinnati Reds,8,3
2022-09-26,Washington Nationals,Atlanta Braves,0,8
2022-09-26,Toronto Blue Jays,New York Yankees,3,2
2022-09-26,Boston Red Sox,Baltimore Orioles,8,14
2022-09-27,Cleveland Guardians,Tampa Bay Rays,5,6
2022-09-27,Pittsburgh Pirates,Cincinnati Reds,4,1
2022-09-27,Detroit Tigers,Kansas City Royals,4,3
2022-09-27,Washington Nationals,Atlanta Braves,2,8
2022-09-27,Toronto Blue Jays,New York Yankees,2,5
2022-09-27,Boston Red Sox,Baltimore Orioles,13,9
2022-09-27,New York Mets,Miami Marlins,4,6
2022-09-27,Chicago Cubs,Philadelphia Phillies,2,1
2022-09-27,Minnesota Twins,Chicago White Sox,4,0
2022-09-27,Milwaukee Brewers,St. Louis Cardinals,2,6
2022-09-27,Houston Astros,Arizona Diamondbacks,10,2
2022-09-27,Los Angeles Angels,Oakland Athletics,4,3
2022-09-27,San Diego Padres,Los Angeles Dodgers,4,3
2022-09-27,Seattle Mariners,Texas Rangers,0,5
2022-09-27,San Francisco Giants,Colorado Rockies,5,2
2022-09-28,Pittsburgh Pirates,Cincinnati Reds,4,3
2022-09-28,Cleveland Guardians,Tampa Bay Rays,2,1
2022-09-28,Detroit Tigers,Kansas City Royals,2,1
2022-09-28,Washington Nationals,Atlanta Braves,3,2
2022-09-28,Toronto Blue Jays,New York Yankees,3,8
2022-09-28,Boston Red Sox,Baltimore Orioles,3,1
2022-09-28,New York Mets,Miami Marlins,5,4
2022-09-28,Chicago Cubs,Philadelphia Phillies,4,2
2022-09-28,Minnesota Twins,Chicago White Sox,8,4
2022-09-28,Milwaukee Brewers,St. Louis Cardinals,5,1
2022-09-28,Houston Astros,Arizona Diamondbacks,2,5
2022-09-28,Los Angeles Angels,Oakland Athletics,4,1
2022-09-28,San Diego Padres,Los Angeles Dodgers,0,1
2022-09-28,Seattle Mariners,Texas Rangers,3,1
2022-09-28,San Francisco Giants,Colorado Rockies,6,3
2022-09-29,Detroit Tigers,Kansas City Royals,10,3
2022-09-29,Minnesota Twins,Chicago White Sox,3,4
2022-09-29,Boston Red Sox,Baltimore Orioles,5,3
2022-09-29,Chicago Cubs,Philadelphia Phillies,2,0
2022-09-29,Cleveland Guardians,Tampa Bay Rays,2,1
2022-09-29,Milwaukee Brewers,Miami Marlins,2,4
2022-09-29,Los Angeles Angels,Oakland Athletics,4,2
2022-09-29,San Diego Padres,Los Angeles Dodgers,2,5
2022-09-29,Seattle Mariners,Texas Rangers,10,9
2022-09-29,San Francisco Giants,Colorado Rockies,6,4
2022-09-30,Washington Nationals,Philadelphia Phillies,1,5
2022-09-30,Chicago Cubs,Cincinnati Reds,6,1
2022-09-30,New York Yankees,Baltimore Orioles,1,2
2022-09-30,Toronto Blue Jays,Boston Red Sox,9,0
2022-09-30,Cleveland Guardians,Kansas City Royals,6,3
2022-09-30,Detroit Tigers,Minnesota Twins,0,7
2022-09-30,Atlanta Braves,New York Mets,5,2
2022-09-30,Houston Astros,Tampa Bay Rays,3,7
2022-09-30,Milwaukee Brewers,Miami Marlins,1,0
2022-09-30,St. Louis Cardinals,Pittsburgh Pirates,2,1
2022-09-30,Los Angeles Angels,Texas Rangers,4,1
2022-09-30,Seattle Mariners,Oakland Athletics,2,1
2022-09-30,San Diego Padres,Chicago White Sox,1,3
2022-09-30,Los Angeles Dodgers,Colorado Rockies,10,1
2022-09-30,San Francisco Giants,Arizona Diamondbacks,10,4
2022-09-30,Washington Nationals,Philadelphia Phillies,0,0
2022-10-01,Washington Nationals,Philadelphia Phillies,13,4
2022-10-01,Washington Nationals,Philadelphia Phillies,2,8
2022-10-01,New York Yankees,Baltimore Orioles,8,0
2022-10-01,Chicago Cubs,Cincinnati Reds,2,1
2022-10-01,Toronto Blue Jays,Boston Red Sox,10,0
2022-10-01,San Francisco Giants,Arizona Diamondbacks,4,8
2022-10-01,Seattle Mariners,Oakland Athletics,5,1
2022-10-01,Cleveland Guardians,Kansas City Royals,1,7
2022-10-01,Detroit Tigers,Minnesota Twins,3,2
2022-10-01,Milwaukee Brewers,Miami Marlins,3,4
2022-10-01,St. Louis Cardinals,Pittsburgh Pirates,13,3
2022-10-01,Houston Astros,Tampa Bay Rays,2,1
2022-10-01,Atlanta Braves,New York Mets,4,2
2022-10-01,San Diego Padres,Chicago White Sox,5,2
2022-10-01,Los Angeles Angels,Texas Rangers,3,2
2022-10-01,Los Angeles Dodgers,Colorado Rockies,6,4
2022-10-02,Detroit Tigers,Minnesota Twins,5,2
2022-10-02,Washington Nationals,Philadelphia Phillies,1,8
2022-10-02,New York Yankees,Baltimore Orioles,1,3
2022-10-02,Toronto Blue Jays,Boston Red Sox,6,3
2022-10-02,Cleveland Guardians,Kansas City Royals,7,5
2022-10-02,Houston Astros,Tampa Bay Rays,3,1
2022-10-02,Milwaukee Brewers,Miami Marlins,3,4
2022-10-02,St. Louis Cardinals,Pittsburgh Pirates,5,7
2022-10-02,Chicago Cubs,Cincinnati Reds,8,1
2022-10-02,San Francisco Giants,Arizona Diamondbacks,4,3
2022-10-02,Los Angeles Angels,Texas Rangers,8,3
2022-10-02,Los Angeles Dodgers,Colorado Rockies,1,4
2022-10-02,Seattle Mariners,Oakland Athletics,3,10
2022-10-02,San Diego Padres,Chicago White Sox,1,2
2022-10-02,Atlanta Braves,New York Mets,5,3
2022-10-03,Cleveland Guardians,Kansas City Royals,2,5
2022-10-03,Pittsburgh Pirates,St. Louis Cardinals,3,2
2022-10-03,Cincinnati Reds,Chicago Cubs,3,1
2022-10-03,Miami Marlins,Atlanta Braves,4,0
2022-10-03,Baltimore Orioles,Toronto Blue Jays,1,5
2022-10-03,Texas Rangers,New York Yankees,1,3
2022-10-03,Boston Red Sox,Tampa Bay Rays,4,3
2022-10-03,Milwaukee Brewers,Arizona Diamondbacks,6,5
2022-10-03,Houston Astros,Philadelphia Phillies,0,3
2022-10-03,Chicago White Sox,Minnesota Twins,3,2
2022-10-03,Oakland Athletics,Los Angeles Angels,5,4
2022-10-03,Seattle Mariners,Detroit Tigers,3,4
2022-10-03,San Diego Padres,San Francisco Giants,7,4
2022-10-03,Los Angeles Dodgers,Colorado Rockies,1,2
2022-10-03,New York Mets,Washington Nationals,0,0
2022-10-04,Texas Rangers,New York Yankees,4,5
2022-10-04,Texas Rangers,New York Yankees,3,2
2022-10-04,New York Mets,Washington Nationals,4,2
2022-10-04,New York Mets,Washington Nationals,8,0
2022-10-04,Cleveland Guardians,Kansas City Royals,5,3
2022-10-04,Seattle Mariners,Detroit Tigers,7,6
2022-10-04,Seattle Mariners,Detroit Tigers,9,6
2022-10-04,Pittsburgh Pirates,St. Louis Cardinals,7,8
2022-10-04,Cincinnati Reds,Chicago Cubs,3,2
2022-10-04,Miami Marlins,Atlanta Braves,1,2
2022-10-04,Boston Red Sox,Tampa Bay Rays,6,0
2022-10-04,Milwaukee Brewers,Arizona Diamondbacks,3,0
2022-10-04,Houston Astros,Philadelphia Phillies,10,0
2022-10-04,Chicago White Sox,Minnesota Twins,8,3
2022-10-04,Oakland Athletics,Los Angeles Angels,2,1
2022-10-04,San Diego Padres,San Francisco Giants,6,2
2022-10-04,Los Angeles Dodgers,Colorado Rockies,2,5
2022-10-04,Baltimore Orioles,Toronto Blue Jays,0,0
2022-10-05,Baltimore Orioles,Toronto Blue Jays,5,4
2022-10-05,Baltimore Orioles,Toronto Blue Jays,1,5
2022-10-05,Oakland Athletics,Los Angeles Angels,3,2
2022-10-05,Pittsburgh Pirates,St. Louis Cardinals,5,3
2022-10-05,Texas Rangers,New York Yankees,4,2
2022-10-05,Cincinnati Reds,Chicago Cubs,2,15
2022-10-05,Cleveland Guardians,Kansas City Royals,9,2
2022-10-05,New York Mets,Washington Nationals,9,2
2022-10-05,Seattle Mariners,Detroit Tigers,5,4
2022-10-05,San Diego Padres,San Francisco Giants,1,8
2022-10-05,Boston Red Sox,Tampa Bay Rays,6,3
2022-10-05,Houston Astros,Philadelphia Phillies,3,2
2022-10-05,Chicago White Sox,Minnesota Twins,1,10
2022-10-05,Miami Marlins,Atlanta Braves,12,9
2022-10-05,Milwaukee Brewers,Arizona Diamondbacks,2,4
2022-10-05,Los Angeles Dodgers,Colorado Rockies,6,1
