game_id,date,home_team,away_team,home_score,away_score,year,total_score
663178,2022-04-07,Chicago Cubs,Milwaukee Brewers,5,4,2022,9
662766,2022-04-07,Kansas City Royals,Cleveland Guardians,3,1,2022,4
662021,2022-04-07,St. Louis Cardinals,Pittsburgh Pirates,9,0,2022,9
662571,2022-04-07,Washington Nationals,New York Mets,1,5,2022,6
661577,2022-04-07,Atlanta Braves,Cincinnati Reds,3,6,2022,9
661042,2022-04-07,Los Angeles Angels,Houston Astros,1,3,2022,4
663418,2022-04-07,Arizona Diamondbacks,San Diego Padres,4,2,2022,6
661333,2022-04-08,New York Yankees,Boston Red Sox,6,5,2022,11
662888,2022-04-08,Detroit Tigers,Chicago White Sox,5,4,2022,9
661131,2022-04-08,Philadelphia Phillies,Oakland Athletics,9,5,2022,14
661918,2022-04-08,Tampa Bay Rays,Baltimore Orioles,2,1,2022,3
662933,2022-04-08,Colorado Rockies,Los Angeles Dodgers,3,5,2022,8
661750,2022-04-08,Minnesota Twins,Seattle Mariners,1,2,2022,3
662124,2022-04-08,San Francisco Giants,Miami Marlins,6,5,2022,11
662559,2022-04-08,Washington Nationals,New York Mets,3,7,2022,10
661782,2022-04-08,Toronto Blue Jays,Texas Rangers,10,8,2022,18
661576,2022-04-08,Atlanta Braves,Cincinnati Reds,7,6,2022,13
661041,2022-04-08,Los Angeles Angels,Houston Astros,6,13,2022,19
663417,2022-04-08,Arizona Diamondbacks,San Diego Padres,0,3,2022,3
661917,2022-04-09,Tampa Bay Rays,Baltimore Orioles,5,3,2022,8
662864,2022-04-09,Detroit Tigers,Chicago White Sox,2,5,2022,7
661756,2022-04-09,Minnesota Twins,Seattle Mariners,3,4,2022,7
662020,2022-04-09,St. Louis Cardinals,Pittsburgh Pirates,6,2,2022,8
663205,2022-04-09,Chicago Cubs,Milwaukee Brewers,9,0,2022,9
661803,2022-04-09,Toronto Blue Jays,Texas Rangers,4,3,2022,7
661130,2022-04-09,Philadelphia Phillies,Oakland Athletics,4,2,2022,6
662123,2022-04-09,San Francisco Giants,Miami Marlins,1,2,2022,3
661332,2022-04-09,New York Yankees,Boston Red Sox,4,2,2022,6
662765,2022-04-09,Kansas City Royals,Cleveland Guardians,1,0,2022,1
662588,2022-04-09,Washington Nationals,New York Mets,0,5,2022,5
661575,2022-04-09,Atlanta Braves,Cincinnati Reds,2,1,2022,3
662931,2022-04-09,Colorado Rockies,Los Angeles Dodgers,3,2,2022,5
663404,2022-04-09,Arizona Diamondbacks,San Diego Padres,2,5,2022,7
661040,2022-04-09,Los Angeles Angels,Houston Astros,2,0,2022,2
661129,2022-04-10,Philadelphia Phillies,Oakland Athletics,1,4,2022,5
661916,2022-04-10,Tampa Bay Rays,Baltimore Orioles,8,0,2022,8
662887,2022-04-10,Detroit Tigers,Chicago White Sox,1,10,2022,11
662570,2022-04-10,Washington Nationals,New York Mets,4,2,2022,6
661573,2022-04-10,Atlanta Braves,Cincinnati Reds,3,6,2022,9
661802,2022-04-10,Toronto Blue Jays,Texas Rangers,6,12,2022,18
662755,2022-04-10,Kansas City Royals,Cleveland Guardians,3,17,2022,20
661738,2022-04-10,Minnesota Twins,Seattle Mariners,10,4,2022,14
662019,2022-04-10,St. Louis Cardinals,Pittsburgh Pirates,4,9,2022,13
663204,2022-04-10,Chicago Cubs,Milwaukee Brewers,4,5,2022,9
662934,2022-04-10,Colorado Rockies,Los Angeles Dodgers,9,4,2022,13
662122,2022-04-10,San Francisco Giants,Miami Marlins,3,2,2022,5
661039,2022-04-10,Los Angeles Angels,Houston Astros,1,4,2022,5
663395,2022-04-10,Arizona Diamondbacks,San Diego Padres,5,10,2022,15
661316,2022-04-10,New York Yankees,Boston Red Sox,3,4,2022,7
662754,2022-04-11,Kansas City Royals,Cleveland Guardians,7,10,2022,17
663403,2022-04-11,Baltimore Orioles,Milwaukee Brewers,2,0,2022,2
662042,2022-04-11,Texas Rangers,Colorado Rockies,4,6,2022,10
662863,2022-04-11,Detroit Tigers,Boston Red Sox,3,1,2022,4
661915,2022-04-11,Tampa Bay Rays,Oakland Athletics,2,13,2022,15
661637,2022-04-11,Philadelphia Phillies,New York Mets,5,4,2022,9
661315,2022-04-11,New York Yankees,Toronto Blue Jays,0,3,2022,3
661572,2022-04-11,Atlanta Braves,Washington Nationals,2,11,2022,13
661754,2022-04-11,Minnesota Twins,Seattle Mariners,4,0,2022,4
661036,2022-04-11,Los Angeles Angels,Miami Marlins,6,2,2022,8
662116,2022-04-11,San Francisco Giants,San Diego Padres,2,4,2022,6
662862,2022-04-12,Detroit Tigers,Boston Red Sox,3,5,2022,8
663088,2022-04-12,Cincinnati Reds,Cleveland Guardians,5,10,2022,15
661538,2022-04-12,Chicago White Sox,Seattle Mariners,3,2,2022,5
662318,2022-04-12,Pittsburgh Pirates,Chicago Cubs,1,2,2022,3
661944,2022-04-12,Tampa Bay Rays,Oakland Athletics,9,8,2022,17
661636,2022-04-12,Philadelphia Phillies,New York Mets,0,2,2022,2
661314,2022-04-12,New York Yankees,Toronto Blue Jays,4,0,2022,4
663295,2022-04-12,Baltimore Orioles,Milwaukee Brewers,4,5,2022,9
661038,2022-04-12,Los Angeles Angels,Miami Marlins,4,3,2022,7
661571,2022-04-12,Atlanta Braves,Washington Nationals,16,4,2022,20
661753,2022-04-12,Minnesota Twins,Los Angeles Dodgers,2,7,2022,9
662017,2022-04-12,St. Louis Cardinals,Kansas City Royals,6,5,2022,11
661995,2022-04-12,Texas Rangers,Colorado Rockies,1,4,2022,5
663411,2022-04-12,Arizona Diamondbacks,Houston Astros,1,2,2022,3
662104,2022-04-12,San Francisco Giants,San Diego Padres,13,2,2022,15
661570,2022-04-13,Atlanta Braves,Washington Nationals,1,3,2022,4
663117,2022-04-13,Cincinnati Reds,Cleveland Guardians,3,7,2022,10
662317,2022-04-13,Pittsburgh Pirates,Chicago Cubs,6,2,2022,8
661643,2022-04-13,Philadelphia Phillies,New York Mets,6,9,2022,15
662885,2022-04-13,Detroit Tigers,Boston Red Sox,7,9,2022,16
661734,2022-04-13,Minnesota Twins,Los Angeles Dodgers,0,7,2022,7
663341,2022-04-13,Arizona Diamondbacks,Houston Astros,3,2,2022,5
662115,2022-04-13,San Francisco Giants,San Diego Padres,2,1,2022,3
661943,2022-04-13,Tampa Bay Rays,Oakland Athletics,2,4,2022,6
661313,2022-04-13,New York Yankees,Toronto Blue Jays,4,6,2022,10
663433,2022-04-13,Baltimore Orioles,Milwaukee Brewers,2,4,2022,6
661530,2022-04-13,Chicago White Sox,Seattle Mariners,6,4,2022,10
661942,2022-04-14,Tampa Bay Rays,Oakland Athletics,3,6,2022,9
661529,2022-04-14,Chicago White Sox,Seattle Mariners,1,5,2022,6
661292,2022-04-14,Milwaukee Brewers,St. Louis Cardinals,5,1,2022,6
662307,2022-04-14,Pittsburgh Pirates,Washington Nationals,9,4,2022,13
661418,2022-04-14,Miami Marlins,Philadelphia Phillies,4,3,2022,7
661312,2022-04-14,New York Yankees,Toronto Blue Jays,3,0,2022,3
661993,2022-04-14,Texas Rangers,Los Angeles Angels,10,5,2022,15
662702,2022-04-14,Kansas City Royals,Detroit Tigers,2,4,2022,6
662237,2022-04-14,San Diego Padres,Atlanta Braves,12,1,2022,13
662950,2022-04-14,Colorado Rockies,Chicago Cubs,2,5,2022,7
662627,2022-04-14,Los Angeles Dodgers,Cincinnati Reds,9,3,2022,12
662485,2022-04-15,New York Mets,Arizona Diamondbacks,10,3,2022,13
663265,2022-04-15,Boston Red Sox,Minnesota Twins,4,8,2022,12
662291,2022-04-15,Pittsburgh Pirates,Washington Nationals,2,7,2022,9
661417,2022-04-15,Miami Marlins,Philadelphia Phillies,7,1,2022,8
663357,2022-04-15,Baltimore Orioles,New York Yankees,2,1,2022,3
661792,2022-04-15,Toronto Blue Jays,Oakland Athletics,4,1,2022,5
663136,2022-04-15,Cleveland Guardians,San Francisco Giants,1,4,2022,5
661528,2022-04-15,Chicago White Sox,Tampa Bay Rays,3,2,2022,5
662014,2022-04-15,Texas Rangers,Los Angeles Angels,6,9,2022,15
662701,2022-04-15,Kansas City Royals,Detroit Tigers,1,2,2022,3
661267,2022-04-15,Milwaukee Brewers,St. Louis Cardinals,1,10,2022,11
662960,2022-04-15,Colorado Rockies,Chicago Cubs,6,5,2022,11
662236,2022-04-15,San Diego Padres,Atlanta Braves,2,5,2022,7
662192,2022-04-15,Seattle Mariners,Houston Astros,11,1,2022,12
662620,2022-04-15,Los Angeles Dodgers,Cincinnati Reds,3,1,2022,4
662626,2022-04-16,New York Mets,Arizona Diamondbacks,2,3,2022,5
661527,2022-04-16,Chicago White Sox,Tampa Bay Rays,3,2,2022,5
661759,2022-04-16,Toronto Blue Jays,Oakland Athletics,5,7,2022,12
662235,2022-04-16,San Diego Padres,Atlanta Braves,2,5,2022,7
662798,2022-04-16,Kansas City Royals,Detroit Tigers,3,1,2022,4
663238,2022-04-16,Boston Red Sox,Minnesota Twins,4,0,2022,4
663076,2022-04-16,Cleveland Guardians,San Francisco Giants,2,4,2022,6
661416,2022-04-16,Miami Marlins,Philadelphia Phillies,3,10,2022,13
662290,2022-04-16,Pittsburgh Pirates,Washington Nationals,6,4,2022,10
661981,2022-04-16,Texas Rangers,Los Angeles Angels,2,7,2022,9
663266,2022-04-16,Baltimore Orioles,New York Yankees,2,5,2022,7
661335,2022-04-16,Milwaukee Brewers,St. Louis Cardinals,1,2,2022,3
662966,2022-04-16,Colorado Rockies,Chicago Cubs,9,6,2022,15
662206,2022-04-16,Seattle Mariners,Houston Astros,0,4,2022,4
662619,2022-04-16,Los Angeles Dodgers,Cincinnati Reds,5,2,2022,7
663365,2022-04-17,Baltimore Orioles,New York Yankees,5,0,2022,5
662294,2022-04-17,Pittsburgh Pirates,Washington Nationals,5,3,2022,8
663308,2022-04-17,Boston Red Sox,Minnesota Twins,8,1,2022,9
661804,2022-04-17,Toronto Blue Jays,Oakland Athletics,4,3,2022,7
662625,2022-04-17,New York Mets,Arizona Diamondbacks,5,0,2022,5
663132,2022-04-17,Cleveland Guardians,San Francisco Giants,1,8,2022,9
661415,2022-04-17,Miami Marlins,Philadelphia Phillies,11,3,2022,14
661462,2022-04-17,Chicago White Sox,Tampa Bay Rays,3,9,2022,12
661226,2022-04-17,Milwaukee Brewers,St. Louis Cardinals,6,5,2022,11
662038,2022-04-17,Texas Rangers,Los Angeles Angels,3,8,2022,11
662930,2022-04-17,Colorado Rockies,Chicago Cubs,4,6,2022,10
662618,2022-04-17,Los Angeles Dodgers,Cincinnati Reds,9,1,2022,10
662174,2022-04-17,Seattle Mariners,Houston Astros,7,2,2022,9
662234,2022-04-17,San Diego Padres,Atlanta Braves,2,1,2022,3
663236,2022-04-18,Boston Red Sox,Minnesota Twins,3,8,2022,11
663197,2022-04-18,Chicago Cubs,Tampa Bay Rays,4,2,2022,6
661242,2022-04-18,Milwaukee Brewers,Pittsburgh Pirates,6,1,2022,7
662928,2022-04-18,Houston Astros,Los Angeles Angels,8,3,2022,11
662929,2022-04-18,Colorado Rockies,Philadelphia Phillies,4,1,2022,5
662407,2022-04-18,Oakland Athletics,Baltimore Orioles,5,1,2022,6
662233,2022-04-18,San Diego Padres,Cincinnati Reds,4,1,2022,5
662617,2022-04-18,Los Angeles Dodgers,Atlanta Braves,7,4,2022,11
662587,2022-04-19,Washington Nationals,Arizona Diamondbacks,6,1,2022,7
662583,2022-04-19,Washington Nationals,Arizona Diamondbacks,1,0,2022,1
662350,2022-04-19,New York Mets,San Francisco Giants,5,4,2022,9
662616,2022-04-19,New York Mets,San Francisco Giants,3,1,2022,4
661405,2022-04-19,Miami Marlins,St. Louis Cardinals,1,5,2022,6
662896,2022-04-19,Detroit Tigers,New York Yankees,2,4,2022,6
663249,2022-04-19,Boston Red Sox,Toronto Blue Jays,2,1,2022,3
663196,2022-04-19,Chicago Cubs,Tampa Bay Rays,5,6,2022,11
661211,2022-04-19,Milwaukee Brewers,Pittsburgh Pirates,5,2,2022,7
662927,2022-04-19,Houston Astros,Los Angeles Angels,2,7,2022,9
662753,2022-04-19,Kansas City Royals,Minnesota Twins,4,3,2022,7
662925,2022-04-19,Colorado Rockies,Philadelphia Phillies,6,5,2022,11
662406,2022-04-19,Oakland Athletics,Baltimore Orioles,2,1,2022,3
662232,2022-04-19,San Diego Padres,Cincinnati Reds,6,2,2022,8
662161,2022-04-19,Seattle Mariners,Texas Rangers,6,2,2022,8
662717,2022-04-19,Los Angeles Dodgers,Atlanta Braves,1,3,2022,4
661203,2022-04-20,Milwaukee Brewers,Pittsburgh Pirates,4,2,2022,6
663094,2022-04-20,Cleveland Guardians,Chicago White Sox,11,1,2022,12
663075,2022-04-20,Cleveland Guardians,Chicago White Sox,2,1,2022,3
662924,2022-04-20,Colorado Rockies,Philadelphia Phillies,6,9,2022,15
662734,2022-04-20,Los Angeles Dodgers,Atlanta Braves,5,1,2022,6
662231,2022-04-20,San Diego Padres,Cincinnati Reds,6,0,2022,6
662392,2022-04-20,Oakland Athletics,Baltimore Orioles,0,1,2022,1
663146,2022-04-20,Chicago Cubs,Tampa Bay Rays,2,8,2022,10
662926,2022-04-20,Houston Astros,Los Angeles Angels,0,6,2022,6
661404,2022-04-20,Miami Marlins,St. Louis Cardinals,0,2,2022,2
662861,2022-04-20,Detroit Tigers,New York Yankees,3,5,2022,8
662560,2022-04-20,Washington Nationals,Arizona Diamondbacks,2,11,2022,13
662349,2022-04-20,New York Mets,San Francisco Giants,2,5,2022,7
663247,2022-04-20,Boston Red Sox,Toronto Blue Jays,1,6,2022,7
662703,2022-04-20,Kansas City Royals,Minnesota Twins,2,0,2022,2
662178,2022-04-20,Seattle Mariners,Texas Rangers,4,2,2022,6
662593,2022-04-21,New York Mets,San Francisco Giants,6,2,2022,8
663093,2022-04-21,Cleveland Guardians,Chicago White Sox,6,3,2022,9
662850,2022-04-21,Detroit Tigers,New York Yankees,3,0,2022,3
663225,2022-04-21,Boston Red Sox,Toronto Blue Jays,2,3,2022,5
662742,2022-04-21,Kansas City Royals,Minnesota Twins,0,1,2022,1
662391,2022-04-21,Oakland Athletics,Baltimore Orioles,6,4,2022,10
662558,2022-04-21,Washington Nationals,Arizona Diamondbacks,3,4,2022,7
661391,2022-04-21,Miami Marlins,St. Louis Cardinals,5,0,2022,5
663145,2022-04-21,Chicago Cubs,Pittsburgh Pirates,3,4,2022,7
662177,2022-04-21,Seattle Mariners,Texas Rangers,6,8,2022,14
663169,2022-04-22,Cincinnati Reds,St. Louis Cardinals,2,4,2022,6
662557,2022-04-22,Washington Nationals,San Francisco Giants,1,7,2022,8
661311,2022-04-22,New York Yankees,Cleveland Guardians,4,1,2022,5
661621,2022-04-22,Philadelphia Phillies,Milwaukee Brewers,4,2,2022,6
661914,2022-04-22,Tampa Bay Rays,Boston Red Sox,3,4,2022,7
661569,2022-04-22,Atlanta Braves,Miami Marlins,3,0,2022,3
663195,2022-04-22,Chicago Cubs,Pittsburgh Pirates,2,4,2022,6
662922,2022-04-22,Houston Astros,Toronto Blue Jays,3,4,2022,7
661755,2022-04-22,Minnesota Twins,Chicago White Sox,2,1,2022,3
661037,2022-04-22,Los Angeles Angels,Baltimore Orioles,3,5,2022,8
663394,2022-04-22,Arizona Diamondbacks,New York Mets,5,6,2022,11
662230,2022-04-22,San Diego Padres,Los Angeles Dodgers,1,6,2022,7
662175,2022-04-22,Seattle Mariners,Kansas City Royals,4,1,2022,5
662390,2022-04-22,Oakland Athletics,Texas Rangers,1,8,2022,9
662549,2022-04-23,Washington Nationals,San Francisco Giants,2,5,2022,7
661310,2022-04-23,New York Yankees,Cleveland Guardians,5,4,2022,9
662848,2022-04-23,Detroit Tigers,Colorado Rockies,13,0,2022,13
662849,2022-04-23,Detroit Tigers,Colorado Rockies,2,3,2022,5
663144,2022-04-23,Chicago Cubs,Pittsburgh Pirates,21,0,2022,21
661752,2022-04-23,Minnesota Twins,Chicago White Sox,9,2,2022,11
661620,2022-04-23,Philadelphia Phillies,Milwaukee Brewers,3,5,2022,8
662389,2022-04-23,Oakland Athletics,Texas Rangers,0,2,2022,2
663100,2022-04-23,Cincinnati Reds,St. Louis Cardinals,0,5,2022,5
662875,2022-04-23,Houston Astros,Toronto Blue Jays,2,3,2022,5
661941,2022-04-23,Tampa Bay Rays,Boston Red Sox,3,2,2022,5
661568,2022-04-23,Atlanta Braves,Miami Marlins,7,9,2022,16
663384,2022-04-23,Arizona Diamondbacks,New York Mets,5,2,2022,7
662276,2022-04-23,San Diego Padres,Los Angeles Dodgers,3,2,2022,5
661035,2022-04-23,Los Angeles Angels,Baltimore Orioles,4,5,2022,9
662191,2022-04-23,Seattle Mariners,Kansas City Royals,13,7,2022,20
662853,2022-04-24,Detroit Tigers,Colorado Rockies,2,6,2022,8
661931,2022-04-24,Tampa Bay Rays,Boston Red Sox,5,2,2022,7
662539,2022-04-24,Washington Nationals,San Francisco Giants,3,12,2022,15
661590,2022-04-24,Atlanta Braves,Miami Marlins,4,5,2022,9
661317,2022-04-24,New York Yankees,Cleveland Guardians,10,2,2022,12
663111,2022-04-24,Cincinnati Reds,St. Louis Cardinals,4,1,2022,5
662921,2022-04-24,Houston Astros,Toronto Blue Jays,8,7,2022,15
661781,2022-04-24,Minnesota Twins,Chicago White Sox,6,4,2022,10
663166,2022-04-24,Chicago Cubs,Pittsburgh Pirates,3,4,2022,7
661033,2022-04-24,Los Angeles Angels,Baltimore Orioles,7,6,2022,13
662388,2022-04-24,Oakland Athletics,Texas Rangers,2,0,2022,2
663361,2022-04-24,Arizona Diamondbacks,New York Mets,2,6,2022,8
662274,2022-04-24,San Diego Padres,Los Angeles Dodgers,2,10,2022,12
662188,2022-04-24,Seattle Mariners,Kansas City Royals,5,4,2022,9
661640,2022-04-24,Philadelphia Phillies,Milwaukee Brewers,0,1,2022,1
661210,2022-04-25,Milwaukee Brewers,San Francisco Giants,2,4,2022,6
661639,2022-04-25,Philadelphia Phillies,Colorado Rockies,8,2,2022,10
661760,2022-04-25,Toronto Blue Jays,Boston Red Sox,6,2,2022,8
662008,2022-04-25,St. Louis Cardinals,New York Mets,2,5,2022,7
661979,2022-04-25,Texas Rangers,Houston Astros,6,2,2022,8
661034,2022-04-25,Los Angeles Angels,Cleveland Guardians,3,0,2022,3
663382,2022-04-25,Arizona Diamondbacks,Los Angeles Dodgers,0,4,2022,4
662297,2022-04-26,Pittsburgh Pirates,Milwaukee Brewers,8,12,2022,20
663079,2022-04-26,Cincinnati Reds,San Diego Padres,6,9,2022,15
661929,2022-04-26,Tampa Bay Rays,Seattle Mariners,4,8,2022,12
661567,2022-04-26,Philadelphia Phillies,Colorado Rockies,10,3,2022,13
662540,2022-04-26,Washington Nationals,Miami Marlins,2,5,2022,7
661309,2022-04-26,New York Yankees,Baltimore Orioles,12,8,2022,20
661758,2022-04-26,Toronto Blue Jays,Boston Red Sox,6,5,2022,11
661536,2022-04-26,Chicago White Sox,Kansas City Royals,0,6,2022,6
661589,2022-04-26,Atlanta Braves,Chicago Cubs,3,1,2022,4
661733,2022-04-26,Minnesota Twins,Detroit Tigers,5,4,2022,9
662007,2022-04-26,St. Louis Cardinals,New York Mets,0,3,2022,3
661980,2022-04-26,Texas Rangers,Houston Astros,1,5,2022,6
661032,2022-04-26,Los Angeles Angels,Cleveland Guardians,4,1,2022,5
663383,2022-04-26,Arizona Diamondbacks,Los Angeles Dodgers,5,3,2022,8
662086,2022-04-26,San Francisco Giants,Oakland Athletics,8,2,2022,10
662048,2022-04-27,St. Louis Cardinals,New York Mets,10,5,2022,15
661533,2022-04-27,Chicago White Sox,Kansas City Royals,7,3,2022,10
663393,2022-04-27,Arizona Diamondbacks,Los Angeles Dodgers,3,1,2022,4
662289,2022-04-27,Pittsburgh Pirates,Milwaukee Brewers,1,3,2022,4
663148,2022-04-27,Cincinnati Reds,San Diego Padres,5,8,2022,13
661909,2022-04-27,Tampa Bay Rays,Seattle Mariners,3,2,2022,5
661638,2022-04-27,Philadelphia Phillies,Colorado Rockies,7,3,2022,10
662546,2022-04-27,Washington Nationals,Miami Marlins,1,2,2022,3
661306,2022-04-27,New York Yankees,Baltimore Orioles,5,2,2022,7
661757,2022-04-27,Toronto Blue Jays,Boston Red Sox,1,7,2022,8
661552,2022-04-27,Atlanta Braves,Chicago Cubs,3,6,2022,9
661739,2022-04-27,Minnesota Twins,Detroit Tigers,5,0,2022,5
661964,2022-04-27,Texas Rangers,Houston Astros,3,4,2022,7
663439,2022-04-27,Los Angeles Angels,Cleveland Guardians,9,5,2022,14
662066,2022-04-27,San Francisco Giants,Oakland Athletics,0,1,2022,1
663078,2022-04-28,Cincinnati Reds,San Diego Padres,5,7,2022,12
662295,2022-04-28,Pittsburgh Pirates,Milwaukee Brewers,2,3,2022,5
661641,2022-04-28,Philadelphia Phillies,Colorado Rockies,7,1,2022,8
662538,2022-04-28,Washington Nationals,Miami Marlins,2,3,2022,5
661305,2022-04-28,New York Yankees,Baltimore Orioles,10,5,2022,15
661908,2022-04-28,Tampa Bay Rays,Seattle Mariners,2,1,2022,3
661729,2022-04-28,Minnesota Twins,Detroit Tigers,7,1,2022,8
661912,2022-04-28,Texas Rangers,Houston Astros,2,3,2022,5
661532,2022-04-28,Chicago White Sox,Kansas City Royals,2,5,2022,7
661827,2022-04-28,Toronto Blue Jays,Boston Red Sox,1,0,2022,1
663432,2022-04-28,Los Angeles Angels,Cleveland Guardians,4,1,2022,5
661551,2022-04-28,Atlanta Braves,Chicago Cubs,5,1,2022,6
662047,2022-04-28,St. Louis Cardinals,Arizona Diamondbacks,8,3,2022,11
662296,2022-04-29,Pittsburgh Pirates,San Diego Padres,3,7,2022,10
661390,2022-04-29,Miami Marlins,Seattle Mariners,8,6,2022,14
663337,2022-04-29,Baltimore Orioles,Boston Red Sox,1,3,2022,4
661826,2022-04-29,Toronto Blue Jays,Houston Astros,7,11,2022,18
661907,2022-04-29,Tampa Bay Rays,Minnesota Twins,6,1,2022,7
662592,2022-04-29,New York Mets,Philadelphia Phillies,3,0,2022,3
661535,2022-04-29,Chicago White Sox,Los Angeles Angels,1,5,2022,6
661911,2022-04-29,Texas Rangers,Atlanta Braves,3,6,2022,9
662741,2022-04-29,Kansas City Royals,New York Yankees,2,12,2022,14
661209,2022-04-29,Milwaukee Brewers,Chicago Cubs,11,1,2022,12
662037,2022-04-29,St. Louis Cardinals,Arizona Diamondbacks,2,6,2022,8
663009,2022-04-29,Colorado Rockies,Cincinnati Reds,10,4,2022,14
662405,2022-04-29,Oakland Athletics,Cleveland Guardians,8,9,2022,17
662699,2022-04-29,Los Angeles Dodgers,Detroit Tigers,5,1,2022,6
662081,2022-04-29,San Francisco Giants,Washington Nationals,4,14,2022,18
662036,2022-04-30,St. Louis Cardinals,Arizona Diamondbacks,0,2,2022,2
661825,2022-04-30,Toronto Blue Jays,Houston Astros,2,1,2022,3
662084,2022-04-30,San Francisco Giants,Washington Nationals,9,3,2022,12
661534,2022-04-30,Chicago White Sox,Los Angeles Angels,4,0,2022,4
662393,2022-04-30,Oakland Athletics,Cleveland Guardians,1,3,2022,4
661906,2022-04-30,Tampa Bay Rays,Minnesota Twins,1,9,2022,10
661389,2022-04-30,Miami Marlins,Seattle Mariners,3,1,2022,4
662288,2022-04-30,Pittsburgh Pirates,San Diego Padres,7,6,2022,13
663364,2022-04-30,Baltimore Orioles,Boston Red Sox,2,1,2022,3
661901,2022-04-30,Texas Rangers,Atlanta Braves,3,1,2022,4
662591,2022-04-30,New York Mets,Philadelphia Phillies,1,4,2022,5
662797,2022-04-30,Kansas City Royals,New York Yankees,0,3,2022,3
661208,2022-04-30,Milwaukee Brewers,Chicago Cubs,9,1,2022,10
663008,2022-04-30,Colorado Rockies,Cincinnati Reds,4,3,2022,7
662698,2022-04-30,Los Angeles Dodgers,Detroit Tigers,1,5,2022,6
663363,2022-05-01,Baltimore Orioles,Boston Red Sox,9,5,2022,14
661905,2022-05-01,Tampa Bay Rays,Minnesota Twins,3,9,2022,12
662293,2022-05-01,Pittsburgh Pirates,San Diego Padres,2,5,2022,7
661824,2022-05-01,Toronto Blue Jays,Houston Astros,3,2,2022,5
661365,2022-05-01,Miami Marlins,Seattle Mariners,3,7,2022,10
661531,2022-05-01,Chicago White Sox,Los Angeles Angels,5,6,2022,11
662691,2022-05-01,Kansas City Royals,New York Yankees,4,6,2022,10
661216,2022-05-01,Milwaukee Brewers,Chicago Cubs,0,2,2022,2
661988,2022-05-01,St. Louis Cardinals,Arizona Diamondbacks,7,5,2022,12
661935,2022-05-01,Texas Rangers,Atlanta Braves,7,3,2022,10
663007,2022-05-01,Colorado Rockies,Cincinnati Reds,10,1,2022,11
662106,2022-05-01,San Francisco Giants,Washington Nationals,5,11,2022,16
662397,2022-05-01,Oakland Athletics,Cleveland Guardians,3,7,2022,10
662716,2022-05-01,Los Angeles Dodgers,Detroit Tigers,6,3,2022,9
662579,2022-05-01,New York Mets,Philadelphia Phillies,10,6,2022,16
662009,2022-05-02,St. Louis Cardinals,Kansas City Royals,1,0,2022,1
661526,2022-05-02,Chicago White Sox,Los Angeles Angels,3,0,2022,3
661362,2022-05-02,Miami Marlins,Arizona Diamondbacks,4,5,2022,9
663362,2022-05-02,Baltimore Orioles,Minnesota Twins,1,2,2022,3
661823,2022-05-02,Toronto Blue Jays,New York Yankees,2,3,2022,5
662578,2022-05-02,New York Mets,Atlanta Braves,2,5,2022,7
662920,2022-05-02,Houston Astros,Seattle Mariners,3,0,2022,3
662387,2022-05-02,Oakland Athletics,Tampa Bay Rays,1,6,2022,7
662569,2022-05-03,New York Mets,Atlanta Braves,5,4,2022,9
662459,2022-05-03,New York Mets,Atlanta Braves,3,0,2022,3
661364,2022-05-03,Miami Marlins,Arizona Diamondbacks,4,5,2022,9
661635,2022-05-03,Philadelphia Phillies,Texas Rangers,4,6,2022,10
663463,2022-05-03,Baltimore Orioles,Minnesota Twins,2,7,2022,9
661796,2022-05-03,Toronto Blue Jays,New York Yankees,1,9,2022,10
663237,2022-05-03,Boston Red Sox,Los Angeles Angels,4,0,2022,4
663165,2022-05-03,Chicago Cubs,Chicago White Sox,1,3,2022,4
661200,2022-05-03,Milwaukee Brewers,Cincinnati Reds,6,3,2022,9
662919,2022-05-03,Houston Astros,Seattle Mariners,4,0,2022,4
662690,2022-05-03,Kansas City Royals,St. Louis Cardinals,7,1,2022,8
662994,2022-05-03,Colorado Rockies,Washington Nationals,2,10,2022,12
662386,2022-05-03,Oakland Athletics,Tampa Bay Rays,7,10,2022,17
662708,2022-05-03,Los Angeles Dodgers,San Francisco Giants,3,1,2022,4
661363,2022-05-04,Miami Marlins,Arizona Diamondbacks,7,8,2022,15
662838,2022-05-04,Detroit Tigers,Pittsburgh Pirates,3,2,2022,5
662839,2022-05-04,Detroit Tigers,Pittsburgh Pirates,2,7,2022,9
663067,2022-05-04,Cleveland Guardians,San Diego Padres,4,5,2022,9
663068,2022-05-04,Cleveland Guardians,San Diego Padres,6,5,2022,11
662739,2022-05-04,Kansas City Royals,St. Louis Cardinals,0,10,2022,10
662577,2022-05-04,New York Mets,Atlanta Braves,2,9,2022,11
662835,2022-05-04,Houston Astros,Seattle Mariners,7,2,2022,9
662382,2022-05-04,Oakland Athletics,Tampa Bay Rays,0,3,2022,3
661634,2022-05-04,Philadelphia Phillies,Texas Rangers,1,2,2022,3
663462,2022-05-04,Baltimore Orioles,Minnesota Twins,9,4,2022,13
661795,2022-05-04,Toronto Blue Jays,New York Yankees,2,1,2022,3
663248,2022-05-04,Boston Red Sox,Los Angeles Angels,5,10,2022,15
663164,2022-05-04,Chicago Cubs,Chicago White Sox,3,4,2022,7
661197,2022-05-04,Milwaukee Brewers,Cincinnati Reds,18,4,2022,22
662993,2022-05-04,Colorado Rockies,Washington Nationals,5,2,2022,7
662707,2022-05-04,Los Angeles Dodgers,San Francisco Giants,9,1,2022,10
663227,2022-05-05,Boston Red Sox,Los Angeles Angels,0,8,2022,8
661204,2022-05-05,Milwaukee Brewers,Cincinnati Reds,10,5,2022,15
663013,2022-05-05,Colorado Rockies,Washington Nationals,9,7,2022,16
663066,2022-05-05,Cleveland Guardians,Toronto Blue Jays,6,5,2022,11
661619,2022-05-05,Philadelphia Phillies,New York Mets,7,8,2022,15
661341,2022-05-05,Baltimore Orioles,Minnesota Twins,5,3,2022,8
662816,2022-05-05,Houston Astros,Detroit Tigers,3,2,2022,5
662189,2022-05-05,Seattle Mariners,Tampa Bay Rays,3,4,2022,7
662262,2022-05-05,San Diego Padres,Miami Marlins,2,1,2022,3
662105,2022-05-05,San Francisco Giants,St. Louis Cardinals,1,7,2022,8
663224,2022-05-06,Boston Red Sox,Chicago White Sox,2,4,2022,6
661541,2022-05-06,Atlanta Braves,Milwaukee Brewers,3,6,2022,9
662815,2022-05-06,Houston Astros,Detroit Tigers,3,2,2022,5
661775,2022-05-06,Minnesota Twins,Oakland Athletics,2,1,2022,3
663431,2022-05-06,Los Angeles Angels,Washington Nationals,3,0,2022,3
663360,2022-05-06,Arizona Diamondbacks,Colorado Rockies,4,1,2022,5
662187,2022-05-06,Seattle Mariners,Tampa Bay Rays,7,8,2022,15
662272,2022-05-06,San Diego Padres,Miami Marlins,3,2,2022,5
662103,2022-05-06,San Francisco Giants,St. Louis Cardinals,2,3,2022,5
663089,2022-05-07,Cincinnati Reds,Pittsburgh Pirates,9,2,2022,11
663070,2022-05-07,Cincinnati Reds,Pittsburgh Pirates,5,8,2022,13
663162,2022-05-07,Chicago Cubs,Los Angeles Dodgers,0,7,2022,7
663142,2022-05-07,Chicago Cubs,Los Angeles Dodgers,2,6,2022,8
663056,2022-05-07,Cleveland Guardians,Toronto Blue Jays,3,8,2022,11
663057,2022-05-07,Cleveland Guardians,Toronto Blue Jays,8,2,2022,10
661701,2022-05-07,Minnesota Twins,Oakland Athletics,1,0,2022,1
662796,2022-05-07,Houston Astros,Detroit Tigers,3,2,2022,5
663226,2022-05-07,Boston Red Sox,Chicago White Sox,1,3,2022,4
662102,2022-05-07,San Francisco Giants,St. Louis Cardinals,13,7,2022,20
661540,2022-05-07,Atlanta Braves,Milwaukee Brewers,3,2,2022,5
663359,2022-05-07,Arizona Diamondbacks,Colorado Rockies,1,4,2022,5
662261,2022-05-07,San Diego Padres,Miami Marlins,0,8,2022,8
663430,2022-05-07,Los Angeles Angels,Washington Nationals,3,7,2022,10
662159,2022-05-07,Seattle Mariners,Tampa Bay Rays,2,8,2022,10
663278,2022-05-08,Boston Red Sox,Chicago White Sox,2,3,2022,5
661626,2022-05-08,Philadelphia Phillies,New York Mets,3,2,2022,5
661627,2022-05-08,Philadelphia Phillies,New York Mets,1,6,2022,7
661307,2022-05-08,Baltimore Orioles,Kansas City Royals,4,6,2022,10
661345,2022-05-08,Baltimore Orioles,Kansas City Royals,4,2,2022,6
661302,2022-05-08,New York Yankees,Texas Rangers,2,1,2022,3
661304,2022-05-08,New York Yankees,Texas Rangers,2,4,2022,6
661550,2022-05-08,Atlanta Braves,Milwaukee Brewers,9,2,2022,11
663069,2022-05-08,Cincinnati Reds,Pittsburgh Pirates,7,3,2022,10
663086,2022-05-08,Cleveland Guardians,Toronto Blue Jays,4,3,2022,7
662795,2022-05-08,Houston Astros,Detroit Tigers,5,0,2022,5
661700,2022-05-08,Minnesota Twins,Oakland Athletics,4,3,2022,7
662098,2022-05-08,San Francisco Giants,St. Louis Cardinals,4,3,2022,7
663429,2022-05-08,Los Angeles Angels,Washington Nationals,5,4,2022,9
663368,2022-05-08,Arizona Diamondbacks,Colorado Rockies,4,0,2022,4
662160,2022-05-08,Seattle Mariners,Tampa Bay Rays,2,1,2022,3
662260,2022-05-08,San Diego Padres,Miami Marlins,3,2,2022,5
663161,2022-05-08,Chicago Cubs,Los Angeles Dodgers,1,7,2022,8
661349,2022-05-09,Baltimore Orioles,Kansas City Royals,6,1,2022,7
661303,2022-05-09,New York Yankees,Texas Rangers,1,0,2022,1
662287,2022-05-09,Pittsburgh Pirates,Los Angeles Dodgers,5,1,2022,6
663101,2022-05-09,Cincinnati Reds,Milwaukee Brewers,10,5,2022,15
662837,2022-05-09,Detroit Tigers,Oakland Athletics,0,2,2022,2
661525,2022-05-09,Chicago White Sox,Cleveland Guardians,9,12,2022,21
663438,2022-05-09,Los Angeles Angels,Tampa Bay Rays,11,3,2022,14
662259,2022-05-09,San Diego Padres,Chicago Cubs,0,6,2022,6
662158,2022-05-09,Seattle Mariners,Philadelphia Phillies,0,9,2022,9
663366,2022-05-09,Arizona Diamondbacks,Miami Marlins,4,3,2022,7
662097,2022-05-09,San Francisco Giants,Colorado Rockies,8,5,2022,13
662412,2022-05-10,Oakland Athletics,Detroit Tigers,0,6,2022,6
662855,2022-05-10,Detroit Tigers,Oakland Athletics,1,4,2022,5
662292,2022-05-10,Pittsburgh Pirates,Los Angeles Dodgers,1,11,2022,12
663090,2022-05-10,Cincinnati Reds,Milwaukee Brewers,4,5,2022,9
662537,2022-05-10,Washington Nationals,New York Mets,2,4,2022,6
661301,2022-05-10,New York Yankees,Toronto Blue Jays,6,5,2022,11
661549,2022-05-10,Atlanta Braves,Boston Red Sox,4,9,2022,13
661696,2022-05-10,Minnesota Twins,Houston Astros,0,5,2022,5
661987,2022-05-10,St. Louis Cardinals,Baltimore Orioles,3,5,2022,8
662016,2022-05-10,Texas Rangers,Kansas City Royals,6,4,2022,10
661524,2022-05-10,Chicago White Sox,Cleveland Guardians,4,1,2022,5
663416,2022-05-10,Los Angeles Angels,Tampa Bay Rays,12,0,2022,12
662258,2022-05-10,San Diego Padres,Chicago Cubs,5,4,2022,9
662157,2022-05-10,Seattle Mariners,Philadelphia Phillies,5,4,2022,9
663350,2022-05-10,Arizona Diamondbacks,Miami Marlins,9,3,2022,12
662096,2022-05-10,San Francisco Giants,Colorado Rockies,9,2,2022,11
662385,2022-05-11,Pittsburgh Pirates,Los Angeles Dodgers,5,3,2022,8
661300,2022-05-11,New York Yankees,Toronto Blue Jays,5,3,2022,8
663074,2022-05-11,Cincinnati Reds,Milwaukee Brewers,14,11,2022,25
662176,2022-05-11,Seattle Mariners,Philadelphia Phillies,2,4,2022,6
663358,2022-05-11,Arizona Diamondbacks,Miami Marlins,3,11,2022,14
662095,2022-05-11,San Francisco Giants,Colorado Rockies,7,1,2022,8
662273,2022-05-11,San Diego Padres,Chicago Cubs,5,7,2022,12
662526,2022-05-11,Washington Nationals,New York Mets,8,3,2022,11
663450,2022-05-11,Los Angeles Angels,Tampa Bay Rays,2,4,2022,6
662873,2022-05-11,Detroit Tigers,Oakland Athletics,0,9,2022,9
661548,2022-05-11,Atlanta Braves,Boston Red Sox,5,3,2022,8
661702,2022-05-11,Minnesota Twins,Houston Astros,3,11,2022,14
662006,2022-05-11,St. Louis Cardinals,Baltimore Orioles,10,1,2022,11
661899,2022-05-11,Texas Rangers,Kansas City Royals,2,8,2022,10
662548,2022-05-12,Washington Nationals,New York Mets,1,4,2022,5
662872,2022-05-12,Detroit Tigers,Oakland Athletics,3,5,2022,8
662005,2022-05-12,St. Louis Cardinals,Baltimore Orioles,2,3,2022,5
661694,2022-05-12,Minnesota Twins,Houston Astros,0,5,2022,5
662372,2022-05-12,Pittsburgh Pirates,Cincinnati Reds,0,4,2022,4
661883,2022-05-12,Texas Rangers,Kansas City Royals,3,1,2022,4
661519,2022-05-12,Chicago White Sox,New York Yankees,7,15,2022,22
662706,2022-05-12,Los Angeles Dodgers,Philadelphia Phillies,7,9,2022,16
662494,2022-05-13,Pittsburgh Pirates,Cincinnati Reds,2,8,2022,10
661361,2022-05-13,Miami Marlins,Milwaukee Brewers,1,2,2022,3
662525,2022-05-13,Washington Nationals,Houston Astros,1,6,2022,7
662851,2022-05-13,Detroit Tigers,Baltimore Orioles,4,2,2022,6
662523,2022-05-13,New York Mets,Seattle Mariners,1,2,2022,3
661904,2022-05-13,Tampa Bay Rays,Toronto Blue Jays,5,2,2022,7
661547,2022-05-13,Atlanta Braves,San Diego Padres,6,11,2022,17
661882,2022-05-13,Texas Rangers,Boston Red Sox,1,7,2022,8
661698,2022-05-13,Minnesota Twins,Cleveland Guardians,12,8,2022,20
661491,2022-05-13,Chicago White Sox,New York Yankees,4,10,2022,14
661986,2022-05-13,St. Louis Cardinals,San Francisco Giants,2,8,2022,10
663012,2022-05-13,Colorado Rockies,Kansas City Royals,10,14,2022,24
663349,2022-05-13,Arizona Diamondbacks,Chicago Cubs,4,3,2022,7
662381,2022-05-13,Oakland Athletics,Los Angeles Angels,0,2,2022,2
662705,2022-05-13,Los Angeles Dodgers,Philadelphia Phillies,10,12,2022,22
661985,2022-05-14,St. Louis Cardinals,San Francisco Giants,4,0,2022,4
661546,2022-05-14,Atlanta Braves,San Diego Padres,6,5,2022,11
662379,2022-05-14,Oakland Athletics,Los Angeles Angels,4,3,2022,7
662399,2022-05-14,Oakland Athletics,Los Angeles Angels,1,9,2022,10
662844,2022-05-14,Detroit Tigers,Baltimore Orioles,3,0,2022,3
661903,2022-05-14,Tampa Bay Rays,Toronto Blue Jays,1,5,2022,6
661414,2022-05-14,Miami Marlins,Milwaukee Brewers,9,3,2022,12
662384,2022-05-14,Pittsburgh Pirates,Cincinnati Reds,3,1,2022,4
662547,2022-05-14,Washington Nationals,Houston Astros,13,6,2022,19
661147,2022-05-14,Texas Rangers,Boston Red Sox,3,11,2022,14
662568,2022-05-14,New York Mets,Seattle Mariners,5,4,2022,9
661695,2022-05-14,Minnesota Twins,Cleveland Guardians,2,3,2022,5
661490,2022-05-14,Chicago White Sox,New York Yankees,3,2,2022,5
663348,2022-05-14,Arizona Diamondbacks,Chicago Cubs,2,4,2022,6
663011,2022-05-14,Colorado Rockies,Kansas City Royals,10,4,2022,14
662704,2022-05-14,Los Angeles Dodgers,Philadelphia Phillies,3,8,2022,11
661545,2022-05-15,Atlanta Braves,San Diego Padres,3,7,2022,10
662528,2022-05-15,Washington Nationals,Houston Astros,0,8,2022,8
662519,2022-05-15,Pittsburgh Pirates,Cincinnati Reds,1,0,2022,1
662843,2022-05-15,Detroit Tigers,Baltimore Orioles,5,1,2022,6
662567,2022-05-15,New York Mets,Seattle Mariners,7,8,2022,15
661902,2022-05-15,Tampa Bay Rays,Toronto Blue Jays,3,0,2022,3
661403,2022-05-15,Miami Marlins,Milwaukee Brewers,3,7,2022,10
661732,2022-05-15,Minnesota Twins,Cleveland Guardians,3,1,2022,4
661489,2022-05-15,Chicago White Sox,New York Yankees,1,5,2022,6
661146,2022-05-15,Texas Rangers,Boston Red Sox,7,1,2022,8
663010,2022-05-15,Colorado Rockies,Kansas City Royals,7,8,2022,15
662380,2022-05-15,Oakland Athletics,Los Angeles Angels,1,4,2022,5
663367,2022-05-15,Arizona Diamondbacks,Chicago Cubs,2,3,2022,5
662696,2022-05-15,Los Angeles Dodgers,Philadelphia Phillies,5,4,2022,9
661984,2022-05-15,St. Louis Cardinals,San Francisco Giants,15,6,2022,21
661961,2022-05-16,Tampa Bay Rays,Detroit Tigers,2,3,2022,5
661402,2022-05-16,Miami Marlins,Washington Nationals,8,2,2022,10
661308,2022-05-16,Baltimore Orioles,New York Yankees,2,6,2022,8
661794,2022-05-16,Toronto Blue Jays,Seattle Mariners,6,2,2022,8
663275,2022-05-16,Boston Red Sox,Houston Astros,6,3,2022,9
663151,2022-05-16,Chicago Cubs,Pittsburgh Pirates,9,0,2022,9
661212,2022-05-16,Milwaukee Brewers,Atlanta Braves,1,0,2022,1
661145,2022-05-16,Texas Rangers,Los Angeles Angels,7,4,2022,11
662728,2022-05-16,Kansas City Royals,Chicago White Sox,3,5,2022,8
663005,2022-05-16,Colorado Rockies,San Francisco Giants,6,7,2022,13
662378,2022-05-16,Oakland Athletics,Minnesota Twins,1,3,2022,4
662695,2022-05-16,Los Angeles Dodgers,Arizona Diamondbacks,5,4,2022,9
662780,2022-05-17,Kansas City Royals,Chicago White Sox,0,3,2022,3
662727,2022-05-17,Kansas City Royals,Chicago White Sox,2,1,2022,3
662628,2022-05-17,Los Angeles Dodgers,Arizona Diamondbacks,7,6,2022,13
662697,2022-05-17,Los Angeles Dodgers,Arizona Diamondbacks,12,3,2022,15
662507,2022-05-17,New York Mets,St. Louis Cardinals,3,1,2022,4
662566,2022-05-17,New York Mets,St. Louis Cardinals,3,4,2022,7
663032,2022-05-17,Cleveland Guardians,Cincinnati Reds,4,5,2022,9
662053,2022-05-17,Tampa Bay Rays,Detroit Tigers,8,1,2022,9
661401,2022-05-17,Miami Marlins,Washington Nationals,5,1,2022,6
661625,2022-05-17,Philadelphia Phillies,San Diego Padres,0,3,2022,3
661342,2022-05-17,Baltimore Orioles,New York Yankees,4,5,2022,9
661765,2022-05-17,Toronto Blue Jays,Seattle Mariners,3,0,2022,3
663271,2022-05-17,Boston Red Sox,Houston Astros,4,13,2022,17
663157,2022-05-17,Chicago Cubs,Pittsburgh Pirates,7,0,2022,7
661196,2022-05-17,Milwaukee Brewers,Atlanta Braves,0,3,2022,3
661126,2022-05-17,Texas Rangers,Los Angeles Angels,10,5,2022,15
663004,2022-05-17,Colorado Rockies,San Francisco Giants,7,10,2022,17
662370,2022-05-17,Oakland Athletics,Minnesota Twins,5,2,2022,7
662054,2022-05-18,Tampa Bay Rays,Detroit Tigers,6,1,2022,7
661202,2022-05-18,Milwaukee Brewers,Atlanta Braves,7,6,2022,13
663003,2022-05-18,Colorado Rockies,San Francisco Giants,5,3,2022,8
662377,2022-05-18,Oakland Athletics,Minnesota Twins,4,14,2022,18
662744,2022-05-18,Los Angeles Dodgers,Arizona Diamondbacks,5,3,2022,8
663270,2022-05-18,Boston Red Sox,Houston Astros,5,1,2022,6
661400,2022-05-18,Miami Marlins,Washington Nationals,4,5,2022,9
661624,2022-05-18,Philadelphia Phillies,San Diego Padres,3,0,2022,3
661344,2022-05-18,Baltimore Orioles,New York Yankees,2,3,2022,5
661767,2022-05-18,Toronto Blue Jays,Seattle Mariners,1,5,2022,6
662554,2022-05-18,New York Mets,St. Louis Cardinals,11,4,2022,15
663156,2022-05-18,Chicago Cubs,Pittsburgh Pirates,2,3,2022,5
661125,2022-05-18,Texas Rangers,Los Angeles Angels,6,5,2022,11
662726,2022-05-18,Kansas City Royals,Chicago White Sox,6,2,2022,8
661347,2022-05-19,Baltimore Orioles,New York Yankees,9,6,2022,15
661623,2022-05-19,Philadelphia Phillies,San Diego Padres,0,2,2022,2
663043,2022-05-19,Cleveland Guardians,Cincinnati Reds,2,4,2022,6
662520,2022-05-19,New York Mets,St. Louis Cardinals,7,6,2022,13
662715,2022-05-19,Kansas City Royals,Chicago White Sox,4,7,2022,11
663269,2022-05-19,Boston Red Sox,Seattle Mariners,12,6,2022,18
663193,2022-05-19,Chicago Cubs,Arizona Diamondbacks,1,3,2022,4
662778,2022-05-19,Houston Astros,Texas Rangers,5,1,2022,6
663143,2022-05-20,Chicago Cubs,Arizona Diamondbacks,6,10,2022,16
662506,2022-05-20,Pittsburgh Pirates,St. Louis Cardinals,3,5,2022,8
661339,2022-05-20,Miami Marlins,Atlanta Braves,3,5,2022,8
661348,2022-05-20,Baltimore Orioles,Tampa Bay Rays,8,6,2022,14
661632,2022-05-20,Philadelphia Phillies,Los Angeles Dodgers,1,4,2022,5
661766,2022-05-20,Toronto Blue Jays,Cincinnati Reds,2,1,2022,3
663135,2022-05-20,Cleveland Guardians,Detroit Tigers,6,1,2022,7
663268,2022-05-20,Boston Red Sox,Seattle Mariners,7,3,2022,10
662764,2022-05-20,Houston Astros,Texas Rangers,0,3,2022,3
662714,2022-05-20,Kansas City Royals,Minnesota Twins,4,6,2022,10
661195,2022-05-20,Milwaukee Brewers,Washington Nationals,7,0,2022,7
663449,2022-05-20,Los Angeles Angels,Oakland Athletics,2,4,2022,6
662078,2022-05-20,San Francisco Giants,San Diego Padres,7,8,2022,15
661289,2022-05-21,New York Yankees,Chicago White Sox,7,5,2022,12
663194,2022-05-21,Chicago Cubs,Arizona Diamondbacks,6,7,2022,13
661793,2022-05-21,Toronto Blue Jays,Cincinnati Reds,3,1,2022,4
663002,2022-05-21,Colorado Rockies,New York Mets,1,5,2022,6
663001,2022-05-21,Colorado Rockies,New York Mets,11,3,2022,14
662077,2022-05-21,San Francisco Giants,San Diego Padres,1,2,2022,3
663234,2022-05-21,Boston Red Sox,Seattle Mariners,6,5,2022,11
661631,2022-05-21,Philadelphia Phillies,Los Angeles Dodgers,4,7,2022,11
661399,2022-05-21,Miami Marlins,Atlanta Braves,3,4,2022,7
662478,2022-05-21,Pittsburgh Pirates,St. Louis Cardinals,4,5,2022,9
661291,2022-05-21,Baltimore Orioles,Tampa Bay Rays,1,6,2022,7
662763,2022-05-21,Houston Astros,Texas Rangers,2,1,2022,3
662713,2022-05-21,Kansas City Royals,Minnesota Twins,2,9,2022,11
661280,2022-05-21,Milwaukee Brewers,Washington Nationals,5,1,2022,6
663448,2022-05-21,Los Angeles Angels,Oakland Athletics,5,3,2022,8
662479,2022-05-22,Pittsburgh Pirates,St. Louis Cardinals,4,18,2022,22
663277,2022-05-22,Boston Red Sox,Seattle Mariners,8,4,2022,12
661279,2022-05-22,Baltimore Orioles,Tampa Bay Rays,7,6,2022,13
661611,2022-05-22,Philadelphia Phillies,Los Angeles Dodgers,4,3,2022,7
661763,2022-05-22,Toronto Blue Jays,Cincinnati Reds,2,3,2022,5
663120,2022-05-22,Cleveland Guardians,Detroit Tigers,2,4,2022,6
661398,2022-05-22,Miami Marlins,Atlanta Braves,4,3,2022,7
662857,2022-05-22,Houston Astros,Texas Rangers,5,2,2022,7
662712,2022-05-22,Kansas City Royals,Minnesota Twins,6,7,2022,13
661248,2022-05-22,Milwaukee Brewers,Washington Nationals,2,8,2022,10
663150,2022-05-22,Chicago Cubs,Arizona Diamondbacks,5,4,2022,9
661288,2022-05-22,New York Yankees,Chicago White Sox,1,3,2022,4
661290,2022-05-22,New York Yankees,Chicago White Sox,0,5,2022,5
662982,2022-05-22,Colorado Rockies,New York Mets,0,2,2022,2
662076,2022-05-22,San Francisco Giants,San Diego Padres,1,10,2022,11
663447,2022-05-22,Los Angeles Angels,Oakland Athletics,4,1,2022,5
662455,2022-05-23,Pittsburgh Pirates,Colorado Rockies,2,1,2022,3
663073,2022-05-23,Cincinnati Reds,Chicago Cubs,4,7,2022,11
662524,2022-05-23,Washington Nationals,Los Angeles Dodgers,1,10,2022,11
661287,2022-05-23,New York Yankees,Baltimore Orioles,4,6,2022,10
661544,2022-05-23,Atlanta Braves,Philadelphia Phillies,3,7,2022,10
661730,2022-05-23,Minnesota Twins,Detroit Tigers,5,4,2022,9
661999,2022-05-23,St. Louis Cardinals,Toronto Blue Jays,7,3,2022,10
662858,2022-05-23,Houston Astros,Cleveland Guardians,1,6,2022,7
663340,2022-05-23,Arizona Diamondbacks,Kansas City Royals,9,5,2022,14
662135,2022-05-23,Seattle Mariners,Oakland Athletics,7,6,2022,13
662257,2022-05-23,San Diego Padres,Milwaukee Brewers,3,2,2022,5
662075,2022-05-23,San Francisco Giants,New York Mets,3,13,2022,16
662454,2022-05-24,Pittsburgh Pirates,Colorado Rockies,1,2,2022,3
663103,2022-05-24,Cincinnati Reds,Chicago Cubs,4,11,2022,15
661978,2022-05-24,Tampa Bay Rays,Miami Marlins,4,0,2022,4
662536,2022-05-24,Washington Nationals,Los Angeles Dodgers,4,9,2022,13
661285,2022-05-24,New York Yankees,Baltimore Orioles,7,6,2022,13
661543,2022-05-24,Atlanta Braves,Philadelphia Phillies,6,5,2022,11
661699,2022-05-24,Minnesota Twins,Detroit Tigers,2,0,2022,2
661998,2022-05-24,St. Louis Cardinals,Toronto Blue Jays,1,8,2022,9
662846,2022-05-24,Houston Astros,Cleveland Guardians,7,3,2022,10
661488,2022-05-24,Chicago White Sox,Boston Red Sox,3,16,2022,19
663381,2022-05-24,Los Angeles Angels,Texas Rangers,5,3,2022,8
663339,2022-05-24,Arizona Diamondbacks,Kansas City Royals,8,6,2022,14
662134,2022-05-24,Seattle Mariners,Oakland Athletics,5,7,2022,12
662229,2022-05-24,San Diego Padres,Milwaukee Brewers,1,4,2022,5
662074,2022-05-24,San Francisco Giants,New York Mets,13,12,2022,25
662453,2022-05-25,Pittsburgh Pirates,Colorado Rockies,10,5,2022,15
661772,2022-05-25,Minnesota Twins,Detroit Tigers,2,4,2022,6
662093,2022-05-25,San Francisco Giants,New York Mets,9,3,2022,12
662527,2022-05-25,Washington Nationals,Los Angeles Dodgers,1,0,2022,1
662133,2022-05-25,Seattle Mariners,Oakland Athletics,2,4,2022,6
662228,2022-05-25,San Diego Padres,Milwaukee Brewers,1,2,2022,3
663082,2022-05-25,Cincinnati Reds,Chicago Cubs,4,3,2022,7
662052,2022-05-25,Tampa Bay Rays,Miami Marlins,5,4,2022,9
661286,2022-05-25,New York Yankees,Baltimore Orioles,2,0,2022,2
661542,2022-05-25,Atlanta Braves,Philadelphia Phillies,8,4,2022,12
662845,2022-05-25,Houston Astros,Cleveland Guardians,2,1,2022,3
661487,2022-05-25,Chicago White Sox,Boston Red Sox,3,1,2022,4
663446,2022-05-25,Los Angeles Angels,Texas Rangers,2,7,2022,9
663081,2022-05-26,Cincinnati Reds,Chicago Cubs,20,5,2022,25
662051,2022-05-26,Tampa Bay Rays,New York Yankees,2,7,2022,9
662515,2022-05-26,Washington Nationals,Colorado Rockies,7,3,2022,10
662842,2022-05-26,Detroit Tigers,Cleveland Guardians,4,3,2022,7
661574,2022-05-26,Atlanta Braves,Philadelphia Phillies,1,4,2022,5
661771,2022-05-26,Minnesota Twins,Kansas City Royals,2,3,2022,5
661997,2022-05-26,St. Louis Cardinals,Milwaukee Brewers,3,4,2022,7
661486,2022-05-26,Chicago White Sox,Boston Red Sox,7,16,2022,23
663445,2022-05-26,Los Angeles Angels,Toronto Blue Jays,3,6,2022,9
663338,2022-05-26,Arizona Diamondbacks,Los Angeles Dodgers,1,14,2022,15
662376,2022-05-26,Oakland Athletics,Texas Rangers,1,4,2022,5
663080,2022-05-27,Cincinnati Reds,San Francisco Giants,5,1,2022,6
663276,2022-05-27,Boston Red Sox,Baltimore Orioles,8,12,2022,20
662543,2022-05-27,New York Mets,Philadelphia Phillies,8,6,2022,14
661960,2022-05-27,Tampa Bay Rays,New York Yankees,0,2,2022,2
661539,2022-05-27,Atlanta Braves,Miami Marlins,6,4,2022,10
661777,2022-05-27,Minnesota Twins,Kansas City Royals,10,7,2022,17
661992,2022-05-27,St. Louis Cardinals,Milwaukee Brewers,4,2,2022,6
663444,2022-05-27,Los Angeles Angels,Toronto Blue Jays,3,4,2022,7
663347,2022-05-27,Arizona Diamondbacks,Los Angeles Dodgers,4,6,2022,10
662281,2022-05-27,San Diego Padres,Pittsburgh Pirates,4,3,2022,7
662132,2022-05-27,Seattle Mariners,Houston Astros,6,1,2022,7
662369,2022-05-27,Oakland Athletics,Texas Rangers,5,8,2022,13
662514,2022-05-28,Washington Nationals,Colorado Rockies,13,7,2022,20
662513,2022-05-28,Washington Nationals,Colorado Rockies,2,3,2022,5
663257,2022-05-28,Boston Red Sox,Baltimore Orioles,5,3,2022,8
663309,2022-05-28,Boston Red Sox,Baltimore Orioles,2,4,2022,6
661774,2022-05-28,Minnesota Twins,Kansas City Royals,3,7,2022,10
661991,2022-05-28,St. Louis Cardinals,Milwaukee Brewers,8,3,2022,11
662375,2022-05-28,Oakland Athletics,Texas Rangers,4,11,2022,15
662852,2022-05-28,Detroit Tigers,Cleveland Guardians,1,8,2022,9
663118,2022-05-28,Cincinnati Reds,San Francisco Giants,3,2,2022,5
661537,2022-05-28,Atlanta Braves,Miami Marlins,1,4,2022,5
661933,2022-05-28,Tampa Bay Rays,New York Yankees,3,1,2022,4
663330,2022-05-28,Arizona Diamondbacks,Los Angeles Dodgers,2,3,2022,5
662556,2022-05-28,New York Mets,Philadelphia Phillies,8,2,2022,10
661518,2022-05-28,Chicago White Sox,Chicago Cubs,1,5,2022,6
663400,2022-05-28,Los Angeles Angels,Toronto Blue Jays,5,6,2022,11
662280,2022-05-28,San Diego Padres,Pittsburgh Pirates,2,4,2022,6
662131,2022-05-28,Seattle Mariners,Houston Astros,6,0,2022,6
663072,2022-05-29,Cincinnati Reds,San Francisco Giants,4,6,2022,10
663299,2022-05-29,Boston Red Sox,Baltimore Orioles,12,2,2022,14
662512,2022-05-29,Washington Nationals,Colorado Rockies,6,5,2022,11
661517,2022-05-29,Atlanta Braves,Miami Marlins,6,3,2022,9
662840,2022-05-29,Detroit Tigers,Cleveland Guardians,2,1,2022,3
661910,2022-05-29,Tampa Bay Rays,New York Yankees,4,2,2022,6
661731,2022-05-29,Minnesota Twins,Kansas City Royals,7,3,2022,10
661461,2022-05-29,Chicago White Sox,Chicago Cubs,5,4,2022,9
661990,2022-05-29,St. Louis Cardinals,Milwaukee Brewers,0,8,2022,8
662374,2022-05-29,Oakland Athletics,Texas Rangers,6,5,2022,11
663414,2022-05-29,Los Angeles Angels,Toronto Blue Jays,10,11,2022,21
663328,2022-05-29,Arizona Diamondbacks,Los Angeles Dodgers,1,3,2022,4
662279,2022-05-29,San Diego Padres,Pittsburgh Pirates,4,2,2022,6
662130,2022-05-29,Seattle Mariners,Houston Astros,1,2,2022,3
662555,2022-05-29,New York Mets,Philadelphia Phillies,5,4,2022,9
663149,2022-05-30,Chicago Cubs,Milwaukee Brewers,6,7,2022,13
663147,2022-05-30,Chicago Cubs,Milwaukee Brewers,1,3,2022,4
662854,2022-05-30,Detroit Tigers,Minnesota Twins,7,5,2022,12
661989,2022-05-30,St. Louis Cardinals,San Diego Padres,6,3,2022,9
661613,2022-05-30,Philadelphia Phillies,San Francisco Giants,4,5,2022,9
662373,2022-05-30,Oakland Athletics,Houston Astros,1,5,2022,6
662992,2022-05-30,Colorado Rockies,Miami Marlins,7,1,2022,8
663109,2022-05-30,Cleveland Guardians,Kansas City Royals,7,3,2022,10
663298,2022-05-30,Boston Red Sox,Baltimore Orioles,0,10,2022,10
662545,2022-05-30,New York Mets,Washington Nationals,13,5,2022,18
661900,2022-05-30,Texas Rangers,Tampa Bay Rays,9,5,2022,14
663327,2022-05-30,Arizona Diamondbacks,Atlanta Braves,6,2,2022,8
662743,2022-05-30,Los Angeles Dodgers,Pittsburgh Pirates,5,6,2022,11
662806,2022-05-31,Detroit Tigers,Minnesota Twins,2,8,2022,10
662836,2022-05-31,Detroit Tigers,Minnesota Twins,4,0,2022,4
663034,2022-05-31,Cleveland Guardians,Kansas City Royals,8,3,2022,11
661618,2022-05-31,Philadelphia Phillies,San Francisco Giants,4,7,2022,11
661075,2022-05-31,Baltimore Orioles,Seattle Mariners,0,10,2022,10
661331,2022-05-31,New York Yankees,Los Angeles Angels,9,1,2022,10
661797,2022-05-31,Toronto Blue Jays,Chicago White Sox,6,5,2022,11
663297,2022-05-31,Boston Red Sox,Cincinnati Reds,1,2,2022,3
662544,2022-05-31,New York Mets,Washington Nationals,10,0,2022,10
661977,2022-05-31,St. Louis Cardinals,San Diego Padres,3,2,2022,5
661884,2022-05-31,Texas Rangers,Tampa Bay Rays,3,0,2022,3
663154,2022-05-31,Chicago Cubs,Milwaukee Brewers,8,7,2022,15
662367,2022-05-31,Oakland Athletics,Houston Astros,1,3,2022,4
663329,2022-05-31,Arizona Diamondbacks,Atlanta Braves,8,7,2022,15
662735,2022-05-31,Los Angeles Dodgers,Pittsburgh Pirates,3,5,2022,8
663031,2022-06-01,Cleveland Guardians,Kansas City Royals,4,0,2022,4
662457,2022-06-01,New York Mets,Washington Nationals,5,0,2022,5
661982,2022-06-01,St. Louis Cardinals,San Diego Padres,5,2,2022,7
662981,2022-06-01,Colorado Rockies,Miami Marlins,1,14,2022,15
662991,2022-06-01,Colorado Rockies,Miami Marlins,13,12,2022,25
662366,2022-06-01,Oakland Athletics,Houston Astros,4,5,2022,9
663326,2022-06-01,Arizona Diamondbacks,Atlanta Braves,0,6,2022,6
661612,2022-06-01,Philadelphia Phillies,San Francisco Giants,6,5,2022,11
661343,2022-06-01,Baltimore Orioles,Seattle Mariners,9,2,2022,11
661764,2022-06-01,Toronto Blue Jays,Chicago White Sox,7,3,2022,10
663296,2022-06-01,Boston Red Sox,Cincinnati Reds,7,1,2022,8
662833,2022-06-01,Detroit Tigers,Minnesota Twins,5,0,2022,5
661963,2022-06-01,Texas Rangers,Tampa Bay Rays,3,4,2022,7
663184,2022-06-01,Chicago Cubs,Milwaukee Brewers,4,3,2022,7
662721,2022-06-01,Los Angeles Dodgers,Pittsburgh Pirates,4,8,2022,12
661330,2022-06-02,New York Yankees,Los Angeles Angels,6,1,2022,7
661329,2022-06-02,New York Yankees,Los Angeles Angels,2,1,2022,3
662832,2022-06-02,Detroit Tigers,Minnesota Twins,3,2,2022,5
661934,2022-06-02,Texas Rangers,Tampa Bay Rays,1,3,2022,4
661762,2022-06-02,Toronto Blue Jays,Chicago White Sox,8,3,2022,11
663091,2022-06-02,Cincinnati Reds,Washington Nationals,8,1,2022,9
661397,2022-06-02,Miami Marlins,San Francisco Giants,3,0,2022,3
661247,2022-06-02,Baltimore Orioles,Seattle Mariners,6,7,2022,13
661340,2022-06-02,Milwaukee Brewers,San Diego Padres,5,4,2022,9
663139,2022-06-02,Chicago Cubs,St. Louis Cardinals,7,5,2022,12
663000,2022-06-02,Colorado Rockies,Atlanta Braves,6,13,2022,19
662693,2022-06-02,Los Angeles Dodgers,New York Mets,2,0,2022,2
663153,2022-06-03,Chicago Cubs,St. Louis Cardinals,5,14,2022,19
663119,2022-06-03,Cincinnati Reds,Washington Nationals,5,8,2022,13
661396,2022-06-03,Miami Marlins,San Francisco Giants,6,15,2022,21
661058,2022-06-03,Baltimore Orioles,Cleveland Guardians,3,6,2022,9
662452,2022-06-03,Pittsburgh Pirates,Arizona Diamondbacks,6,8,2022,14
661642,2022-06-03,Philadelphia Phillies,Los Angeles Angels,10,0,2022,10
661318,2022-06-03,New York Yankees,Detroit Tigers,13,0,2022,13
661761,2022-06-03,Toronto Blue Jays,Minnesota Twins,3,9,2022,12
661897,2022-06-03,Tampa Bay Rays,Chicago White Sox,6,3,2022,9
661913,2022-06-03,Texas Rangers,Seattle Mariners,3,4,2022,7
662692,2022-06-03,Kansas City Royals,Houston Astros,3,10,2022,13
661334,2022-06-03,Milwaukee Brewers,San Diego Padres,0,7,2022,7
662980,2022-06-03,Colorado Rockies,Atlanta Braves,1,3,2022,4
662365,2022-06-03,Oakland Athletics,Boston Red Sox,2,7,2022,9
662720,2022-06-03,Los Angeles Dodgers,New York Mets,6,1,2022,7
661278,2022-06-04,New York Yankees,Detroit Tigers,3,0,2022,3
663179,2022-06-04,Chicago Cubs,St. Louis Cardinals,6,1,2022,7
663152,2022-06-04,Chicago Cubs,St. Louis Cardinals,4,7,2022,11
661749,2022-06-04,Toronto Blue Jays,Minnesota Twins,12,3,2022,15
661346,2022-06-04,Baltimore Orioles,Cleveland Guardians,5,4,2022,9
662451,2022-06-04,Pittsburgh Pirates,Arizona Diamondbacks,2,1,2022,3
661936,2022-06-04,Texas Rangers,Seattle Mariners,3,2,2022,5
662364,2022-06-04,Oakland Athletics,Boston Red Sox,0,8,2022,8
662689,2022-06-04,Kansas City Royals,Houston Astros,6,0,2022,6
663102,2022-06-04,Cincinnati Reds,Washington Nationals,8,10,2022,18
661896,2022-06-04,Tampa Bay Rays,Chicago White Sox,2,3,2022,5
661395,2022-06-04,Miami Marlins,San Francisco Giants,5,4,2022,9
661214,2022-06-04,Milwaukee Brewers,San Diego Padres,0,4,2022,4
661615,2022-06-04,Philadelphia Phillies,Los Angeles Angels,7,2,2022,9
662987,2022-06-04,Colorado Rockies,Atlanta Braves,2,6,2022,8
662687,2022-06-04,Los Angeles Dodgers,New York Mets,4,9,2022,13
661277,2022-06-05,New York Yankees,Detroit Tigers,5,4,2022,9
661151,2022-06-05,Baltimore Orioles,Cleveland Guardians,2,3,2022,5
662450,2022-06-05,Pittsburgh Pirates,Arizona Diamondbacks,3,0,2022,3
661633,2022-06-05,Philadelphia Phillies,Los Angeles Angels,9,7,2022,16
661747,2022-06-05,Toronto Blue Jays,Minnesota Twins,6,8,2022,14
663058,2022-06-05,Cincinnati Reds,Washington Nationals,4,5,2022,9
661895,2022-06-05,Tampa Bay Rays,Chicago White Sox,5,6,2022,11
661394,2022-06-05,Miami Marlins,San Francisco Giants,1,5,2022,6
662688,2022-06-05,Kansas City Royals,Houston Astros,4,7,2022,11
661241,2022-06-05,Milwaukee Brewers,San Diego Padres,4,6,2022,10
661962,2022-06-05,Texas Rangers,Seattle Mariners,5,6,2022,11
662990,2022-06-05,Colorado Rockies,Atlanta Braves,7,8,2022,15
662363,2022-06-05,Oakland Athletics,Boston Red Sox,2,5,2022,7
662612,2022-06-05,Los Angeles Dodgers,New York Mets,4,5,2022,9
663138,2022-06-05,Chicago Cubs,St. Louis Cardinals,3,5,2022,8
663065,2022-06-06,Cincinnati Reds,Arizona Diamondbacks,7,0,2022,7
662762,2022-06-06,Houston Astros,Seattle Mariners,4,7,2022,11
662613,2022-06-06,Kansas City Royals,Toronto Blue Jays,0,8,2022,8
663399,2022-06-06,Los Angeles Angels,Boston Red Sox,0,1,2022,1
662278,2022-06-06,San Diego Padres,New York Mets,5,11,2022,16
663122,2022-06-07,Cleveland Guardians,Texas Rangers,6,3,2022,9
663134,2022-06-07,Cleveland Guardians,Texas Rangers,3,6,2022,9
663064,2022-06-07,Cincinnati Reds,Arizona Diamondbacks,14,8,2022,22
661169,2022-06-07,Miami Marlins,Washington Nationals,12,2,2022,14
661170,2022-06-07,Baltimore Orioles,Chicago Cubs,9,3,2022,12
662449,2022-06-07,Pittsburgh Pirates,Detroit Tigers,3,5,2022,8
661894,2022-06-07,Tampa Bay Rays,St. Louis Cardinals,4,2,2022,6
661516,2022-06-07,Atlanta Braves,Oakland Athletics,3,2,2022,5
661693,2022-06-07,Minnesota Twins,New York Yankees,4,10,2022,14
662761,2022-06-07,Houston Astros,Seattle Mariners,4,1,2022,5
662678,2022-06-07,Kansas City Royals,Toronto Blue Jays,0,7,2022,7
661460,2022-06-07,Chicago White Sox,Los Angeles Dodgers,4,0,2022,4
661205,2022-06-07,Milwaukee Brewers,Philadelphia Phillies,2,3,2022,5
663391,2022-06-07,Los Angeles Angels,Boston Red Sox,5,6,2022,11
662277,2022-06-07,San Diego Padres,New York Mets,7,0,2022,7
662092,2022-06-07,San Francisco Giants,Colorado Rockies,3,5,2022,8
662448,2022-06-08,Pittsburgh Pirates,Detroit Tigers,1,3,2022,4
662679,2022-06-08,Kansas City Royals,Toronto Blue Jays,8,4,2022,12
663050,2022-06-08,Cincinnati Reds,Arizona Diamondbacks,0,7,2022,7
662760,2022-06-08,Houston Astros,Seattle Mariners,3,6,2022,9
661150,2022-06-08,Miami Marlins,Washington Nationals,2,1,2022,3
661892,2022-06-08,Tampa Bay Rays,St. Louis Cardinals,11,3,2022,14
663055,2022-06-08,Cleveland Guardians,Texas Rangers,4,0,2022,4
661515,2022-06-08,Atlanta Braves,Oakland Athletics,13,2,2022,15
661681,2022-06-08,Minnesota Twins,New York Yankees,8,1,2022,9
661459,2022-06-08,Chicago White Sox,Los Angeles Dodgers,1,4,2022,5
661188,2022-06-08,Milwaukee Brewers,Philadelphia Phillies,0,10,2022,10
663398,2022-06-08,Los Angeles Angels,Boston Red Sox,0,1,2022,1
662223,2022-06-08,San Diego Padres,New York Mets,13,2,2022,15
662094,2022-06-08,San Francisco Giants,Colorado Rockies,2,1,2022,3
663049,2022-06-09,Cincinnati Reds,Arizona Diamondbacks,4,5,2022,9
661891,2022-06-09,Tampa Bay Rays,St. Louis Cardinals,2,1,2022,3
661458,2022-06-09,Chicago White Sox,Los Angeles Dodgers,9,11,2022,20
661194,2022-06-09,Milwaukee Brewers,Philadelphia Phillies,3,8,2022,11
662091,2022-06-09,San Francisco Giants,Colorado Rockies,2,4,2022,6
661149,2022-06-09,Miami Marlins,Washington Nationals,7,4,2022,11
663015,2022-06-09,Cleveland Guardians,Oakland Athletics,8,4,2022,12
661514,2022-06-09,Atlanta Braves,Pittsburgh Pirates,3,1,2022,4
661697,2022-06-09,Minnesota Twins,New York Yankees,7,10,2022,17
662677,2022-06-09,Kansas City Royals,Baltimore Orioles,7,5,2022,12
663413,2022-06-09,Los Angeles Angels,Boston Red Sox,5,2,2022,7
661617,2022-06-10,Philadelphia Phillies,Arizona Diamondbacks,7,5,2022,12
661284,2022-06-10,New York Yankees,Chicago Cubs,2,1,2022,3
662511,2022-06-10,Washington Nationals,Milwaukee Brewers,11,5,2022,16
663014,2022-06-10,Cleveland Guardians,Oakland Athletics,3,2,2022,5
662831,2022-06-10,Detroit Tigers,Toronto Blue Jays,1,10,2022,11
661513,2022-06-10,Atlanta Braves,Pittsburgh Pirates,4,2,2022,6
662676,2022-06-10,Kansas City Royals,Baltimore Orioles,8,1,2022,9
661678,2022-06-10,Minnesota Twins,Tampa Bay Rays,9,4,2022,13
661485,2022-06-10,Chicago White Sox,Texas Rangers,8,3,2022,11
662759,2022-06-10,Houston Astros,Miami Marlins,4,7,2022,11
661983,2022-06-10,St. Louis Cardinals,Cincinnati Reds,2,0,2022,2
663390,2022-06-10,Los Angeles Angels,New York Mets,3,7,2022,10
662275,2022-06-10,San Diego Padres,Colorado Rockies,9,0,2022,9
662129,2022-06-10,Seattle Mariners,Boston Red Sox,3,4,2022,7
662090,2022-06-10,San Francisco Giants,Los Angeles Dodgers,7,2,2022,9
661680,2022-06-11,Minnesota Twins,Tampa Bay Rays,6,5,2022,11
661484,2022-06-11,Chicago White Sox,Texas Rangers,9,11,2022,20
661976,2022-06-11,St. Louis Cardinals,Cincinnati Reds,5,4,2022,9
661614,2022-06-11,Philadelphia Phillies,Arizona Diamondbacks,4,0,2022,4
662510,2022-06-11,Washington Nationals,Milwaukee Brewers,8,6,2022,14
662674,2022-06-11,Kansas City Royals,Baltimore Orioles,4,6,2022,10
663084,2022-06-11,Cleveland Guardians,Oakland Athletics,5,10,2022,15
662251,2022-06-11,San Diego Padres,Colorado Rockies,2,1,2022,3
662222,2022-06-11,San Diego Padres,Colorado Rockies,2,6,2022,8
662830,2022-06-11,Detroit Tigers,Toronto Blue Jays,3,1,2022,4
661160,2022-06-11,Atlanta Braves,Pittsburgh Pirates,10,4,2022,14
662756,2022-06-11,Houston Astros,Miami Marlins,1,5,2022,6
662089,2022-06-11,San Francisco Giants,Los Angeles Dodgers,3,2,2022,5
661276,2022-06-11,New York Yankees,Chicago Cubs,8,0,2022,8
663412,2022-06-11,Los Angeles Angels,New York Mets,11,6,2022,17
662128,2022-06-11,Seattle Mariners,Boston Red Sox,7,6,2022,13
663083,2022-06-12,Cleveland Guardians,Oakland Athletics,6,3,2022,9
661622,2022-06-12,Philadelphia Phillies,Arizona Diamondbacks,1,13,2022,14
661144,2022-06-12,Atlanta Braves,Pittsburgh Pirates,5,3,2022,8
661270,2022-06-12,New York Yankees,Chicago Cubs,18,4,2022,22
662542,2022-06-12,Washington Nationals,Milwaukee Brewers,1,4,2022,5
662829,2022-06-12,Detroit Tigers,Toronto Blue Jays,0,6,2022,6
662673,2022-06-12,Kansas City Royals,Baltimore Orioles,7,10,2022,17
661679,2022-06-12,Minnesota Twins,Tampa Bay Rays,0,6,2022,6
661483,2022-06-12,Chicago White Sox,Texas Rangers,6,8,2022,14
662758,2022-06-12,Houston Astros,Miami Marlins,9,4,2022,13
661975,2022-06-12,St. Louis Cardinals,Cincinnati Reds,6,7,2022,13
662085,2022-06-12,San Francisco Giants,Los Angeles Dodgers,2,0,2022,2
662256,2022-06-12,San Diego Padres,Colorado Rockies,2,4,2022,6
662127,2022-06-12,Seattle Mariners,Boston Red Sox,0,2,2022,2
663397,2022-06-12,Los Angeles Angels,New York Mets,1,4,2022,5
662505,2022-06-13,Washington Nationals,Atlanta Braves,5,9,2022,14
661629,2022-06-13,Philadelphia Phillies,Miami Marlins,3,2,2022,5
661746,2022-06-13,Toronto Blue Jays,Baltimore Orioles,11,1,2022,12
662828,2022-06-13,Detroit Tigers,Chicago White Sox,5,9,2022,14
661974,2022-06-13,St. Louis Cardinals,Pittsburgh Pirates,7,5,2022,12
663183,2022-06-13,Chicago Cubs,San Diego Padres,1,4,2022,5
661881,2022-06-13,Texas Rangers,Houston Astros,5,3,2022,8
663345,2022-06-13,Arizona Diamondbacks,Cincinnati Reds,4,5,2022,9
662069,2022-06-13,San Francisco Giants,Kansas City Royals,6,2,2022,8
662126,2022-06-13,Seattle Mariners,Minnesota Twins,2,3,2022,5
662018,2022-06-14,St. Louis Cardinals,Pittsburgh Pirates,3,1,2022,4
661973,2022-06-14,St. Louis Cardinals,Pittsburgh Pirates,9,1,2022,10
662503,2022-06-14,Washington Nationals,Atlanta Braves,4,10,2022,14
661616,2022-06-14,Philadelphia Phillies,Miami Marlins,9,11,2022,20
661328,2022-06-14,New York Yankees,Tampa Bay Rays,2,0,2022,2
661745,2022-06-14,Toronto Blue Jays,Baltimore Orioles,5,6,2022,11
663279,2022-06-14,Boston Red Sox,Oakland Athletics,6,1,2022,7
662884,2022-06-14,Detroit Tigers,Chicago White Sox,1,5,2022,6
662441,2022-06-14,New York Mets,Milwaukee Brewers,4,0,2022,4
663182,2022-06-14,Chicago Cubs,San Diego Padres,5,12,2022,17
661880,2022-06-14,Texas Rangers,Houston Astros,3,4,2022,7
662935,2022-06-14,Colorado Rockies,Cleveland Guardians,3,4,2022,7
663342,2022-06-14,Arizona Diamondbacks,Cincinnati Reds,3,5,2022,8
662068,2022-06-14,San Francisco Giants,Kansas City Royals,4,2,2022,6
662611,2022-06-14,Los Angeles Dodgers,Los Angeles Angels,2,0,2022,2
662125,2022-06-14,Seattle Mariners,Minnesota Twins,5,0,2022,5
661583,2022-06-15,Philadelphia Phillies,Miami Marlins,3,1,2022,4
662883,2022-06-15,Detroit Tigers,Chicago White Sox,0,13,2022,13
661845,2022-06-15,Texas Rangers,Houston Astros,2,9,2022,11
663336,2022-06-15,Arizona Diamondbacks,Cincinnati Reds,7,4,2022,11
662082,2022-06-15,San Francisco Giants,Kansas City Royals,2,3,2022,5
662173,2022-06-15,Seattle Mariners,Minnesota Twins,0,5,2022,5
662504,2022-06-15,Washington Nationals,Atlanta Braves,2,8,2022,10
661327,2022-06-15,New York Yankees,Tampa Bay Rays,4,3,2022,7
661744,2022-06-15,Toronto Blue Jays,Baltimore Orioles,7,6,2022,13
663235,2022-06-15,Boston Red Sox,Oakland Athletics,10,1,2022,11
662480,2022-06-15,New York Mets,Milwaukee Brewers,2,10,2022,12
661972,2022-06-15,St. Louis Cardinals,Pittsburgh Pirates,4,6,2022,10
663155,2022-06-15,Chicago Cubs,San Diego Padres,5,19,2022,24
662893,2022-06-15,Colorado Rockies,Cleveland Guardians,5,7,2022,12
662694,2022-06-15,Los Angeles Dodgers,Los Angeles Angels,4,1,2022,5
663267,2022-06-16,Boston Red Sox,Oakland Athletics,3,4,2022,7
663125,2022-06-16,Chicago Cubs,San Diego Padres,4,6,2022,10
661743,2022-06-16,Toronto Blue Jays,Baltimore Orioles,2,10,2022,12
662986,2022-06-16,Colorado Rockies,Cleveland Guardians,2,4,2022,6
662501,2022-06-16,Washington Nationals,Philadelphia Phillies,1,10,2022,11
661326,2022-06-16,New York Yankees,Tampa Bay Rays,2,1,2022,3
662827,2022-06-16,Detroit Tigers,Texas Rangers,1,3,2022,4
662535,2022-06-16,New York Mets,Milwaukee Brewers,5,4,2022,9
662172,2022-06-16,Seattle Mariners,Los Angeles Angels,1,4,2022,5
662580,2022-06-17,Washington Nationals,Philadelphia Phillies,3,5,2022,8
662502,2022-06-17,Washington Nationals,Philadelphia Phillies,7,8,2022,15
663124,2022-06-17,Chicago Cubs,Atlanta Braves,1,0,2022,1
661093,2022-06-17,Baltimore Orioles,Tampa Bay Rays,1,0,2022,1
663063,2022-06-17,Cincinnati Reds,Milwaukee Brewers,4,5,2022,9
662437,2022-06-17,Pittsburgh Pirates,San Francisco Giants,0,2,2022,2
661742,2022-06-17,Toronto Blue Jays,New York Yankees,3,12,2022,15
663256,2022-06-17,Boston Red Sox,St. Louis Cardinals,6,5,2022,11
662826,2022-06-17,Detroit Tigers,Texas Rangers,0,7,2022,7
662534,2022-06-17,New York Mets,Miami Marlins,10,4,2022,14
662757,2022-06-17,Houston Astros,Chicago White Sox,13,3,2022,16
662985,2022-06-17,Colorado Rockies,San Diego Padres,10,4,2022,14
662362,2022-06-17,Oakland Athletics,Kansas City Royals,1,5,2022,6
663335,2022-06-17,Arizona Diamondbacks,Minnesota Twins,7,2,2022,9
662719,2022-06-17,Los Angeles Dodgers,Cleveland Guardians,1,2,2022,3
662171,2022-06-17,Seattle Mariners,Los Angeles Angels,8,1,2022,9
663239,2022-06-18,Chicago Cubs,Atlanta Braves,6,3,2022,9
661748,2022-06-18,Toronto Blue Jays,New York Yankees,0,4,2022,4
661123,2022-06-18,Pittsburgh Pirates,San Francisco Giants,5,7,2022,12
661127,2022-06-18,Baltimore Orioles,Tampa Bay Rays,6,7,2022,13
662368,2022-06-18,Oakland Athletics,Kansas City Royals,0,2,2022,2
662194,2022-06-18,Seattle Mariners,Los Angeles Angels,2,4,2022,6
662170,2022-06-18,Seattle Mariners,Los Angeles Angels,0,3,2022,3
662802,2022-06-18,Detroit Tigers,Texas Rangers,14,7,2022,21
662752,2022-06-18,Houston Astros,Chicago White Sox,0,7,2022,7
662533,2022-06-18,New York Mets,Miami Marlins,3,2,2022,5
663062,2022-06-18,Cincinnati Reds,Milwaukee Brewers,3,7,2022,10
662500,2022-06-18,Washington Nationals,Philadelphia Phillies,1,2,2022,3
662686,2022-06-18,Los Angeles Dodgers,Cleveland Guardians,7,1,2022,8
663255,2022-06-18,Boston Red Sox,St. Louis Cardinals,2,11,2022,13
662999,2022-06-18,Colorado Rockies,San Diego Padres,5,4,2022,9
663351,2022-06-18,Arizona Diamondbacks,Minnesota Twins,1,11,2022,12
662553,2022-06-19,Washington Nationals,Philadelphia Phillies,9,3,2022,12
661122,2022-06-19,Pittsburgh Pirates,San Francisco Giants,4,3,2022,7
663254,2022-06-19,Boston Red Sox,St. Louis Cardinals,6,4,2022,10
661074,2022-06-19,Baltimore Orioles,Tampa Bay Rays,2,1,2022,3
661741,2022-06-19,Toronto Blue Jays,New York Yankees,10,9,2022,19
662807,2022-06-19,Detroit Tigers,Texas Rangers,7,3,2022,10
662532,2022-06-19,New York Mets,Miami Marlins,2,6,2022,8
663061,2022-06-19,Cincinnati Reds,Milwaukee Brewers,3,6,2022,9
663218,2022-06-19,Chicago Cubs,Atlanta Braves,0,6,2022,6
662998,2022-06-19,Colorado Rockies,San Diego Padres,8,3,2022,11
662361,2022-06-19,Oakland Athletics,Kansas City Royals,4,0,2022,4
662590,2022-06-19,Los Angeles Dodgers,Cleveland Guardians,3,5,2022,8
662169,2022-06-19,Seattle Mariners,Los Angeles Angels,0,4,2022,4
663334,2022-06-19,Arizona Diamondbacks,Minnesota Twins,7,1,2022,8
662751,2022-06-19,Houston Astros,Chicago White Sox,4,3,2022,7
662522,2022-06-20,New York Mets,Miami Marlins,6,0,2022,6
661121,2022-06-20,Pittsburgh Pirates,Chicago Cubs,12,1,2022,13
663253,2022-06-20,Boston Red Sox,Detroit Tigers,5,2,2022,7
661893,2022-06-20,Tampa Bay Rays,New York Yankees,2,4,2022,6
661143,2022-06-20,Atlanta Braves,San Francisco Giants,2,1,2022,3
661482,2022-06-20,Chicago White Sox,Toronto Blue Jays,8,7,2022,15
661186,2022-06-20,Milwaukee Brewers,St. Louis Cardinals,2,0,2022,2
663443,2022-06-20,Los Angeles Angels,Kansas City Royals,2,6,2022,8
662221,2022-06-20,San Diego Padres,Arizona Diamondbacks,4,1,2022,5
663041,2022-06-21,Cincinnati Reds,Los Angeles Dodgers,2,8,2022,10
661148,2022-06-21,Miami Marlins,Colorado Rockies,9,8,2022,17
661198,2022-06-21,Baltimore Orioles,Washington Nationals,0,3,2022,3
661124,2022-06-21,Pittsburgh Pirates,Chicago Cubs,7,1,2022,8
663246,2022-06-21,Boston Red Sox,Detroit Tigers,5,4,2022,9
661890,2022-06-21,Tampa Bay Rays,New York Yankees,5,4,2022,9
661142,2022-06-21,Atlanta Braves,San Francisco Giants,10,12,2022,22
661677,2022-06-21,Minnesota Twins,Cleveland Guardians,5,6,2022,11
661846,2022-06-21,Texas Rangers,Philadelphia Phillies,7,0,2022,7
662750,2022-06-21,Houston Astros,New York Mets,8,2,2022,10
661481,2022-06-21,Chicago White Sox,Toronto Blue Jays,7,6,2022,13
661192,2022-06-21,Milwaukee Brewers,St. Louis Cardinals,2,6,2022,8
663442,2022-06-21,Los Angeles Angels,Kansas City Royals,11,12,2022,23
662248,2022-06-21,San Diego Padres,Arizona Diamondbacks,3,2,2022,5
662360,2022-06-21,Oakland Athletics,Seattle Mariners,2,8,2022,10
662749,2022-06-22,Houston Astros,New York Mets,5,3,2022,8
661457,2022-06-22,Chicago White Sox,Toronto Blue Jays,5,9,2022,14
661851,2022-06-22,Texas Rangers,Philadelphia Phillies,4,2,2022,6
662245,2022-06-22,San Diego Padres,Arizona Diamondbacks,10,4,2022,14
663040,2022-06-22,Cincinnati Reds,Los Angeles Dodgers,4,8,2022,12
661393,2022-06-22,Miami Marlins,Colorado Rockies,7,4,2022,11
661246,2022-06-22,Baltimore Orioles,Washington Nationals,7,0,2022,7
661107,2022-06-22,Pittsburgh Pirates,Chicago Cubs,5,14,2022,19
663252,2022-06-22,Boston Red Sox,Detroit Tigers,6,2,2022,8
661889,2022-06-22,Tampa Bay Rays,New York Yankees,4,5,2022,9
661141,2022-06-22,Atlanta Braves,San Francisco Giants,4,3,2022,7
661690,2022-06-22,Minnesota Twins,Cleveland Guardians,10,11,2022,21
661230,2022-06-22,Milwaukee Brewers,St. Louis Cardinals,4,5,2022,9
662359,2022-06-22,Oakland Athletics,Seattle Mariners,0,9,2022,9
663389,2022-06-22,Los Angeles Angels,Kansas City Royals,5,0,2022,5
661392,2022-06-23,Miami Marlins,Colorado Rockies,3,2,2022,5
661140,2022-06-23,Atlanta Braves,San Francisco Giants,7,6,2022,13
663039,2022-06-23,Cincinnati Reds,Los Angeles Dodgers,5,10,2022,15
661106,2022-06-23,Pittsburgh Pirates,Chicago Cubs,8,7,2022,15
661685,2022-06-23,Minnesota Twins,Cleveland Guardians,1,0,2022,1
661183,2022-06-23,Milwaukee Brewers,St. Louis Cardinals,6,4,2022,10
662358,2022-06-23,Oakland Athletics,Seattle Mariners,1,2,2022,3
661325,2022-06-23,New York Yankees,Houston Astros,7,6,2022,13
661456,2022-06-23,Chicago White Sox,Baltimore Orioles,0,4,2022,4
662227,2022-06-23,San Diego Padres,Philadelphia Phillies,2,6,2022,8
661382,2022-06-24,Miami Marlins,New York Mets,3,5,2022,8
661274,2022-06-24,New York Yankees,Houston Astros,1,3,2022,4
663054,2022-06-24,Cleveland Guardians,Boston Red Sox,3,6,2022,9
661888,2022-06-24,Tampa Bay Rays,Pittsburgh Pirates,4,3,2022,7
661139,2022-06-24,Atlanta Braves,Los Angeles Dodgers,1,4,2022,5
661844,2022-06-24,Texas Rangers,Washington Nationals,1,2,2022,3
662664,2022-06-24,Kansas City Royals,Oakland Athletics,3,1,2022,4
661684,2022-06-24,Minnesota Twins,Colorado Rockies,0,1,2022,1
661455,2022-06-24,Chicago White Sox,Baltimore Orioles,1,4,2022,5
661190,2022-06-24,Milwaukee Brewers,Toronto Blue Jays,4,9,2022,13
661971,2022-06-24,St. Louis Cardinals,Chicago Cubs,0,3,2022,3
663388,2022-06-24,Los Angeles Angels,Seattle Mariners,3,4,2022,7
663333,2022-06-24,Arizona Diamondbacks,Detroit Tigers,1,5,2022,6
662255,2022-06-24,San Diego Padres,Philadelphia Phillies,1,0,2022,1
662067,2022-06-24,San Francisco Giants,Cincinnati Reds,2,4,2022,6
661271,2022-06-25,New York Yankees,Houston Astros,0,3,2022,3
661887,2022-06-25,Tampa Bay Rays,Pittsburgh Pirates,6,5,2022,11
661454,2022-06-25,Chicago White Sox,Baltimore Orioles,2,6,2022,8
661970,2022-06-25,St. Louis Cardinals,Chicago Cubs,5,3,2022,8
661898,2022-06-25,Texas Rangers,Washington Nationals,3,2,2022,5
662672,2022-06-25,Kansas City Royals,Oakland Athletics,7,9,2022,16
661381,2022-06-25,Miami Marlins,New York Mets,3,5,2022,8
661264,2022-06-25,Milwaukee Brewers,Toronto Blue Jays,5,4,2022,9
663042,2022-06-25,Cleveland Guardians,Boston Red Sox,2,4,2022,6
662083,2022-06-25,San Francisco Giants,Cincinnati Reds,9,2,2022,11
661686,2022-06-25,Minnesota Twins,Colorado Rockies,6,0,2022,6
661138,2022-06-25,Atlanta Braves,Los Angeles Dodgers,5,3,2022,8
663441,2022-06-25,Los Angeles Angels,Seattle Mariners,3,5,2022,8
663346,2022-06-25,Arizona Diamondbacks,Detroit Tigers,3,6,2022,9
662247,2022-06-25,San Diego Padres,Philadelphia Phillies,2,4,2022,6
661380,2022-06-26,Miami Marlins,New York Mets,3,2,2022,5
661273,2022-06-26,New York Yankees,Houston Astros,6,3,2022,9
663121,2022-06-26,Cleveland Guardians,Boston Red Sox,3,8,2022,11
661886,2022-06-26,Tampa Bay Rays,Pittsburgh Pirates,4,2,2022,6
662665,2022-06-26,Kansas City Royals,Oakland Athletics,3,5,2022,8
661692,2022-06-26,Minnesota Twins,Colorado Rockies,6,3,2022,9
661453,2022-06-26,Chicago White Sox,Baltimore Orioles,4,3,2022,7
661206,2022-06-26,Milwaukee Brewers,Toronto Blue Jays,10,3,2022,13
661969,2022-06-26,St. Louis Cardinals,Chicago Cubs,5,6,2022,11
661847,2022-06-26,Texas Rangers,Washington Nationals,4,6,2022,10
662061,2022-06-26,San Francisco Giants,Cincinnati Reds,3,10,2022,13
663387,2022-06-26,Los Angeles Angels,Seattle Mariners,2,1,2022,3
663331,2022-06-26,Arizona Diamondbacks,Detroit Tigers,11,7,2022,18
662254,2022-06-26,San Diego Padres,Philadelphia Phillies,5,8,2022,13
661512,2022-06-26,Atlanta Braves,Los Angeles Dodgers,3,5,2022,8
662487,2022-06-27,Washington Nationals,Pittsburgh Pirates,3,2,2022,5
661275,2022-06-27,New York Yankees,Oakland Athletics,9,5,2022,14
661740,2022-06-27,Toronto Blue Jays,Boston Red Sox,7,2,2022,9
663016,2022-06-27,Cleveland Guardians,Minnesota Twins,1,11,2022,12
661968,2022-06-27,St. Louis Cardinals,Miami Marlins,9,0,2022,9
662681,2022-06-27,Kansas City Royals,Texas Rangers,4,10,2022,14
662912,2022-06-27,Colorado Rockies,Los Angeles Dodgers,4,0,2022,4
663440,2022-06-27,Los Angeles Angels,Chicago White Sox,4,3,2022,7
662168,2022-06-27,Seattle Mariners,Baltimore Orioles,2,9,2022,11
663045,2022-06-28,Cleveland Guardians,Minnesota Twins,3,2,2022,5
663033,2022-06-28,Cleveland Guardians,Minnesota Twins,0,6,2022,6
662484,2022-06-28,Washington Nationals,Pittsburgh Pirates,3,1,2022,4
661580,2022-06-28,Philadelphia Phillies,Atlanta Braves,3,5,2022,8
661272,2022-06-28,New York Yankees,Oakland Athletics,2,1,2022,3
661728,2022-06-28,Toronto Blue Jays,Boston Red Sox,6,5,2022,11
662521,2022-06-28,New York Mets,Houston Astros,1,9,2022,10
661885,2022-06-28,Tampa Bay Rays,Milwaukee Brewers,3,5,2022,8
661967,2022-06-28,St. Louis Cardinals,Miami Marlins,5,3,2022,8
663231,2022-06-28,Chicago Cubs,Cincinnati Reds,3,5,2022,8
662615,2022-06-28,Kansas City Royals,Texas Rangers,3,8,2022,11
662911,2022-06-28,Colorado Rockies,Los Angeles Dodgers,7,4,2022,11
663392,2022-06-28,Los Angeles Angels,Chicago White Sox,4,11,2022,15
663344,2022-06-28,Arizona Diamondbacks,San Diego Padres,7,6,2022,13
662060,2022-06-28,San Francisco Giants,Detroit Tigers,4,3,2022,7
662186,2022-06-28,Seattle Mariners,Baltimore Orioles,2,0,2022,2
661879,2022-06-29,Tampa Bay Rays,Milwaukee Brewers,3,5,2022,8
662493,2022-06-29,Washington Nationals,Pittsburgh Pirates,7,8,2022,15
661263,2022-06-29,New York Yankees,Oakland Athletics,5,3,2022,8
662440,2022-06-29,New York Mets,Houston Astros,0,2,2022,2
662675,2022-06-29,Kansas City Royals,Texas Rangers,2,1,2022,3
663325,2022-06-29,Arizona Diamondbacks,San Diego Padres,0,4,2022,4
662080,2022-06-29,San Francisco Giants,Detroit Tigers,2,3,2022,5
662151,2022-06-29,Seattle Mariners,Baltimore Orioles,9,3,2022,12
661584,2022-06-29,Philadelphia Phillies,Atlanta Braves,1,4,2022,5
661727,2022-06-29,Toronto Blue Jays,Boston Red Sox,5,6,2022,11
663030,2022-06-29,Cleveland Guardians,Minnesota Twins,7,6,2022,13
661134,2022-06-29,St. Louis Cardinals,Miami Marlins,3,4,2022,7
663215,2022-06-29,Chicago Cubs,Cincinnati Reds,8,3,2022,11
662894,2022-06-29,Colorado Rockies,Los Angeles Dodgers,4,8,2022,12
663396,2022-06-29,Los Angeles Angels,Chicago White Sox,4,1,2022,5
662983,2022-06-30,Cleveland Guardians,Minnesota Twins,5,3,2022,8
661579,2022-06-30,Philadelphia Phillies,Atlanta Braves,14,4,2022,18
662788,2022-06-30,Houston Astros,New York Yankees,2,1,2022,3
661105,2022-06-30,Pittsburgh Pirates,Milwaukee Brewers,8,7,2022,15
661726,2022-06-30,Toronto Blue Jays,Tampa Bay Rays,4,1,2022,5
663199,2022-06-30,Chicago Cubs,Cincinnati Reds,15,7,2022,22
662733,2022-06-30,Los Angeles Dodgers,San Diego Padres,3,1,2022,4
662150,2022-06-30,Seattle Mariners,Oakland Athletics,8,6,2022,14
663185,2022-07-01,Chicago Cubs,Boston Red Sox,6,5,2022,11
661725,2022-07-01,Toronto Blue Jays,Tampa Bay Rays,9,2,2022,11
661582,2022-07-01,Philadelphia Phillies,St. Louis Cardinals,5,3,2022,8
662492,2022-07-01,Washington Nationals,Miami Marlins,3,6,2022,9
663038,2022-07-01,Cincinnati Reds,Atlanta Braves,1,9,2022,10
661104,2022-07-01,Pittsburgh Pirates,Milwaukee Brewers,2,19,2022,21
662834,2022-07-01,Detroit Tigers,Kansas City Royals,1,3,2022,4
662439,2022-07-01,New York Mets,Texas Rangers,4,3,2022,7
662997,2022-07-01,Colorado Rockies,Arizona Diamondbacks,3,9,2022,12
662748,2022-07-01,Houston Astros,Los Angeles Angels,8,1,2022,9
661691,2022-07-01,Minnesota Twins,Baltimore Orioles,3,2,2022,5
662609,2022-07-01,Los Angeles Dodgers,San Diego Padres,5,1,2022,6
662149,2022-07-01,Seattle Mariners,Oakland Athletics,1,3,2022,4
662079,2022-07-01,San Francisco Giants,Chicago White Sox,0,1,2022,1
661724,2022-07-02,Toronto Blue Jays,Tampa Bay Rays,2,6,2022,8
661836,2022-07-02,Toronto Blue Jays,Tampa Bay Rays,5,11,2022,16
662964,2022-07-02,Cleveland Guardians,New York Yankees,4,13,2022,17
662954,2022-07-02,Cleveland Guardians,New York Yankees,1,6,2022,7
661683,2022-07-02,Minnesota Twins,Baltimore Orioles,4,3,2022,7
661581,2022-07-02,Philadelphia Phillies,St. Louis Cardinals,6,7,2022,13
662101,2022-07-02,San Francisco Giants,Chicago White Sox,3,5,2022,8
662482,2022-07-02,Washington Nationals,Miami Marlins,3,5,2022,8
661103,2022-07-02,Pittsburgh Pirates,Milwaukee Brewers,7,4,2022,11
662890,2022-07-02,Houston Astros,Los Angeles Angels,9,1,2022,10
662904,2022-07-02,Detroit Tigers,Kansas City Royals,4,3,2022,7
662163,2022-07-02,Seattle Mariners,Oakland Athletics,2,1,2022,3
662456,2022-07-02,New York Mets,Texas Rangers,3,7,2022,10
663037,2022-07-02,Cincinnati Reds,Atlanta Braves,1,4,2022,5
663198,2022-07-02,Chicago Cubs,Boston Red Sox,3,1,2022,4
662718,2022-07-02,Los Angeles Dodgers,San Diego Padres,7,2,2022,9
662910,2022-07-02,Colorado Rockies,Arizona Diamondbacks,11,7,2022,18
662794,2022-07-03,Detroit Tigers,Kansas City Royals,4,7,2022,11
662486,2022-07-03,Washington Nationals,Miami Marlins,4,7,2022,11
661102,2022-07-03,Pittsburgh Pirates,Milwaukee Brewers,0,2,2022,2
661723,2022-07-03,Toronto Blue Jays,Tampa Bay Rays,3,7,2022,10
662509,2022-07-03,New York Mets,Texas Rangers,4,1,2022,5
663052,2022-07-03,Cincinnati Reds,Atlanta Braves,4,3,2022,7
662957,2022-07-03,Cleveland Guardians,New York Yankees,2,0,2022,2
662889,2022-07-03,Houston Astros,Los Angeles Angels,4,2,2022,6
661689,2022-07-03,Minnesota Twins,Baltimore Orioles,1,3,2022,4
663186,2022-07-03,Chicago Cubs,Boston Red Sox,2,4,2022,6
662913,2022-07-03,Colorado Rockies,Arizona Diamondbacks,6,5,2022,11
662099,2022-07-03,San Francisco Giants,Chicago White Sox,4,13,2022,17
662684,2022-07-03,Los Angeles Dodgers,San Diego Padres,2,4,2022,6
662162,2022-07-03,Seattle Mariners,Oakland Athletics,2,1,2022,3
661630,2022-07-03,Philadelphia Phillies,St. Louis Cardinals,4,0,2022,4
662541,2022-07-04,Washington Nationals,Miami Marlins,2,3,2022,5
661073,2022-07-04,Baltimore Orioles,Texas Rangers,7,6,2022,13
662906,2022-07-04,Detroit Tigers,Cleveland Guardians,4,1,2022,5
662841,2022-07-04,Detroit Tigers,Cleveland Guardians,5,3,2022,8
663251,2022-07-04,Boston Red Sox,Tampa Bay Rays,4,0,2022,4
662874,2022-07-04,Houston Astros,Kansas City Royals,7,6,2022,13
661181,2022-07-04,Milwaukee Brewers,Chicago Cubs,5,2,2022,7
663343,2022-07-04,Arizona Diamondbacks,San Francisco Giants,8,3,2022,11
663036,2022-07-04,Cincinnati Reds,New York Mets,4,7,2022,11
662270,2022-07-04,San Diego Padres,Seattle Mariners,2,8,2022,10
661511,2022-07-04,Atlanta Braves,St. Louis Cardinals,6,3,2022,9
661452,2022-07-04,Chicago White Sox,Minnesota Twins,3,6,2022,9
662355,2022-07-04,Oakland Athletics,Toronto Blue Jays,5,1,2022,6
662732,2022-07-04,Los Angeles Dodgers,Colorado Rockies,5,3,2022,8
662226,2022-07-05,San Diego Padres,Seattle Mariners,2,6,2022,8
663035,2022-07-05,Cincinnati Reds,New York Mets,1,0,2022,1
661379,2022-07-05,Miami Marlins,Los Angeles Angels,2,1,2022,3
661244,2022-07-05,Baltimore Orioles,Texas Rangers,10,9,2022,19
661578,2022-07-05,Philadelphia Phillies,Washington Nationals,11,0,2022,11
662329,2022-07-05,Pittsburgh Pirates,New York Yankees,5,2,2022,7
662905,2022-07-05,Detroit Tigers,Cleveland Guardians,11,4,2022,15
663245,2022-07-05,Boston Red Sox,Tampa Bay Rays,4,8,2022,12
661510,2022-07-05,Atlanta Braves,St. Louis Cardinals,7,1,2022,8
662847,2022-07-05,Houston Astros,Kansas City Royals,9,7,2022,16
661426,2022-07-05,Chicago White Sox,Minnesota Twins,2,8,2022,10
661187,2022-07-05,Milwaukee Brewers,Chicago Cubs,3,8,2022,11
663320,2022-07-05,Arizona Diamondbacks,San Francisco Giants,6,2,2022,8
662354,2022-07-05,Oakland Athletics,Toronto Blue Jays,5,3,2022,8
662731,2022-07-05,Los Angeles Dodgers,Colorado Rockies,5,2,2022,7
662814,2022-07-06,Detroit Tigers,Cleveland Guardians,8,2,2022,10
661413,2022-07-06,Chicago White Sox,Minnesota Twins,9,8,2022,17
661225,2022-07-06,Milwaukee Brewers,Chicago Cubs,1,2,2022,3
662353,2022-07-06,Oakland Athletics,Toronto Blue Jays,1,2,2022,3
663051,2022-07-06,Cincinnati Reds,New York Mets,3,8,2022,11
661378,2022-07-06,Miami Marlins,Los Angeles Angels,2,5,2022,7
661245,2022-07-06,Baltimore Orioles,Texas Rangers,2,1,2022,3
661564,2022-07-06,Philadelphia Phillies,Washington Nationals,2,3,2022,5
662328,2022-07-06,Pittsburgh Pirates,New York Yankees,0,16,2022,16
663244,2022-07-06,Boston Red Sox,Tampa Bay Rays,1,7,2022,8
661509,2022-07-06,Atlanta Braves,St. Louis Cardinals,3,0,2022,3
662747,2022-07-06,Houston Astros,Kansas City Royals,4,7,2022,11
663318,2022-07-06,Arizona Diamondbacks,San Francisco Giants,5,7,2022,12
662630,2022-07-06,Los Angeles Dodgers,Colorado Rockies,2,1,2022,3
662746,2022-07-07,Houston Astros,Kansas City Royals,5,2,2022,7
663071,2022-07-07,Cincinnati Reds,Pittsburgh Pirates,2,4,2022,6
663140,2022-07-07,Cincinnati Reds,Pittsburgh Pirates,5,1,2022,6
661566,2022-07-07,Philadelphia Phillies,Washington Nationals,5,3,2022,8
661091,2022-07-07,Baltimore Orioles,Los Angeles Angels,4,1,2022,5
662508,2022-07-07,New York Mets,Miami Marlins,10,0,2022,10
663233,2022-07-07,Boston Red Sox,New York Yankees,5,6,2022,11
661521,2022-07-07,Atlanta Braves,St. Louis Cardinals,2,3,2022,5
661425,2022-07-07,Chicago White Sox,Detroit Tigers,1,2,2022,3
663317,2022-07-07,Arizona Diamondbacks,Colorado Rockies,3,4,2022,7
662253,2022-07-07,San Diego Padres,San Francisco Giants,2,1,2022,3
662730,2022-07-07,Los Angeles Dodgers,Chicago Cubs,5,3,2022,8
662156,2022-07-07,Seattle Mariners,Toronto Blue Jays,8,3,2022,11
663053,2022-07-08,Cincinnati Reds,Tampa Bay Rays,2,1,2022,3
661108,2022-07-08,Baltimore Orioles,Los Angeles Angels,5,4,2022,9
662498,2022-07-08,New York Mets,Miami Marlins,2,5,2022,7
663202,2022-07-08,Boston Red Sox,New York Yankees,5,12,2022,17
661522,2022-07-08,Atlanta Braves,Washington Nationals,12,2,2022,14
661843,2022-07-08,Texas Rangers,Minnesota Twins,6,5,2022,11
662614,2022-07-08,Kansas City Royals,Cleveland Guardians,4,3,2022,7
661412,2022-07-08,Chicago White Sox,Detroit Tigers,5,7,2022,12
661177,2022-07-08,Milwaukee Brewers,Pittsburgh Pirates,4,3,2022,7
661136,2022-07-08,St. Louis Cardinals,Philadelphia Phillies,0,2,2022,2
663319,2022-07-08,Arizona Diamondbacks,Colorado Rockies,5,6,2022,11
662352,2022-07-08,Oakland Athletics,Houston Astros,3,8,2022,11
662225,2022-07-08,San Diego Padres,San Francisco Giants,6,3,2022,9
662610,2022-07-08,Los Angeles Dodgers,Chicago Cubs,4,3,2022,7
662155,2022-07-08,Seattle Mariners,Toronto Blue Jays,5,2,2022,7
661411,2022-07-09,Chicago White Sox,Detroit Tigers,8,0,2022,8
661137,2022-07-09,St. Louis Cardinals,Philadelphia Phillies,0,1,2022,1
661071,2022-07-09,Baltimore Orioles,Los Angeles Angels,1,0,2022,1
661842,2022-07-09,Texas Rangers,Minnesota Twins,9,7,2022,16
662351,2022-07-09,Oakland Athletics,Houston Astros,3,2,2022,5
663310,2022-07-09,Arizona Diamondbacks,Colorado Rockies,9,2,2022,11
662663,2022-07-09,Kansas City Royals,Cleveland Guardians,1,13,2022,14
663092,2022-07-09,Cincinnati Reds,Tampa Bay Rays,5,4,2022,9
661508,2022-07-09,Atlanta Braves,Washington Nationals,4,3,2022,7
662497,2022-07-09,New York Mets,Miami Marlins,5,4,2022,9
661224,2022-07-09,Milwaukee Brewers,Pittsburgh Pirates,3,4,2022,7
662266,2022-07-09,San Diego Padres,San Francisco Giants,1,3,2022,4
663223,2022-07-09,Boston Red Sox,New York Yankees,6,5,2022,11
662683,2022-07-09,Los Angeles Dodgers,Chicago Cubs,4,2,2022,6
662147,2022-07-09,Seattle Mariners,Toronto Blue Jays,2,1,2022,3
661092,2022-07-10,Baltimore Orioles,Los Angeles Angels,9,5,2022,14
661520,2022-07-10,Atlanta Braves,Washington Nationals,4,3,2022,7
663048,2022-07-10,Cincinnati Reds,Tampa Bay Rays,10,5,2022,15
662496,2022-07-10,New York Mets,Miami Marlins,0,2,2022,2
662662,2022-07-10,Kansas City Royals,Cleveland Guardians,5,1,2022,6
661410,2022-07-10,Chicago White Sox,Detroit Tigers,4,2,2022,6
661178,2022-07-10,Milwaukee Brewers,Pittsburgh Pirates,6,8,2022,14
661135,2022-07-10,St. Louis Cardinals,Philadelphia Phillies,4,3,2022,7
661808,2022-07-10,Texas Rangers,Minnesota Twins,5,6,2022,11
662215,2022-07-10,Oakland Athletics,Houston Astros,1,6,2022,7
663307,2022-07-10,Arizona Diamondbacks,Colorado Rockies,2,3,2022,5
662729,2022-07-10,Los Angeles Dodgers,Chicago Cubs,11,9,2022,20
662198,2022-07-10,San Diego Padres,San Francisco Giants,0,12,2022,12
662183,2022-07-10,Seattle Mariners,Toronto Blue Jays,6,5,2022,11
663232,2022-07-10,Boston Red Sox,New York Yankees,11,6,2022,17
662700,2022-07-11,Kansas City Royals,Detroit Tigers,3,1,2022,4
662661,2022-07-11,Kansas City Royals,Detroit Tigers,7,3,2022,10
661324,2022-07-11,Miami Marlins,Pittsburgh Pirates,1,5,2022,6
661878,2022-07-11,Tampa Bay Rays,Boston Red Sox,10,5,2022,15
662956,2022-07-11,Cleveland Guardians,Chicago White Sox,8,4,2022,12
661120,2022-07-11,St. Louis Cardinals,Philadelphia Phillies,6,1,2022,7
661507,2022-07-11,Atlanta Braves,New York Mets,1,4,2022,5
661814,2022-07-11,Texas Rangers,Oakland Athletics,10,8,2022,18
662996,2022-07-11,Colorado Rockies,San Diego Padres,5,6,2022,11
662100,2022-07-11,San Francisco Giants,Arizona Diamondbacks,3,4,2022,7
663087,2022-07-12,Cleveland Guardians,Chicago White Sox,4,1,2022,5
662976,2022-07-12,Cleveland Guardians,Chicago White Sox,0,7,2022,7
661377,2022-07-12,Miami Marlins,Pittsburgh Pirates,2,3,2022,5
661262,2022-07-12,New York Yankees,Cincinnati Reds,3,4,2022,7
661722,2022-07-12,Toronto Blue Jays,Philadelphia Phillies,4,3,2022,7
661877,2022-07-12,Tampa Bay Rays,Boston Red Sox,3,2,2022,5
661506,2022-07-12,Atlanta Braves,New York Mets,4,1,2022,5
661688,2022-07-12,Minnesota Twins,Milwaukee Brewers,3,6,2022,9
661119,2022-07-12,St. Louis Cardinals,Los Angeles Dodgers,7,6,2022,13
663187,2022-07-12,Chicago Cubs,Baltimore Orioles,2,4,2022,6
661813,2022-07-12,Texas Rangers,Oakland Athletics,7,14,2022,21
662660,2022-07-12,Kansas City Royals,Detroit Tigers,5,7,2022,12
662984,2022-07-12,Colorado Rockies,San Diego Padres,5,3,2022,8
663402,2022-07-12,Los Angeles Angels,Houston Astros,5,6,2022,11
662108,2022-07-12,San Francisco Giants,Arizona Diamondbacks,13,0,2022,13
662517,2022-07-13,Washington Nationals,Seattle Mariners,4,6,2022,10
662531,2022-07-13,Washington Nationals,Seattle Mariners,1,2,2022,3
661505,2022-07-13,Atlanta Braves,New York Mets,3,7,2022,10
661687,2022-07-13,Minnesota Twins,Milwaukee Brewers,4,1,2022,5
662659,2022-07-13,Kansas City Royals,Detroit Tigers,5,2,2022,7
662107,2022-07-13,San Francisco Giants,Arizona Diamondbacks,4,3,2022,7
661376,2022-07-13,Miami Marlins,Pittsburgh Pirates,5,4,2022,9
661269,2022-07-13,New York Yankees,Cincinnati Reds,7,6,2022,13
661721,2022-07-13,Toronto Blue Jays,Philadelphia Phillies,8,2,2022,10
661876,2022-07-13,Tampa Bay Rays,Boston Red Sox,4,1,2022,5
662949,2022-07-13,Cleveland Guardians,Chicago White Sox,1,2,2022,3
661118,2022-07-13,St. Louis Cardinals,Los Angeles Dodgers,6,7,2022,13
663230,2022-07-13,Chicago Cubs,Baltimore Orioles,1,7,2022,8
661812,2022-07-13,Texas Rangers,Oakland Athletics,5,2,2022,7
662895,2022-07-13,Colorado Rockies,San Diego Padres,10,6,2022,16
663401,2022-07-13,Los Angeles Angels,Houston Astros,7,1,2022,8
661375,2022-07-14,Miami Marlins,Pittsburgh Pirates,3,2,2022,5
661100,2022-07-14,Colorado Rockies,San Diego Padres,8,5,2022,13
662518,2022-07-14,Washington Nationals,Atlanta Braves,4,5,2022,9
661261,2022-07-14,New York Yankees,Cincinnati Reds,6,7,2022,13
661720,2022-07-14,Toronto Blue Jays,Kansas City Royals,1,3,2022,4
663123,2022-07-14,Cleveland Guardians,Detroit Tigers,4,0,2022,4
661875,2022-07-14,Tampa Bay Rays,Boston Red Sox,5,4,2022,9
661117,2022-07-14,St. Louis Cardinals,Los Angeles Dodgers,0,4,2022,4
661675,2022-07-14,Minnesota Twins,Chicago White Sox,2,12,2022,14
661101,2022-07-14,Chicago Cubs,New York Mets,0,8,2022,8
661811,2022-07-14,Texas Rangers,Seattle Mariners,5,6,2022,11
663386,2022-07-14,Los Angeles Angels,Houston Astros,2,3,2022,5
662109,2022-07-14,San Francisco Giants,Milwaukee Brewers,2,3,2022,5
661374,2022-07-15,Miami Marlins,Philadelphia Phillies,1,2,2022,3
662516,2022-07-15,Washington Nationals,Atlanta Braves,4,8,2022,12
661260,2022-07-15,New York Yankees,Boston Red Sox,4,5,2022,9
661719,2022-07-15,Toronto Blue Jays,Kansas City Royals,8,1,2022,9
662942,2022-07-15,Cleveland Guardians,Detroit Tigers,6,5,2022,11
661874,2022-07-15,Tampa Bay Rays,Baltimore Orioles,5,4,2022,9
661810,2022-07-15,Texas Rangers,Seattle Mariners,3,8,2022,11
662923,2022-07-15,Houston Astros,Oakland Athletics,1,5,2022,6
661674,2022-07-15,Minnesota Twins,Chicago White Sox,2,6,2022,8
661116,2022-07-15,St. Louis Cardinals,Cincinnati Reds,7,3,2022,10
661113,2022-07-15,Colorado Rockies,Pittsburgh Pirates,13,2,2022,15
663385,2022-07-15,Los Angeles Angels,Los Angeles Dodgers,1,9,2022,10
662197,2022-07-15,San Diego Padres,Arizona Diamondbacks,5,3,2022,8
662072,2022-07-15,San Francisco Giants,Milwaukee Brewers,8,5,2022,13
661673,2022-07-16,Minnesota Twins,Chicago White Sox,6,3,2022,9
661966,2022-07-16,St. Louis Cardinals,Cincinnati Reds,11,3,2022,14
661114,2022-07-16,Chicago Cubs,New York Mets,1,2,2022,3
661115,2022-07-16,Chicago Cubs,New York Mets,3,4,2022,7
661718,2022-07-16,Toronto Blue Jays,Kansas City Royals,6,5,2022,11
661081,2022-07-16,Colorado Rockies,Pittsburgh Pirates,2,0,2022,2
661809,2022-07-16,Texas Rangers,Seattle Mariners,2,3,2022,5
662483,2022-07-16,Washington Nationals,Atlanta Braves,3,6,2022,9
662952,2022-07-16,Cleveland Guardians,Detroit Tigers,10,0,2022,10
662909,2022-07-16,Houston Astros,Oakland Athletics,5,0,2022,5
661873,2022-07-16,Tampa Bay Rays,Baltimore Orioles,4,6,2022,10
661359,2022-07-16,Miami Marlins,Philadelphia Phillies,0,10,2022,10
661259,2022-07-16,New York Yankees,Boston Red Sox,14,1,2022,15
662113,2022-07-16,San Francisco Giants,Milwaukee Brewers,2,1,2022,3
662271,2022-07-16,San Diego Padres,Arizona Diamondbacks,4,3,2022,7
663415,2022-07-16,Los Angeles Angels,Los Angeles Dodgers,1,7,2022,8
661717,2022-07-17,Toronto Blue Jays,Kansas City Royals,4,2,2022,6
662530,2022-07-17,Washington Nationals,Atlanta Braves,7,3,2022,10
661258,2022-07-17,New York Yankees,Boston Red Sox,13,2,2022,15
661872,2022-07-17,Tampa Bay Rays,Baltimore Orioles,7,5,2022,12
661373,2022-07-17,Miami Marlins,Philadelphia Phillies,0,4,2022,4
662908,2022-07-17,Houston Astros,Oakland Athletics,3,4,2022,7
661672,2022-07-17,Minnesota Twins,Chicago White Sox,0,11,2022,11
661082,2022-07-17,Chicago Cubs,New York Mets,3,2,2022,5
661821,2022-07-17,Texas Rangers,Seattle Mariners,2,6,2022,8
661080,2022-07-17,Colorado Rockies,Pittsburgh Pirates,3,8,2022,11
662059,2022-07-17,San Francisco Giants,Milwaukee Brewers,9,5,2022,14
662269,2022-07-17,San Diego Padres,Arizona Diamondbacks,1,3,2022,4
661421,2022-07-21,Miami Marlins,Texas Rangers,0,8,2022,8
662776,2022-07-21,Houston Astros,New York Yankees,3,2,2022,5
662775,2022-07-21,Houston Astros,New York Yankees,7,5,2022,12
662411,2022-07-21,Oakland Athletics,Detroit Tigers,2,7,2022,9
662408,2022-07-21,Oakland Athletics,Detroit Tigers,5,0,2022,5
662685,2022-07-21,Los Angeles Dodgers,San Francisco Giants,9,6,2022,15
663060,2022-07-22,Cincinnati Reds,St. Louis Cardinals,9,5,2022,14
661560,2022-07-22,Philadelphia Phillies,Chicago Cubs,2,15,2022,17
662327,2022-07-22,Pittsburgh Pirates,Miami Marlins,1,8,2022,9
661072,2022-07-22,Baltimore Orioles,New York Yankees,6,7,2022,13
662481,2022-07-22,New York Mets,San Diego Padres,1,4,2022,5
663222,2022-07-22,Boston Red Sox,Toronto Blue Jays,5,28,2022,33
661504,2022-07-22,Atlanta Braves,Los Angeles Angels,8,1,2022,9
662658,2022-07-22,Kansas City Royals,Tampa Bay Rays,3,7,2022,10
661409,2022-07-22,Chicago White Sox,Cleveland Guardians,2,8,2022,10
661193,2022-07-22,Milwaukee Brewers,Colorado Rockies,6,5,2022,11
663306,2022-07-22,Arizona Diamondbacks,Washington Nationals,10,1,2022,11
662344,2022-07-22,Oakland Athletics,Texas Rangers,5,4,2022,9
662167,2022-07-22,Seattle Mariners,Houston Astros,2,5,2022,7
662589,2022-07-22,Los Angeles Dodgers,San Francisco Giants,5,1,2022,6
661523,2022-07-23,Chicago White Sox,Cleveland Guardians,4,7,2022,11
661408,2022-07-23,Chicago White Sox,Cleveland Guardians,5,4,2022,9
662146,2022-07-23,Seattle Mariners,Houston Astros,1,3,2022,4
663221,2022-07-23,Boston Red Sox,Toronto Blue Jays,1,4,2022,5
661559,2022-07-23,Philadelphia Phillies,Chicago Cubs,2,6,2022,8
662902,2022-07-23,Detroit Tigers,Minnesota Twins,4,8,2022,12
663047,2022-07-23,Cincinnati Reds,St. Louis Cardinals,3,6,2022,9
662436,2022-07-23,Pittsburgh Pirates,Miami Marlins,1,0,2022,1
661057,2022-07-23,Baltimore Orioles,New York Yankees,6,3,2022,9
662495,2022-07-23,New York Mets,San Diego Padres,1,2,2022,3
662657,2022-07-23,Kansas City Royals,Tampa Bay Rays,6,3,2022,9
661201,2022-07-23,Milwaukee Brewers,Colorado Rockies,9,4,2022,13
662608,2022-07-23,Los Angeles Dodgers,San Francisco Giants,4,2,2022,6
661503,2022-07-23,Atlanta Braves,Los Angeles Angels,7,2,2022,9
663305,2022-07-23,Arizona Diamondbacks,Washington Nationals,7,2,2022,9
662348,2022-07-23,Oakland Athletics,Texas Rangers,3,1,2022,4
661556,2022-07-24,Philadelphia Phillies,Chicago Cubs,3,4,2022,7
663220,2022-07-24,Boston Red Sox,Toronto Blue Jays,4,8,2022,12
661502,2022-07-24,Atlanta Braves,Los Angeles Angels,1,9,2022,10
662357,2022-07-24,Pittsburgh Pirates,Miami Marlins,5,6,2022,11
661056,2022-07-24,Baltimore Orioles,New York Yankees,0,6,2022,6
663059,2022-07-24,Cincinnati Reds,St. Louis Cardinals,6,3,2022,9
662901,2022-07-24,Detroit Tigers,Minnesota Twins,1,9,2022,10
662656,2022-07-24,Kansas City Royals,Tampa Bay Rays,4,2,2022,6
661407,2022-07-24,Chicago White Sox,Cleveland Guardians,6,3,2022,9
661184,2022-07-24,Milwaukee Brewers,Colorado Rockies,10,9,2022,19
662343,2022-07-24,Oakland Athletics,Texas Rangers,8,11,2022,19
663316,2022-07-24,Arizona Diamondbacks,Washington Nationals,3,4,2022,7
662145,2022-07-24,Seattle Mariners,Houston Astros,5,8,2022,13
662682,2022-07-24,Los Angeles Dodgers,San Francisco Giants,7,4,2022,11
662458,2022-07-24,New York Mets,San Diego Padres,8,5,2022,13
663046,2022-07-25,Cincinnati Reds,Miami Marlins,11,2,2022,13
661055,2022-07-25,Baltimore Orioles,Tampa Bay Rays,5,1,2022,6
661555,2022-07-25,Philadelphia Phillies,Atlanta Braves,6,4,2022,10
663219,2022-07-25,Boston Red Sox,Cleveland Guardians,3,1,2022,4
662809,2022-07-25,Detroit Tigers,San Diego Padres,12,4,2022,16
661065,2022-07-25,Chicago Cubs,Pittsburgh Pirates,3,2,2022,5
662655,2022-07-25,Kansas City Royals,Los Angeles Angels,7,0,2022,7
661231,2022-07-25,Milwaukee Brewers,Colorado Rockies,0,2,2022,2
662347,2022-07-25,Oakland Athletics,Houston Astros,7,5,2022,12
663315,2022-07-25,Arizona Diamondbacks,San Francisco Giants,7,0,2022,7
662576,2022-07-25,Los Angeles Dodgers,Washington Nationals,1,4,2022,5
662166,2022-07-25,Seattle Mariners,Texas Rangers,4,3,2022,7
661064,2022-07-26,Chicago Cubs,Pittsburgh Pirates,4,2,2022,6
663029,2022-07-26,Cincinnati Reds,Miami Marlins,1,2,2022,3
661054,2022-07-26,Baltimore Orioles,Tampa Bay Rays,5,3,2022,8
661563,2022-07-26,Philadelphia Phillies,Atlanta Braves,3,6,2022,9
661716,2022-07-26,Toronto Blue Jays,St. Louis Cardinals,10,3,2022,13
663203,2022-07-26,Boston Red Sox,Cleveland Guardians,3,8,2022,11
662813,2022-07-26,Detroit Tigers,San Diego Padres,4,6,2022,10
662438,2022-07-26,New York Mets,New York Yankees,6,3,2022,9
662653,2022-07-26,Kansas City Royals,Los Angeles Angels,0,6,2022,6
661281,2022-07-26,Milwaukee Brewers,Minnesota Twins,7,6,2022,13
661079,2022-07-26,Colorado Rockies,Chicago White Sox,1,2,2022,3
662346,2022-07-26,Oakland Athletics,Houston Astros,5,3,2022,8
663314,2022-07-26,Arizona Diamondbacks,San Francisco Giants,7,3,2022,10
662573,2022-07-26,Los Angeles Dodgers,Washington Nationals,3,8,2022,11
662184,2022-07-26,Seattle Mariners,Texas Rangers,5,4,2022,9
661554,2022-07-27,Philadelphia Phillies,Atlanta Braves,7,2,2022,9
662900,2022-07-27,Detroit Tigers,San Diego Padres,4,3,2022,7
662652,2022-07-27,Kansas City Royals,Los Angeles Angels,0,4,2022,4
661249,2022-07-27,Milwaukee Brewers,Minnesota Twins,10,4,2022,14
662565,2022-07-27,Los Angeles Dodgers,Washington Nationals,7,1,2022,8
661078,2022-07-27,Colorado Rockies,Chicago White Sox,6,5,2022,11
662345,2022-07-27,Oakland Athletics,Houston Astros,4,2,2022,6
663294,2022-07-27,Arizona Diamondbacks,San Francisco Giants,5,3,2022,8
662165,2022-07-27,Seattle Mariners,Texas Rangers,4,2,2022,6
663028,2022-07-27,Cincinnati Reds,Miami Marlins,5,3,2022,8
661053,2022-07-27,Baltimore Orioles,Tampa Bay Rays,4,6,2022,10
661715,2022-07-27,Toronto Blue Jays,St. Louis Cardinals,1,6,2022,7
663191,2022-07-27,Boston Red Sox,Cleveland Guardians,6,7,2022,13
662420,2022-07-27,New York Mets,New York Yankees,3,2,2022,5
661052,2022-07-28,Baltimore Orioles,Tampa Bay Rays,3,0,2022,3
663027,2022-07-28,Cincinnati Reds,Miami Marlins,6,7,2022,13
662326,2022-07-28,Pittsburgh Pirates,Philadelphia Phillies,7,8,2022,15
661257,2022-07-28,New York Yankees,Kansas City Royals,1,0,2022,1
661714,2022-07-28,Toronto Blue Jays,Detroit Tigers,5,3,2022,8
663200,2022-07-28,Boston Red Sox,Cleveland Guardians,4,2,2022,6
662907,2022-07-28,Houston Astros,Seattle Mariners,4,2,2022,6
661077,2022-07-28,Colorado Rockies,Los Angeles Dodgers,0,13,2022,13
663380,2022-07-28,Los Angeles Angels,Texas Rangers,0,2,2022,2
662058,2022-07-28,San Francisco Giants,Chicago Cubs,4,2,2022,6
663026,2022-07-29,Cincinnati Reds,Baltimore Orioles,2,6,2022,8
661372,2022-07-29,Miami Marlins,New York Mets,4,6,2022,10
662477,2022-07-29,Washington Nationals,St. Louis Cardinals,2,6,2022,8
662435,2022-07-29,Pittsburgh Pirates,Philadelphia Phillies,2,4,2022,6
661256,2022-07-29,New York Yankees,Kansas City Royals,11,5,2022,16
661713,2022-07-29,Toronto Blue Jays,Detroit Tigers,2,4,2022,6
661871,2022-07-29,Tampa Bay Rays,Cleveland Guardians,1,4,2022,5
663190,2022-07-29,Boston Red Sox,Milwaukee Brewers,1,4,2022,5
661501,2022-07-29,Atlanta Braves,Arizona Diamondbacks,5,2,2022,7
662745,2022-07-29,Houston Astros,Seattle Mariners,11,1,2022,12
661406,2022-07-29,Chicago White Sox,Oakland Athletics,3,7,2022,10
661076,2022-07-29,Colorado Rockies,Los Angeles Dodgers,4,5,2022,9
663379,2022-07-29,Los Angeles Angels,Texas Rangers,2,7,2022,9
662268,2022-07-29,San Diego Padres,Minnesota Twins,10,1,2022,11
662057,2022-07-29,San Francisco Giants,Chicago Cubs,2,4,2022,6
661870,2022-07-30,Tampa Bay Rays,Cleveland Guardians,6,4,2022,10
661255,2022-07-30,New York Yankees,Kansas City Royals,8,2,2022,10
661712,2022-07-30,Toronto Blue Jays,Detroit Tigers,5,3,2022,8
663192,2022-07-30,Boston Red Sox,Milwaukee Brewers,4,9,2022,13
661371,2022-07-30,Miami Marlins,New York Mets,0,4,2022,4
663025,2022-07-30,Cincinnati Reds,Baltimore Orioles,8,2,2022,10
662738,2022-07-30,Houston Astros,Seattle Mariners,4,5,2022,9
662476,2022-07-30,Washington Nationals,St. Louis Cardinals,7,6,2022,13
662196,2022-07-30,San Diego Padres,Minnesota Twins,4,7,2022,11
662415,2022-07-30,Pittsburgh Pirates,Philadelphia Phillies,1,2,2022,3
661451,2022-07-30,Chicago White Sox,Oakland Athletics,3,2,2022,5
661499,2022-07-30,Atlanta Braves,Arizona Diamondbacks,6,2,2022,8
662989,2022-07-30,Colorado Rockies,Los Angeles Dodgers,5,3,2022,8
662112,2022-07-30,San Francisco Giants,Chicago Cubs,5,4,2022,9
663378,2022-07-30,Los Angeles Angels,Texas Rangers,9,7,2022,16
661711,2022-07-31,Toronto Blue Jays,Detroit Tigers,4,1,2022,5
662475,2022-07-31,Washington Nationals,St. Louis Cardinals,0,5,2022,5
662414,2022-07-31,Pittsburgh Pirates,Philadelphia Phillies,2,8,2022,10
661498,2022-07-31,Atlanta Braves,Arizona Diamondbacks,1,0,2022,1
661254,2022-07-31,New York Yankees,Kansas City Royals,6,8,2022,14
663189,2022-07-31,Boston Red Sox,Milwaukee Brewers,7,2,2022,9
663024,2022-07-31,Cincinnati Reds,Baltimore Orioles,3,2,2022,5
661869,2022-07-31,Tampa Bay Rays,Cleveland Guardians,3,5,2022,8
661370,2022-07-31,Miami Marlins,New York Mets,3,9,2022,12
662918,2022-07-31,Houston Astros,Seattle Mariners,3,2,2022,5
661388,2022-07-31,Chicago White Sox,Oakland Athletics,4,1,2022,5
662988,2022-07-31,Colorado Rockies,Los Angeles Dodgers,3,7,2022,10
663377,2022-07-31,Los Angeles Angels,Texas Rangers,2,5,2022,7
662267,2022-07-31,San Diego Padres,Minnesota Twins,3,2,2022,5
662071,2022-07-31,San Francisco Giants,Chicago Cubs,4,0,2022,4
661369,2022-08-01,Miami Marlins,Cincinnati Reds,1,3,2022,4
662474,2022-08-01,Washington Nationals,New York Mets,3,7,2022,10
661268,2022-08-01,New York Yankees,Seattle Mariners,7,2,2022,9
662947,2022-08-01,Cleveland Guardians,Arizona Diamondbacks,6,5,2022,11
661671,2022-08-01,Minnesota Twins,Detroit Tigers,5,3,2022,8
661820,2022-08-01,Texas Rangers,Baltimore Orioles,2,7,2022,9
662737,2022-08-01,Houston Astros,Boston Red Sox,2,3,2022,5
661387,2022-08-01,Chicago White Sox,Kansas City Royals,1,2,2022,3
662224,2022-08-01,San Diego Padres,Colorado Rockies,4,1,2022,5
662070,2022-08-01,San Francisco Giants,Los Angeles Dodgers,2,8,2022,10
662250,2022-08-02,San Diego Padres,Colorado Rockies,13,5,2022,18
662220,2022-08-02,San Diego Padres,Colorado Rockies,3,2,2022,5
661368,2022-08-02,Miami Marlins,Cincinnati Reds,1,2,2022,3
662529,2022-08-02,Washington Nationals,New York Mets,5,1,2022,6
661253,2022-08-02,New York Yankees,Seattle Mariners,6,8,2022,14
662298,2022-08-02,Pittsburgh Pirates,Milwaukee Brewers,5,3,2022,8
662941,2022-08-02,Cleveland Guardians,Arizona Diamondbacks,3,6,2022,9
661868,2022-08-02,Tampa Bay Rays,Toronto Blue Jays,1,3,2022,4
661496,2022-08-02,Atlanta Braves,Philadelphia Phillies,13,1,2022,14
661661,2022-08-02,Minnesota Twins,Detroit Tigers,3,5,2022,8
661959,2022-08-02,St. Louis Cardinals,Chicago Cubs,6,0,2022,6
661819,2022-08-02,Texas Rangers,Baltimore Orioles,2,8,2022,10
662736,2022-08-02,Houston Astros,Boston Red Sox,1,2,2022,3
661386,2022-08-02,Chicago White Sox,Kansas City Royals,9,2,2022,11
663376,2022-08-02,Los Angeles Angels,Oakland Athletics,3,1,2022,4
662056,2022-08-02,San Francisco Giants,Los Angeles Dodgers,5,9,2022,14
661867,2022-08-03,Tampa Bay Rays,Toronto Blue Jays,3,2,2022,5
661500,2022-08-03,Atlanta Braves,Philadelphia Phillies,1,3,2022,4
661293,2022-08-03,New York Yankees,Seattle Mariners,3,7,2022,10
662946,2022-08-03,Cleveland Guardians,Arizona Diamondbacks,7,4,2022,11
661664,2022-08-03,Minnesota Twins,Detroit Tigers,4,1,2022,5
661818,2022-08-03,Texas Rangers,Baltimore Orioles,3,6,2022,9
662725,2022-08-03,Houston Astros,Boston Red Sox,6,1,2022,7
661385,2022-08-03,Chicago White Sox,Kansas City Royals,4,1,2022,5
662552,2022-08-03,Washington Nationals,New York Mets,5,9,2022,14
661367,2022-08-03,Miami Marlins,Cincinnati Reds,3,0,2022,3
662324,2022-08-03,Pittsburgh Pirates,Milwaukee Brewers,8,7,2022,15
663375,2022-08-03,Los Angeles Angels,Oakland Athletics,1,3,2022,4
662244,2022-08-03,San Diego Padres,Colorado Rockies,9,1,2022,10
662055,2022-08-03,San Francisco Giants,Los Angeles Dodgers,0,3,2022,3
662303,2022-08-04,Pittsburgh Pirates,Milwaukee Brewers,5,4,2022,9
661945,2022-08-04,St. Louis Cardinals,Chicago Cubs,4,3,2022,7
661932,2022-08-04,St. Louis Cardinals,Chicago Cubs,7,2,2022,9
662114,2022-08-04,San Francisco Giants,Los Angeles Dodgers,3,5,2022,8
663374,2022-08-04,Los Angeles Angels,Oakland Athletics,7,8,2022,15
662219,2022-08-04,San Diego Padres,Colorado Rockies,3,7,2022,10
661565,2022-08-04,Philadelphia Phillies,Washington Nationals,5,4,2022,9
662975,2022-08-04,Cleveland Guardians,Houston Astros,0,6,2022,6
662812,2022-08-04,Detroit Tigers,Tampa Bay Rays,2,6,2022,8
662419,2022-08-04,New York Mets,Atlanta Braves,6,4,2022,10
661660,2022-08-04,Minnesota Twins,Toronto Blue Jays,3,9,2022,12
661817,2022-08-04,Texas Rangers,Chicago White Sox,3,2,2022,5
662651,2022-08-04,Kansas City Royals,Boston Red Sox,7,3,2022,10
661063,2022-08-05,Chicago Cubs,Miami Marlins,2,1,2022,3
661048,2022-08-05,Baltimore Orioles,Pittsburgh Pirates,1,0,2022,1
661562,2022-08-05,Philadelphia Phillies,Washington Nationals,7,2,2022,9
662945,2022-08-05,Cleveland Guardians,Houston Astros,3,9,2022,12
662811,2022-08-05,Detroit Tigers,Tampa Bay Rays,3,5,2022,8
662418,2022-08-05,New York Mets,Atlanta Braves,6,9,2022,15
661816,2022-08-05,Texas Rangers,Chicago White Sox,1,2,2022,3
662650,2022-08-05,Kansas City Royals,Boston Red Sox,4,7,2022,11
661659,2022-08-05,Minnesota Twins,Toronto Blue Jays,6,5,2022,11
661174,2022-08-05,Milwaukee Brewers,Cincinnati Reds,5,1,2022,6
661946,2022-08-05,St. Louis Cardinals,New York Yankees,4,3,2022,7
663313,2022-08-05,Arizona Diamondbacks,Colorado Rockies,6,5,2022,11
662564,2022-08-05,Los Angeles Dodgers,San Diego Padres,8,1,2022,9
662164,2022-08-05,Seattle Mariners,Los Angeles Angels,3,4,2022,7
662499,2022-08-06,New York Mets,Atlanta Braves,8,5,2022,13
662417,2022-08-06,New York Mets,Atlanta Braves,6,2,2022,8
661062,2022-08-06,Chicago Cubs,Miami Marlins,4,0,2022,4
662154,2022-08-06,Seattle Mariners,Los Angeles Angels,2,1,2022,3
662193,2022-08-06,Seattle Mariners,Los Angeles Angels,1,7,2022,8
661050,2022-08-06,Baltimore Orioles,Pittsburgh Pirates,6,3,2022,9
661561,2022-08-06,Philadelphia Phillies,Washington Nationals,11,5,2022,16
662937,2022-08-06,Cleveland Guardians,Houston Astros,4,1,2022,5
662856,2022-08-06,Detroit Tigers,Tampa Bay Rays,9,1,2022,10
661815,2022-08-06,Texas Rangers,Chicago White Sox,8,0,2022,8
662308,2022-08-06,Oakland Athletics,San Francisco Giants,3,7,2022,10
662649,2022-08-06,Kansas City Royals,Boston Red Sox,5,4,2022,9
661662,2022-08-06,Minnesota Twins,Toronto Blue Jays,7,3,2022,10
661949,2022-08-06,St. Louis Cardinals,New York Yankees,1,0,2022,1
661173,2022-08-06,Milwaukee Brewers,Cincinnati Reds,5,7,2022,12
663288,2022-08-06,Arizona Diamondbacks,Colorado Rockies,2,3,2022,5
662654,2022-08-06,Los Angeles Dodgers,San Diego Padres,8,3,2022,11
662944,2022-08-07,Cleveland Guardians,Houston Astros,1,0,2022,1
661049,2022-08-07,Baltimore Orioles,Pittsburgh Pirates,1,8,2022,9
661558,2022-08-07,Philadelphia Phillies,Washington Nationals,13,1,2022,14
662810,2022-08-07,Detroit Tigers,Tampa Bay Rays,0,7,2022,7
662648,2022-08-07,Kansas City Royals,Boston Red Sox,13,5,2022,18
661653,2022-08-07,Minnesota Twins,Toronto Blue Jays,2,3,2022,5
661172,2022-08-07,Milwaukee Brewers,Cincinnati Reds,2,4,2022,6
661948,2022-08-07,St. Louis Cardinals,New York Yankees,12,9,2022,21
661061,2022-08-07,Chicago Cubs,Miami Marlins,0,3,2022,3
661835,2022-08-07,Texas Rangers,Chicago White Sox,2,8,2022,10
662332,2022-08-07,Oakland Athletics,San Francisco Giants,4,6,2022,10
663300,2022-08-07,Arizona Diamondbacks,Colorado Rockies,6,4,2022,10
662153,2022-08-07,Seattle Mariners,Los Angeles Angels,6,3,2022,9
662416,2022-08-07,New York Mets,Atlanta Braves,5,2,2022,7
662563,2022-08-07,Los Angeles Dodgers,San Diego Padres,4,0,2022,4
661047,2022-08-08,Baltimore Orioles,Toronto Blue Jays,7,4,2022,11
662445,2022-08-08,New York Mets,Cincinnati Reds,5,1,2022,6
661060,2022-08-08,Chicago Cubs,Washington Nationals,6,3,2022,9
662331,2022-08-08,Oakland Athletics,Los Angeles Angels,0,1,2022,1
663304,2022-08-08,Arizona Diamondbacks,Pittsburgh Pirates,3,0,2022,3
662218,2022-08-08,San Diego Padres,San Francisco Giants,0,1,2022,1
662152,2022-08-08,Seattle Mariners,New York Yankees,4,9,2022,13
662647,2022-08-09,Kansas City Royals,Chicago White Sox,4,2,2022,6
662779,2022-08-09,Kansas City Royals,Chicago White Sox,2,3,2022,5
661046,2022-08-09,Baltimore Orioles,Toronto Blue Jays,6,5,2022,11
661553,2022-08-09,Philadelphia Phillies,Miami Marlins,4,1,2022,5
662793,2022-08-09,Detroit Tigers,Cleveland Guardians,2,5,2022,7
662444,2022-08-09,New York Mets,Cincinnati Reds,6,2,2022,8
663201,2022-08-09,Boston Red Sox,Atlanta Braves,7,9,2022,16
661059,2022-08-09,Chicago Cubs,Washington Nationals,5,6,2022,11
662724,2022-08-09,Houston Astros,Texas Rangers,7,5,2022,12
661182,2022-08-09,Milwaukee Brewers,Tampa Bay Rays,5,3,2022,8
662979,2022-08-09,Colorado Rockies,St. Louis Cardinals,16,5,2022,21
662330,2022-08-09,Oakland Athletics,Los Angeles Angels,1,5,2022,6
663303,2022-08-09,Arizona Diamondbacks,Pittsburgh Pirates,6,4,2022,10
662246,2022-08-09,San Diego Padres,San Francisco Giants,7,4,2022,11
662562,2022-08-09,Los Angeles Dodgers,Minnesota Twins,10,3,2022,13
662148,2022-08-09,Seattle Mariners,New York Yankees,1,0,2022,1
662443,2022-08-10,New York Mets,Cincinnati Reds,10,2,2022,12
661207,2022-08-10,Milwaukee Brewers,Tampa Bay Rays,4,3,2022,7
663229,2022-08-10,Chicago Cubs,Washington Nationals,4,2,2022,6
662316,2022-08-10,Oakland Athletics,Los Angeles Angels,4,5,2022,9
662217,2022-08-10,San Diego Padres,San Francisco Giants,13,7,2022,20
662185,2022-08-10,Seattle Mariners,New York Yankees,4,3,2022,7
661557,2022-08-10,Philadelphia Phillies,Miami Marlins,4,3,2022,7
662791,2022-08-10,Detroit Tigers,Cleveland Guardians,2,3,2022,5
663188,2022-08-10,Boston Red Sox,Atlanta Braves,4,8,2022,12
662723,2022-08-10,Houston Astros,Texas Rangers,4,8,2022,12
662639,2022-08-10,Kansas City Royals,Chicago White Sox,8,3,2022,11
662892,2022-08-10,Colorado Rockies,St. Louis Cardinals,5,9,2022,14
663302,2022-08-10,Arizona Diamondbacks,Pittsburgh Pirates,4,6,2022,10
662575,2022-08-10,Los Angeles Dodgers,Minnesota Twins,8,5,2022,13
661608,2022-08-11,Philadelphia Phillies,Miami Marlins,0,3,2022,3
662790,2022-08-11,Detroit Tigers,Cleveland Guardians,3,4,2022,7
662722,2022-08-11,Houston Astros,Texas Rangers,7,3,2022,10
662645,2022-08-11,Kansas City Royals,Chicago White Sox,5,3,2022,8
662891,2022-08-11,Colorado Rockies,St. Louis Cardinals,8,6,2022,14
663293,2022-08-11,Arizona Diamondbacks,Pittsburgh Pirates,9,3,2022,12
663274,2022-08-11,Boston Red Sox,Baltimore Orioles,4,3,2022,7
663023,2022-08-11,Cincinnati Reds,Chicago Cubs,2,4,2022,6
661366,2022-08-12,Miami Marlins,Atlanta Braves,3,4,2022,7
662551,2022-08-12,Washington Nationals,San Diego Padres,5,10,2022,15
661710,2022-08-12,Toronto Blue Jays,Cleveland Guardians,0,8,2022,8
661866,2022-08-12,Tampa Bay Rays,Baltimore Orioles,3,10,2022,13
662434,2022-08-12,New York Mets,Philadelphia Phillies,1,2,2022,3
661384,2022-08-12,Chicago White Sox,Detroit Tigers,2,0,2022,2
663177,2022-08-12,Boston Red Sox,New York Yankees,3,2,2022,5
661791,2022-08-12,Texas Rangers,Seattle Mariners,2,6,2022,8
662671,2022-08-12,Kansas City Royals,Los Angeles Dodgers,3,8,2022,11
662817,2022-08-12,Houston Astros,Oakland Athletics,7,5,2022,12
661947,2022-08-12,St. Louis Cardinals,Milwaukee Brewers,3,1,2022,4
662978,2022-08-12,Colorado Rockies,Arizona Diamondbacks,5,3,2022,8
663373,2022-08-12,Los Angeles Angels,Minnesota Twins,0,4,2022,4
662111,2022-08-12,San Francisco Giants,Pittsburgh Pirates,5,3,2022,8
661428,2022-08-13,Miami Marlins,Atlanta Braves,2,5,2022,7
661360,2022-08-13,Miami Marlins,Atlanta Braves,2,6,2022,8
661709,2022-08-13,Toronto Blue Jays,Cleveland Guardians,2,1,2022,3
661865,2022-08-13,Tampa Bay Rays,Baltimore Orioles,8,2,2022,10
663022,2022-08-13,Cincinnati Reds,Chicago Cubs,2,7,2022,9
662473,2022-08-13,Washington Nationals,San Diego Padres,4,3,2022,7
662670,2022-08-13,Kansas City Royals,Los Angeles Dodgers,3,13,2022,16
662824,2022-08-13,Houston Astros,Oakland Athletics,8,0,2022,8
662428,2022-08-13,New York Mets,Philadelphia Phillies,1,0,2022,1
661383,2022-08-13,Chicago White Sox,Detroit Tigers,6,4,2022,10
661790,2022-08-13,Texas Rangers,Seattle Mariners,7,4,2022,11
663176,2022-08-13,Boston Red Sox,New York Yankees,2,3,2022,5
661951,2022-08-13,St. Louis Cardinals,Milwaukee Brewers,2,3,2022,5
662882,2022-08-13,Colorado Rockies,Arizona Diamondbacks,0,6,2022,6
662110,2022-08-13,San Francisco Giants,Pittsburgh Pirates,2,0,2022,2
663372,2022-08-13,Los Angeles Angels,Minnesota Twins,5,3,2022,8
662472,2022-08-14,Washington Nationals,San Diego Padres,0,6,2022,6
661708,2022-08-14,Toronto Blue Jays,Cleveland Guardians,2,7,2022,9
663021,2022-08-14,Cincinnati Reds,Chicago Cubs,8,5,2022,13
661864,2022-08-14,Tampa Bay Rays,Baltimore Orioles,4,1,2022,5
662427,2022-08-14,New York Mets,Philadelphia Phillies,6,0,2022,6
661338,2022-08-14,Miami Marlins,Atlanta Braves,1,3,2022,4
662669,2022-08-14,Kansas City Royals,Los Angeles Dodgers,4,0,2022,4
662801,2022-08-14,Houston Astros,Oakland Athletics,6,3,2022,9
661450,2022-08-14,Chicago White Sox,Detroit Tigers,5,3,2022,8
661957,2022-08-14,St. Louis Cardinals,Milwaukee Brewers,6,3,2022,9
661789,2022-08-14,Texas Rangers,Seattle Mariners,5,3,2022,8
662881,2022-08-14,Colorado Rockies,Arizona Diamondbacks,4,7,2022,11
662035,2022-08-14,San Francisco Giants,Pittsburgh Pirates,8,7,2022,15
663371,2022-08-14,Los Angeles Angels,Minnesota Twins,4,2,2022,6
663175,2022-08-14,Boston Red Sox,New York Yankees,3,0,2022,3
662977,2022-08-15,Cleveland Guardians,Detroit Tigers,4,1,2022,5
662948,2022-08-15,Cleveland Guardians,Detroit Tigers,5,7,2022,12
663020,2022-08-15,Cincinnati Reds,Philadelphia Phillies,3,4,2022,7
661358,2022-08-15,Miami Marlins,San Diego Padres,3,0,2022,3
662471,2022-08-15,Washington Nationals,Chicago Cubs,5,4,2022,9
661283,2022-08-15,New York Yankees,Tampa Bay Rays,0,4,2022,4
661707,2022-08-15,Toronto Blue Jays,Baltimore Orioles,3,7,2022,10
661497,2022-08-15,Atlanta Braves,New York Mets,13,1,2022,14
661676,2022-08-15,Minnesota Twins,Kansas City Royals,4,2,2022,6
661834,2022-08-15,Texas Rangers,Oakland Athletics,2,1,2022,3
661449,2022-08-15,Chicago White Sox,Houston Astros,4,2,2022,6
661199,2022-08-15,Milwaukee Brewers,Los Angeles Dodgers,0,4,2022,4
663370,2022-08-15,Los Angeles Angels,Seattle Mariners,2,6,2022,8
662034,2022-08-15,San Francisco Giants,Arizona Diamondbacks,6,1,2022,7
663019,2022-08-16,Cincinnati Reds,Philadelphia Phillies,4,11,2022,15
661357,2022-08-16,Miami Marlins,San Diego Padres,4,3,2022,7
662550,2022-08-16,Washington Nationals,Chicago Cubs,5,7,2022,12
662302,2022-08-16,Pittsburgh Pirates,Boston Red Sox,3,5,2022,8
661250,2022-08-16,New York Yankees,Tampa Bay Rays,1,3,2022,4
661706,2022-08-16,Toronto Blue Jays,Baltimore Orioles,2,4,2022,6
662943,2022-08-16,Cleveland Guardians,Detroit Tigers,3,4,2022,7
661495,2022-08-16,Atlanta Braves,New York Mets,5,0,2022,5
661682,2022-08-16,Minnesota Twins,Kansas City Royals,9,0,2022,9
661955,2022-08-16,St. Louis Cardinals,Colorado Rockies,5,4,2022,9
661833,2022-08-16,Texas Rangers,Oakland Athletics,1,5,2022,6
661448,2022-08-16,Chicago White Sox,Houston Astros,4,3,2022,7
661191,2022-08-16,Milwaukee Brewers,Los Angeles Dodgers,5,4,2022,9
663369,2022-08-16,Los Angeles Angels,Seattle Mariners,2,8,2022,10
662004,2022-08-16,San Francisco Giants,Arizona Diamondbacks,2,1,2022,3
663017,2022-08-17,Cincinnati Reds,Philadelphia Phillies,1,0,2022,1
662470,2022-08-17,Washington Nationals,Chicago Cubs,2,3,2022,5
661654,2022-08-17,Minnesota Twins,Kansas City Royals,4,0,2022,4
661705,2022-08-17,Toronto Blue Jays,Baltimore Orioles,6,1,2022,7
663408,2022-08-17,Los Angeles Angels,Seattle Mariners,7,11,2022,18
661356,2022-08-17,Miami Marlins,San Diego Padres,3,10,2022,13
662301,2022-08-17,Pittsburgh Pirates,Boston Red Sox,3,8,2022,11
661266,2022-08-17,New York Yankees,Tampa Bay Rays,8,7,2022,15
662951,2022-08-17,Cleveland Guardians,Detroit Tigers,8,4,2022,12
661494,2022-08-17,Atlanta Braves,New York Mets,7,9,2022,16
661938,2022-08-17,St. Louis Cardinals,Colorado Rockies,5,1,2022,6
661788,2022-08-17,Texas Rangers,Oakland Athletics,2,7,2022,9
661447,2022-08-17,Chicago White Sox,Houston Astros,2,3,2022,5
661171,2022-08-17,Milwaukee Brewers,Los Angeles Dodgers,1,2,2022,3
662003,2022-08-17,San Francisco Giants,Arizona Diamondbacks,2,3,2022,5
661937,2022-08-18,St. Louis Cardinals,Colorado Rockies,13,0,2022,13
661787,2022-08-18,Texas Rangers,Oakland Athletics,10,3,2022,13
661446,2022-08-18,Chicago White Sox,Houston Astros,5,21,2022,26
661179,2022-08-18,Milwaukee Brewers,Los Angeles Dodgers,5,3,2022,8
661109,2022-08-18,Baltimore Orioles,Chicago Cubs,2,3,2022,5
662002,2022-08-18,San Francisco Giants,Arizona Diamondbacks,0,5,2022,5
662413,2022-08-18,Pittsburgh Pirates,Boston Red Sox,8,2,2022,10
661265,2022-08-18,New York Yankees,Toronto Blue Jays,2,9,2022,11
661863,2022-08-18,Tampa Bay Rays,Kansas City Royals,7,1,2022,8
661493,2022-08-18,Atlanta Braves,New York Mets,3,2,2022,5
662182,2022-08-18,San Diego Padres,Washington Nationals,1,3,2022,4
663228,2022-08-19,Chicago Cubs,Milwaukee Brewers,8,7,2022,15
661044,2022-08-19,Baltimore Orioles,Boston Red Sox,15,10,2022,25
662396,2022-08-19,Pittsburgh Pirates,Cincinnati Reds,5,4,2022,9
661607,2022-08-19,Philadelphia Phillies,New York Mets,2,7,2022,9
661319,2022-08-19,New York Yankees,Toronto Blue Jays,0,4,2022,4
662808,2022-08-19,Detroit Tigers,Los Angeles Angels,0,1,2022,1
661862,2022-08-19,Tampa Bay Rays,Kansas City Royals,2,3,2022,5
662936,2022-08-19,Cleveland Guardians,Chicago White Sox,5,2,2022,7
661492,2022-08-19,Atlanta Braves,Houston Astros,6,2,2022,8
661655,2022-08-19,Minnesota Twins,Texas Rangers,2,1,2022,3
662880,2022-08-19,Colorado Rockies,San Francisco Giants,7,4,2022,11
662181,2022-08-19,San Diego Padres,Washington Nationals,3,6,2022,9
662341,2022-08-19,Oakland Athletics,Seattle Mariners,2,10,2022,12
663292,2022-08-19,Arizona Diamondbacks,St. Louis Cardinals,1,5,2022,6
662574,2022-08-19,Los Angeles Dodgers,Miami Marlins,2,1,2022,3
661628,2022-08-20,Philadelphia Phillies,New York Mets,2,8,2022,10
661606,2022-08-20,Philadelphia Phillies,New York Mets,4,1,2022,5
661240,2022-08-20,New York Yankees,Toronto Blue Jays,2,5,2022,7
662917,2022-08-20,Detroit Tigers,Los Angeles Angels,4,3,2022,7
663116,2022-08-20,Chicago Cubs,Milwaukee Brewers,6,5,2022,11
661043,2022-08-20,Baltimore Orioles,Boston Red Sox,3,4,2022,7
661861,2022-08-20,Tampa Bay Rays,Kansas City Royals,5,2,2022,7
662953,2022-08-20,Cleveland Guardians,Chicago White Sox,0,2,2022,2
662395,2022-08-20,Pittsburgh Pirates,Cincinnati Reds,1,10,2022,11
661670,2022-08-20,Minnesota Twins,Texas Rangers,3,4,2022,7
662340,2022-08-20,Oakland Athletics,Seattle Mariners,4,3,2022,7
661610,2022-08-20,Atlanta Braves,Houston Astros,5,4,2022,9
662879,2022-08-20,Colorado Rockies,San Francisco Giants,4,3,2022,7
663291,2022-08-20,Arizona Diamondbacks,St. Louis Cardinals,7,16,2022,23
662180,2022-08-20,San Diego Padres,Washington Nationals,2,1,2022,3
662561,2022-08-20,Los Angeles Dodgers,Miami Marlins,7,0,2022,7
662300,2022-08-21,Pittsburgh Pirates,Cincinnati Reds,5,9,2022,14
661602,2022-08-21,Philadelphia Phillies,New York Mets,9,10,2022,19
661480,2022-08-21,Atlanta Braves,Houston Astros,4,5,2022,9
661239,2022-08-21,New York Yankees,Toronto Blue Jays,4,2,2022,6
662805,2022-08-21,Detroit Tigers,Los Angeles Angels,4,0,2022,4
661860,2022-08-21,Tampa Bay Rays,Kansas City Royals,3,2,2022,5
661652,2022-08-21,Minnesota Twins,Texas Rangers,0,7,2022,7
663115,2022-08-21,Chicago Cubs,Milwaukee Brewers,2,5,2022,7
662878,2022-08-21,Colorado Rockies,San Francisco Giants,8,9,2022,17
662315,2022-08-21,Oakland Athletics,Seattle Mariners,5,3,2022,8
662179,2022-08-21,San Diego Padres,Washington Nationals,2,1,2022,3
663301,2022-08-21,Arizona Diamondbacks,St. Louis Cardinals,4,6,2022,10
662600,2022-08-21,Los Angeles Dodgers,Miami Marlins,10,3,2022,13
661051,2022-08-21,Baltimore Orioles,Boston Red Sox,5,3,2022,8
662767,2022-08-22,Kansas City Royals,Chicago White Sox,6,4,2022,10
661601,2022-08-22,Philadelphia Phillies,Cincinnati Reds,4,1,2022,5
662394,2022-08-22,Pittsburgh Pirates,Atlanta Braves,1,2,2022,3
661238,2022-08-22,New York Yankees,New York Mets,4,2,2022,6
661859,2022-08-22,Tampa Bay Rays,Los Angeles Angels,2,1,2022,3
661658,2022-08-22,Minnesota Twins,Texas Rangers,1,2,2022,3
663114,2022-08-22,Chicago Cubs,St. Louis Cardinals,0,1,2022,1
662314,2022-08-22,Oakland Athletics,Miami Marlins,0,3,2022,3
662594,2022-08-22,Los Angeles Dodgers,Milwaukee Brewers,0,4,2022,4
663163,2022-08-23,Chicago Cubs,St. Louis Cardinals,2,0,2022,2
663113,2022-08-23,Chicago Cubs,St. Louis Cardinals,3,13,2022,16
661600,2022-08-23,Philadelphia Phillies,Cincinnati Reds,7,6,2022,13
662383,2022-08-23,Pittsburgh Pirates,Atlanta Braves,1,6,2022,7
663461,2022-08-23,Baltimore Orioles,Chicago White Sox,5,3,2022,8
661237,2022-08-23,New York Yankees,New York Mets,4,2,2022,6
662914,2022-08-23,Detroit Tigers,San Francisco Giants,1,3,2022,4
661858,2022-08-23,Tampa Bay Rays,Los Angeles Angels,11,1,2022,12
663174,2022-08-23,Boston Red Sox,Toronto Blue Jays,3,9,2022,12
662668,2022-08-23,Kansas City Royals,Arizona Diamondbacks,3,7,2022,10
662800,2022-08-23,Houston Astros,Minnesota Twins,4,2,2022,6
662876,2022-08-23,Colorado Rockies,Texas Rangers,7,6,2022,13
662213,2022-08-23,San Diego Padres,Cleveland Guardians,1,3,2022,4
662339,2022-08-23,Oakland Athletics,Miami Marlins,3,5,2022,8
662142,2022-08-23,Seattle Mariners,Washington Nationals,4,2,2022,6
662605,2022-08-23,Los Angeles Dodgers,Milwaukee Brewers,10,1,2022,11
662371,2022-08-24,Pittsburgh Pirates,Atlanta Braves,2,14,2022,16
662916,2022-08-24,Detroit Tigers,San Francisco Giants,6,1,2022,7
662877,2022-08-24,Colorado Rockies,Texas Rangers,4,16,2022,20
662338,2022-08-24,Oakland Athletics,Miami Marlins,3,2,2022,5
662212,2022-08-24,San Diego Padres,Cleveland Guardians,0,7,2022,7
662144,2022-08-24,Seattle Mariners,Washington Nationals,1,3,2022,4
661605,2022-08-24,Philadelphia Phillies,Cincinnati Reds,7,5,2022,12
663460,2022-08-24,Baltimore Orioles,Chicago White Sox,3,5,2022,8
661857,2022-08-24,Tampa Bay Rays,Los Angeles Angels,4,3,2022,7
663173,2022-08-24,Boston Red Sox,Toronto Blue Jays,2,3,2022,5
663216,2022-08-24,Chicago Cubs,St. Louis Cardinals,7,1,2022,8
662640,2022-08-24,Kansas City Royals,Arizona Diamondbacks,5,3,2022,8
662799,2022-08-24,Houston Astros,Minnesota Twins,5,3,2022,8
662604,2022-08-24,Los Angeles Dodgers,Milwaukee Brewers,12,6,2022,18
661856,2022-08-25,Tampa Bay Rays,Los Angeles Angels,8,3,2022,11
663240,2022-08-25,Chicago Cubs,St. Louis Cardinals,3,8,2022,11
662141,2022-08-25,Seattle Mariners,Cleveland Guardians,3,1,2022,4
661604,2022-08-25,Philadelphia Phillies,Cincinnati Reds,4,0,2022,4
663459,2022-08-25,Baltimore Orioles,Chicago White Sox,4,3,2022,7
662433,2022-08-25,New York Mets,Colorado Rockies,3,1,2022,4
663172,2022-08-25,Boston Red Sox,Toronto Blue Jays,5,6,2022,11
662711,2022-08-25,Houston Astros,Minnesota Twins,6,3,2022,9
662337,2022-08-25,Oakland Athletics,New York Yankees,4,13,2022,17
661355,2022-08-26,Miami Marlins,Los Angeles Dodgers,6,10,2022,16
662469,2022-08-26,Washington Nationals,Cincinnati Reds,3,7,2022,10
661603,2022-08-26,Philadelphia Phillies,Pittsburgh Pirates,7,4,2022,11
661704,2022-08-26,Toronto Blue Jays,Los Angeles Angels,0,12,2022,12
662432,2022-08-26,New York Mets,Colorado Rockies,7,6,2022,13
663171,2022-08-26,Boston Red Sox,Tampa Bay Rays,9,8,2022,17
661786,2022-08-26,Texas Rangers,Detroit Tigers,7,6,2022,13
662710,2022-08-26,Houston Astros,Baltimore Orioles,0,2,2022,2
662667,2022-08-26,Kansas City Royals,San Diego Padres,5,13,2022,18
661669,2022-08-26,Minnesota Twins,San Francisco Giants,9,0,2022,9
661445,2022-08-26,Chicago White Sox,Arizona Diamondbacks,2,7,2022,9
661189,2022-08-26,Milwaukee Brewers,Chicago Cubs,3,4,2022,7
661940,2022-08-26,St. Louis Cardinals,Atlanta Braves,4,11,2022,15
662342,2022-08-26,Oakland Athletics,New York Yankees,2,3,2022,5
662143,2022-08-26,Seattle Mariners,Cleveland Guardians,3,2,2022,5
661703,2022-08-27,Toronto Blue Jays,Los Angeles Angels,0,2,2022,2
663170,2022-08-27,Boston Red Sox,Tampa Bay Rays,5,1,2022,6
661599,2022-08-27,Philadelphia Phillies,Pittsburgh Pirates,6,0,2022,6
661354,2022-08-27,Miami Marlins,Los Angeles Dodgers,2,1,2022,3
662468,2022-08-27,Washington Nationals,Cincinnati Reds,2,6,2022,8
661785,2022-08-27,Texas Rangers,Detroit Tigers,2,11,2022,13
661090,2022-08-27,Houston Astros,Baltimore Orioles,1,3,2022,4
662442,2022-08-27,New York Mets,Colorado Rockies,3,0,2022,3
662666,2022-08-27,Kansas City Royals,San Diego Padres,3,4,2022,7
661444,2022-08-27,Chicago White Sox,Arizona Diamondbacks,5,10,2022,15
661180,2022-08-27,Milwaukee Brewers,Chicago Cubs,7,0,2022,7
661657,2022-08-27,Minnesota Twins,San Francisco Giants,3,2,2022,5
661939,2022-08-27,St. Louis Cardinals,Atlanta Braves,6,5,2022,11
662336,2022-08-27,Oakland Athletics,New York Yankees,3,2,2022,5
662140,2022-08-27,Seattle Mariners,Cleveland Guardians,3,4,2022,7
661353,2022-08-28,Miami Marlins,Los Angeles Dodgers,1,8,2022,9
662467,2022-08-28,Washington Nationals,Cincinnati Reds,3,2,2022,5
663211,2022-08-28,Boston Red Sox,Tampa Bay Rays,4,12,2022,16
661598,2022-08-28,Philadelphia Phillies,Pittsburgh Pirates,0,5,2022,5
661773,2022-08-28,Toronto Blue Jays,Los Angeles Angels,3,8,2022,11
662446,2022-08-28,New York Mets,Colorado Rockies,0,1,2022,1
661089,2022-08-28,Houston Astros,Baltimore Orioles,3,1,2022,4
662638,2022-08-28,Kansas City Royals,San Diego Padres,15,7,2022,22
661663,2022-08-28,Minnesota Twins,San Francisco Giants,8,3,2022,11
661443,2022-08-28,Chicago White Sox,Arizona Diamondbacks,2,3,2022,5
661168,2022-08-28,Milwaukee Brewers,Chicago Cubs,9,7,2022,16
661784,2022-08-28,Texas Rangers,Detroit Tigers,8,9,2022,17
662335,2022-08-28,Oakland Athletics,New York Yankees,4,1,2022,5
662139,2022-08-28,Seattle Mariners,Cleveland Guardians,4,0,2022,4
661950,2022-08-28,St. Louis Cardinals,Atlanta Braves,6,3,2022,9
663018,2022-08-29,Cincinnati Reds,St. Louis Cardinals,4,13,2022,17
661352,2022-08-29,Miami Marlins,Los Angeles Dodgers,2,3,2022,5
661801,2022-08-29,Toronto Blue Jays,Chicago Cubs,5,4,2022,9
661651,2022-08-29,Minnesota Twins,Boston Red Sox,4,2,2022,6
661167,2022-08-29,Milwaukee Brewers,Pittsburgh Pirates,7,5,2022,12
663424,2022-08-29,Los Angeles Angels,New York Yankees,4,3,2022,7
663332,2022-08-29,Arizona Diamondbacks,Philadelphia Phillies,13,7,2022,20
662001,2022-08-29,San Francisco Giants,San Diego Padres,5,6,2022,11
662973,2022-08-30,Cleveland Guardians,Baltimore Orioles,5,1,2022,6
663137,2022-08-30,Cincinnati Reds,St. Louis Cardinals,5,1,2022,6
661351,2022-08-30,Miami Marlins,Tampa Bay Rays,2,7,2022,9
662466,2022-08-30,Washington Nationals,Oakland Athletics,6,10,2022,16
661800,2022-08-30,Toronto Blue Jays,Chicago Cubs,5,3,2022,8
662426,2022-08-30,New York Mets,Los Angeles Dodgers,3,4,2022,7
662804,2022-08-30,Detroit Tigers,Seattle Mariners,3,9,2022,12
661479,2022-08-30,Atlanta Braves,Colorado Rockies,2,3,2022,5
661648,2022-08-30,Minnesota Twins,Boston Red Sox,10,5,2022,15
661832,2022-08-30,Texas Rangers,Houston Astros,2,4,2022,6
661442,2022-08-30,Chicago White Sox,Kansas City Royals,7,9,2022,16
661166,2022-08-30,Milwaukee Brewers,Pittsburgh Pirates,2,4,2022,6
663437,2022-08-30,Los Angeles Angels,New York Yankees,4,7,2022,11
663286,2022-08-30,Arizona Diamondbacks,Philadelphia Phillies,12,3,2022,15
662000,2022-08-30,San Francisco Giants,San Diego Padres,3,4,2022,7
661831,2022-08-31,Texas Rangers,Houston Astros,3,5,2022,8
661165,2022-08-31,Milwaukee Brewers,Pittsburgh Pirates,6,1,2022,7
662033,2022-08-31,San Francisco Giants,San Diego Padres,4,5,2022,9
662972,2022-08-31,Cleveland Guardians,Baltimore Orioles,0,4,2022,4
662995,2022-08-31,Cincinnati Reds,St. Louis Cardinals,3,5,2022,8
661350,2022-08-31,Miami Marlins,Tampa Bay Rays,1,2,2022,3
662465,2022-08-31,Washington Nationals,Oakland Athletics,5,1,2022,6
661779,2022-08-31,Toronto Blue Jays,Chicago Cubs,5,7,2022,12
662447,2022-08-31,New York Mets,Los Angeles Dodgers,2,1,2022,3
662903,2022-08-31,Detroit Tigers,Seattle Mariners,3,5,2022,8
661478,2022-08-31,Atlanta Braves,Colorado Rockies,3,2,2022,5
661649,2022-08-31,Minnesota Twins,Boston Red Sox,5,6,2022,11
661441,2022-08-31,Chicago White Sox,Kansas City Royals,4,2,2022,6
663410,2022-08-31,Los Angeles Angels,New York Yankees,3,2,2022,5
663312,2022-08-31,Arizona Diamondbacks,Philadelphia Phillies,2,18,2022,20
662785,2022-09-01,Detroit Tigers,Seattle Mariners,0,7,2022,7
661440,2022-09-01,Chicago White Sox,Kansas City Royals,7,1,2022,8
662491,2022-09-01,Washington Nationals,Oakland Athletics,7,5,2022,12
662410,2022-09-01,New York Mets,Los Angeles Dodgers,5,3,2022,8
662971,2022-09-01,Cleveland Guardians,Baltimore Orioles,0,3,2022,3
663210,2022-09-01,Boston Red Sox,Texas Rangers,9,8,2022,17
661477,2022-09-01,Atlanta Braves,Colorado Rockies,3,0,2022,3
663290,2022-09-01,Arizona Diamondbacks,Milwaukee Brewers,5,0,2022,5
662356,2022-09-02,Pittsburgh Pirates,Toronto Blue Jays,0,4,2022,4
663133,2022-09-02,Cincinnati Reds,Colorado Rockies,3,2,2022,5
663356,2022-09-02,Baltimore Orioles,Oakland Athletics,5,2,2022,7
662915,2022-09-02,Detroit Tigers,Kansas City Royals,5,4,2022,9
662409,2022-09-02,New York Mets,Washington Nationals,7,3,2022,10
662961,2022-09-02,Cleveland Guardians,Seattle Mariners,1,6,2022,7
663212,2022-09-02,Boston Red Sox,Texas Rangers,9,1,2022,10
661855,2022-09-02,Tampa Bay Rays,New York Yankees,9,0,2022,9
661476,2022-09-02,Atlanta Braves,Miami Marlins,8,1,2022,9
661439,2022-09-02,Chicago White Sox,Minnesota Twins,4,3,2022,7
661920,2022-09-02,St. Louis Cardinals,Chicago Cubs,8,0,2022,8
663428,2022-09-02,Los Angeles Angels,Houston Astros,2,4,2022,6
663285,2022-09-02,Arizona Diamondbacks,Milwaukee Brewers,2,1,2022,3
662603,2022-09-02,Los Angeles Dodgers,San Diego Padres,1,7,2022,8
662032,2022-09-02,San Francisco Giants,Philadelphia Phillies,13,1,2022,14
662031,2022-09-03,San Francisco Giants,Philadelphia Phillies,5,4,2022,9
663214,2022-09-03,Boston Red Sox,Texas Rangers,5,3,2022,8
662803,2022-09-03,Detroit Tigers,Kansas City Royals,2,12,2022,14
661854,2022-09-03,Tampa Bay Rays,New York Yankees,2,1,2022,3
662286,2022-09-03,Pittsburgh Pirates,Toronto Blue Jays,1,4,2022,5
663355,2022-09-03,Baltimore Orioles,Oakland Athletics,8,1,2022,9
662425,2022-09-03,New York Mets,Washington Nationals,1,7,2022,8
662963,2022-09-03,Cleveland Guardians,Seattle Mariners,0,4,2022,4
661928,2022-09-03,St. Louis Cardinals,Chicago Cubs,8,4,2022,12
661438,2022-09-03,Chicago White Sox,Minnesota Twins,13,0,2022,13
661475,2022-09-03,Atlanta Braves,Miami Marlins,2,1,2022,3
663321,2022-09-03,Arizona Diamondbacks,Milwaukee Brewers,6,8,2022,14
663436,2022-09-03,Los Angeles Angels,Houston Astros,2,1,2022,3
662597,2022-09-03,Los Angeles Dodgers,San Diego Padres,12,1,2022,13
662299,2022-09-04,Pittsburgh Pirates,Toronto Blue Jays,3,4,2022,7
663107,2022-09-04,Cincinnati Reds,Colorado Rockies,4,8,2022,12
663108,2022-09-04,Cincinnati Reds,Colorado Rockies,10,0,2022,10
663354,2022-09-04,Baltimore Orioles,Oakland Athletics,0,5,2022,5
663213,2022-09-04,Boston Red Sox,Texas Rangers,5,2,2022,7
661474,2022-09-04,Atlanta Braves,Miami Marlins,7,1,2022,8
662786,2022-09-04,Detroit Tigers,Kansas City Royals,2,3,2022,5
662424,2022-09-04,New York Mets,Washington Nationals,1,7,2022,8
661853,2022-09-04,Tampa Bay Rays,New York Yankees,1,2,2022,3
661437,2022-09-04,Chicago White Sox,Minnesota Twins,1,5,2022,6
661927,2022-09-04,St. Louis Cardinals,Chicago Cubs,2,0,2022,2
662962,2022-09-04,Cleveland Guardians,Seattle Mariners,3,6,2022,9
662030,2022-09-04,San Francisco Giants,Philadelphia Phillies,5,3,2022,8
663435,2022-09-04,Los Angeles Angels,Houston Astros,1,9,2022,10
663311,2022-09-04,Arizona Diamondbacks,Milwaukee Brewers,5,1,2022,6
662599,2022-09-04,Los Angeles Dodgers,San Diego Padres,9,4,2022,13
663353,2022-09-05,Baltimore Orioles,Toronto Blue Jays,3,7,2022,10
661045,2022-09-05,Baltimore Orioles,Toronto Blue Jays,4,8,2022,12
661236,2022-09-05,New York Yankees,Minnesota Twins,5,2,2022,7
661852,2022-09-05,Tampa Bay Rays,Boston Red Sox,4,3,2022,7
662860,2022-09-05,Colorado Rockies,Milwaukee Brewers,4,6,2022,10
661926,2022-09-05,St. Louis Cardinals,Washington Nationals,0,6,2022,6
662211,2022-09-05,San Diego Padres,Arizona Diamondbacks,0,5,2022,5
662121,2022-09-05,Seattle Mariners,Chicago White Sox,2,3,2022,5
661088,2022-09-05,Houston Astros,Texas Rangers,1,0,2022,1
662646,2022-09-05,Kansas City Royals,Cleveland Guardians,5,6,2022,11
663434,2022-09-05,Los Angeles Angels,Detroit Tigers,10,0,2022,10
662602,2022-09-05,Los Angeles Dodgers,San Francisco Giants,4,7,2022,11
662282,2022-09-06,Pittsburgh Pirates,New York Mets,8,2,2022,10
662043,2022-09-06,Tampa Bay Rays,Boston Red Sox,8,4,2022,12
661597,2022-09-06,Philadelphia Phillies,Miami Marlins,3,2,2022,5
663458,2022-09-06,Baltimore Orioles,Toronto Blue Jays,9,6,2022,15
663242,2022-09-06,Chicago Cubs,Cincinnati Reds,9,3,2022,12
661925,2022-09-06,St. Louis Cardinals,Washington Nationals,4,1,2022,5
662644,2022-09-06,Kansas City Royals,Cleveland Guardians,1,4,2022,5
661087,2022-09-06,Houston Astros,Texas Rangers,3,4,2022,7
662859,2022-09-06,Colorado Rockies,Milwaukee Brewers,10,7,2022,17
663407,2022-09-06,Los Angeles Angels,Detroit Tigers,5,4,2022,9
662205,2022-09-06,San Diego Padres,Arizona Diamondbacks,6,5,2022,11
662313,2022-09-06,Oakland Athletics,Atlanta Braves,9,10,2022,19
662138,2022-09-06,Seattle Mariners,Chicago White Sox,3,0,2022,3
662601,2022-09-06,Los Angeles Dodgers,San Francisco Giants,6,3,2022,9
662283,2022-09-07,Pittsburgh Pirates,New York Mets,1,5,2022,6
662285,2022-09-07,Pittsburgh Pirates,New York Mets,0,10,2022,10
661251,2022-09-07,New York Yankees,Minnesota Twins,5,4,2022,9
661235,2022-09-07,New York Yankees,Minnesota Twins,7,1,2022,8
662871,2022-09-07,Colorado Rockies,Milwaukee Brewers,8,4,2022,12
662312,2022-09-07,Oakland Athletics,Atlanta Braves,3,7,2022,10
663409,2022-09-07,Los Angeles Angels,Detroit Tigers,4,5,2022,9
662582,2022-09-07,Los Angeles Dodgers,San Francisco Giants,7,3,2022,10
662137,2022-09-07,Seattle Mariners,Chicago White Sox,6,9,2022,15
662065,2022-09-07,Tampa Bay Rays,Boston Red Sox,1,0,2022,1
661596,2022-09-07,Philadelphia Phillies,Miami Marlins,4,3,2022,7
663457,2022-09-07,Baltimore Orioles,Toronto Blue Jays,1,4,2022,5
663168,2022-09-07,Chicago Cubs,Cincinnati Reds,1,7,2022,8
661924,2022-09-07,St. Louis Cardinals,Washington Nationals,6,5,2022,11
662643,2022-09-07,Kansas City Royals,Cleveland Guardians,2,1,2022,3
661086,2022-09-07,Houston Astros,Texas Rangers,4,3,2022,7
662216,2022-09-07,San Diego Padres,Arizona Diamondbacks,6,3,2022,9
661923,2022-09-08,St. Louis Cardinals,Washington Nationals,6,11,2022,17
663241,2022-09-08,Chicago Cubs,Cincinnati Reds,3,4,2022,7
661219,2022-09-08,Milwaukee Brewers,San Francisco Giants,2,1,2022,3
661233,2022-09-08,Milwaukee Brewers,San Francisco Giants,4,2,2022,6
661595,2022-09-08,Philadelphia Phillies,Miami Marlins,5,6,2022,11
661252,2022-09-08,New York Yankees,Minnesota Twins,3,4,2022,7
662334,2022-09-08,Oakland Athletics,Chicago White Sox,2,14,2022,16
663217,2022-09-09,Chicago Cubs,San Francisco Giants,4,2,2022,6
662284,2022-09-09,Pittsburgh Pirates,St. Louis Cardinals,8,2,2022,10
661337,2022-09-09,Miami Marlins,New York Mets,6,3,2022,9
663456,2022-09-09,Baltimore Orioles,Boston Red Sox,3,2,2022,5
661594,2022-09-09,Philadelphia Phillies,Washington Nationals,5,3,2022,8
661234,2022-09-09,New York Yankees,Tampa Bay Rays,2,4,2022,6
661830,2022-09-09,Texas Rangers,Toronto Blue Jays,3,4,2022,7
661085,2022-09-09,Houston Astros,Los Angeles Angels,4,3,2022,7
662637,2022-09-09,Kansas City Royals,Detroit Tigers,2,10,2022,12
661650,2022-09-09,Minnesota Twins,Cleveland Guardians,6,7,2022,13
661185,2022-09-09,Milwaukee Brewers,Cincinnati Reds,2,8,2022,10
662870,2022-09-09,Colorado Rockies,Arizona Diamondbacks,13,10,2022,23
661850,2022-09-09,San Diego Padres,Los Angeles Dodgers,5,4,2022,9
662136,2022-09-09,Seattle Mariners,Atlanta Braves,4,6,2022,10
662333,2022-09-09,Oakland Athletics,Chicago White Sox,3,5,2022,8
661282,2022-09-10,New York Yankees,Tampa Bay Rays,10,3,2022,13
663127,2022-09-10,Chicago Cubs,San Francisco Giants,2,5,2022,7
662322,2022-09-10,Oakland Athletics,Chicago White Sox,2,10,2022,12
662636,2022-09-10,Kansas City Royals,Detroit Tigers,4,8,2022,12
663455,2022-09-10,Baltimore Orioles,Boston Red Sox,4,17,2022,21
661593,2022-09-10,Philadelphia Phillies,Washington Nationals,8,5,2022,13
661323,2022-09-10,Miami Marlins,New York Mets,3,11,2022,14
661841,2022-09-10,Texas Rangers,Toronto Blue Jays,7,11,2022,18
661084,2022-09-10,Houston Astros,Los Angeles Angels,1,6,2022,7
661665,2022-09-10,Minnesota Twins,Cleveland Guardians,4,6,2022,10
661175,2022-09-10,Milwaukee Brewers,Cincinnati Reds,5,1,2022,6
662265,2022-09-10,Pittsburgh Pirates,St. Louis Cardinals,5,7,2022,12
662869,2022-09-10,Colorado Rockies,Arizona Diamondbacks,4,1,2022,5
661849,2022-09-10,San Diego Padres,Los Angeles Dodgers,4,8,2022,12
662088,2022-09-10,Seattle Mariners,Atlanta Braves,3,1,2022,4
663264,2022-09-11,Baltimore Orioles,Boston Red Sox,0,1,2022,1
661592,2022-09-11,Philadelphia Phillies,Washington Nationals,7,5,2022,12
662325,2022-09-11,Pittsburgh Pirates,St. Louis Cardinals,3,4,2022,7
661232,2022-09-11,New York Yankees,Tampa Bay Rays,10,4,2022,14
661322,2022-09-11,Miami Marlins,New York Mets,3,9,2022,12
661083,2022-09-11,Houston Astros,Los Angeles Angels,12,4,2022,16
662635,2022-09-11,Kansas City Royals,Detroit Tigers,4,0,2022,4
661647,2022-09-11,Minnesota Twins,Cleveland Guardians,1,4,2022,5
661176,2022-09-11,Milwaukee Brewers,Cincinnati Reds,7,6,2022,13
661839,2022-09-11,Texas Rangers,Toronto Blue Jays,4,1,2022,5
662868,2022-09-11,Colorado Rockies,Arizona Diamondbacks,6,12,2022,18
662323,2022-09-11,Oakland Athletics,Chicago White Sox,10,3,2022,13
661848,2022-09-11,San Diego Padres,Los Angeles Dodgers,2,11,2022,13
662120,2022-09-11,Seattle Mariners,Atlanta Braves,8,7,2022,15
663130,2022-09-11,Chicago Cubs,San Francisco Giants,2,4,2022,6
661420,2022-09-12,Miami Marlins,Texas Rangers,2,3,2022,5
661419,2022-09-12,Miami Marlins,Texas Rangers,10,6,2022,16
662970,2022-09-12,Cleveland Guardians,Los Angeles Angels,5,4,2022,9
662782,2022-09-12,Detroit Tigers,Houston Astros,0,7,2022,7
663085,2022-09-12,Cincinnati Reds,Pittsburgh Pirates,3,6,2022,9
661799,2022-09-12,Toronto Blue Jays,Tampa Bay Rays,3,2,2022,5
662423,2022-09-12,New York Mets,Chicago Cubs,2,5,2022,7
663324,2022-09-12,Arizona Diamondbacks,Los Angeles Dodgers,0,6,2022,6
662029,2022-09-12,San Francisco Giants,Atlanta Braves,3,2,2022,5
663158,2022-09-13,Cincinnati Reds,Pittsburgh Pirates,1,6,2022,7
663106,2022-09-13,Cincinnati Reds,Pittsburgh Pirates,0,1,2022,1
661840,2022-09-13,Toronto Blue Jays,Tampa Bay Rays,2,4,2022,6
661798,2022-09-13,Toronto Blue Jays,Tampa Bay Rays,7,2,2022,9
662965,2022-09-13,Cleveland Guardians,Los Angeles Angels,3,1,2022,4
662787,2022-09-13,Detroit Tigers,Houston Astros,3,6,2022,9
661320,2022-09-13,Miami Marlins,Philadelphia Phillies,1,2,2022,3
662464,2022-09-13,Washington Nationals,Baltimore Orioles,3,4,2022,7
662430,2022-09-13,New York Mets,Chicago Cubs,1,4,2022,5
663160,2022-09-13,Boston Red Sox,New York Yankees,6,7,2022,13
661645,2022-09-13,Minnesota Twins,Kansas City Royals,6,3,2022,9
661922,2022-09-13,St. Louis Cardinals,Milwaukee Brewers,4,8,2022,12
661838,2022-09-13,Texas Rangers,Oakland Athletics,8,7,2022,15
661436,2022-09-13,Chicago White Sox,Colorado Rockies,4,2,2022,6
663323,2022-09-13,Arizona Diamondbacks,Los Angeles Dodgers,0,4,2022,4
662119,2022-09-13,Seattle Mariners,San Diego Padres,0,2,2022,2
662028,2022-09-13,San Francisco Giants,Atlanta Braves,1,5,2022,6
663006,2022-09-14,Cincinnati Reds,Pittsburgh Pirates,4,10,2022,14
662969,2022-09-14,Cleveland Guardians,Los Angeles Angels,5,3,2022,8
662792,2022-09-14,Detroit Tigers,Houston Astros,1,2,2022,3
661435,2022-09-14,Chicago White Sox,Colorado Rockies,0,3,2022,3
662027,2022-09-14,San Francisco Giants,Atlanta Braves,4,1,2022,5
662118,2022-09-14,Seattle Mariners,San Diego Padres,6,1,2022,7
661336,2022-09-14,Miami Marlins,Philadelphia Phillies,1,6,2022,7
662463,2022-09-14,Washington Nationals,Baltimore Orioles,2,6,2022,8
661770,2022-09-14,Toronto Blue Jays,Tampa Bay Rays,5,1,2022,6
662422,2022-09-14,New York Mets,Chicago Cubs,3,6,2022,9
663159,2022-09-14,Boston Red Sox,New York Yankees,3,5,2022,8
661646,2022-09-14,Minnesota Twins,Kansas City Royals,4,0,2022,4
661921,2022-09-14,St. Louis Cardinals,Milwaukee Brewers,4,1,2022,5
661829,2022-09-14,Texas Rangers,Oakland Athletics,7,8,2022,15
663322,2022-09-14,Arizona Diamondbacks,Los Angeles Dodgers,5,3,2022,8
662974,2022-09-15,Cleveland Guardians,Chicago White Sox,2,8,2022,10
661822,2022-09-15,Toronto Blue Jays,Tampa Bay Rays,0,11,2022,11
661321,2022-09-15,Miami Marlins,Philadelphia Phillies,5,3,2022,8
662709,2022-09-15,Houston Astros,Oakland Athletics,5,2,2022,7
662398,2022-09-15,New York Mets,Pittsburgh Pirates,7,1,2022,8
661644,2022-09-15,Minnesota Twins,Kansas City Royals,3,2,2022,5
661919,2022-09-15,St. Louis Cardinals,Cincinnati Reds,2,3,2022,5
663284,2022-09-15,Arizona Diamondbacks,San Diego Padres,4,0,2022,4
663126,2022-09-16,Chicago Cubs,Colorado Rockies,2,1,2022,3
662490,2022-09-16,Washington Nationals,Miami Marlins,5,4,2022,9
661776,2022-09-16,Toronto Blue Jays,Baltimore Orioles,6,3,2022,9
663209,2022-09-16,Boston Red Sox,Kansas City Royals,2,1,2022,3
662404,2022-09-16,New York Mets,Pittsburgh Pirates,4,3,2022,7
662064,2022-09-16,Tampa Bay Rays,Texas Rangers,3,4,2022,7
662959,2022-09-16,Cleveland Guardians,Minnesota Twins,4,3,2022,7
662781,2022-09-16,Detroit Tigers,Chicago White Sox,3,2,2022,5
661473,2022-09-16,Atlanta Braves,Philadelphia Phillies,7,2,2022,9
662740,2022-09-16,Houston Astros,Oakland Athletics,5,0,2022,5
661164,2022-09-16,Milwaukee Brewers,New York Yankees,7,6,2022,13
661953,2022-09-16,St. Louis Cardinals,Cincinnati Reds,6,5,2022,11
663427,2022-09-16,Los Angeles Angels,Seattle Mariners,8,7,2022,15
663283,2022-09-16,Arizona Diamondbacks,San Diego Padres,3,12,2022,15
662026,2022-09-16,San Francisco Giants,Los Angeles Dodgers,0,5,2022,5
663141,2022-09-17,Cleveland Guardians,Minnesota Twins,5,1,2022,6
662958,2022-09-17,Cleveland Guardians,Minnesota Twins,7,6,2022,13
661965,2022-09-17,St. Louis Cardinals,Cincinnati Reds,5,1,2022,6
661952,2022-09-17,St. Louis Cardinals,Cincinnati Reds,1,0,2022,1
663129,2022-09-17,Chicago Cubs,Colorado Rockies,1,3,2022,4
661769,2022-09-17,Toronto Blue Jays,Baltimore Orioles,6,3,2022,9
662462,2022-09-17,Washington Nationals,Miami Marlins,5,3,2022,8
663208,2022-09-17,Boston Red Sox,Kansas City Royals,0,9,2022,9
662015,2022-09-17,Tampa Bay Rays,Texas Rangers,5,1,2022,6
662784,2022-09-17,Detroit Tigers,Chicago White Sox,3,4,2022,7
662823,2022-09-17,Houston Astros,Oakland Athletics,5,8,2022,13
662403,2022-09-17,New York Mets,Pittsburgh Pirates,5,1,2022,6
661163,2022-09-17,Milwaukee Brewers,New York Yankees,4,1,2022,5
661472,2022-09-17,Atlanta Braves,Philadelphia Phillies,4,3,2022,7
663289,2022-09-17,Arizona Diamondbacks,San Diego Padres,0,2,2022,2
662024,2022-09-17,San Francisco Giants,Los Angeles Dodgers,2,7,2022,9
663426,2022-09-17,Los Angeles Angels,Seattle Mariners,2,1,2022,3
662783,2022-09-18,Detroit Tigers,Chicago White Sox,5,11,2022,16
661994,2022-09-18,Tampa Bay Rays,Texas Rangers,5,3,2022,8
663207,2022-09-18,Boston Red Sox,Kansas City Royals,13,3,2022,16
661471,2022-09-18,Atlanta Braves,Philadelphia Phillies,5,2,2022,7
662461,2022-09-18,Washington Nationals,Miami Marlins,1,3,2022,4
661780,2022-09-18,Toronto Blue Jays,Baltimore Orioles,4,5,2022,9
662402,2022-09-18,New York Mets,Pittsburgh Pirates,7,3,2022,10
662968,2022-09-18,Cleveland Guardians,Minnesota Twins,0,3,2022,3
662822,2022-09-18,Houston Astros,Oakland Athletics,11,2,2022,13
661162,2022-09-18,Milwaukee Brewers,New York Yankees,8,12,2022,20
661930,2022-09-18,St. Louis Cardinals,Cincinnati Reds,0,3,2022,3
663112,2022-09-18,Chicago Cubs,Colorado Rockies,3,4,2022,7
663425,2022-09-18,Los Angeles Angels,Seattle Mariners,5,1,2022,6
663287,2022-09-18,Arizona Diamondbacks,San Diego Padres,1,6,2022,7
662025,2022-09-18,San Francisco Giants,Los Angeles Dodgers,3,4,2022,7
663044,2022-09-19,Cleveland Guardians,Minnesota Twins,11,4,2022,15
663423,2022-09-19,Los Angeles Angels,Seattle Mariners,1,9,2022,10
662013,2022-09-19,Tampa Bay Rays,Houston Astros,0,4,2022,4
661299,2022-09-19,Miami Marlins,Chicago Cubs,10,3,2022,13
663263,2022-09-19,Baltimore Orioles,Detroit Tigers,0,11,2022,11
661470,2022-09-19,Atlanta Braves,Washington Nationals,5,2,2022,7
661161,2022-09-19,Milwaukee Brewers,New York Mets,2,7,2022,9
662886,2022-09-19,Colorado Rockies,San Francisco Giants,7,10,2022,17
662622,2022-09-19,Los Angeles Dodgers,Arizona Diamondbacks,5,2,2022,7
662621,2022-09-20,Los Angeles Dodgers,Arizona Diamondbacks,6,5,2022,11
662607,2022-09-20,Los Angeles Dodgers,Arizona Diamondbacks,2,5,2022,7
663104,2022-09-20,Cincinnati Reds,Boston Red Sox,3,5,2022,8
662012,2022-09-20,Tampa Bay Rays,Houston Astros,0,5,2022,5
661298,2022-09-20,Miami Marlins,Chicago Cubs,1,2,2022,3
661591,2022-09-20,Philadelphia Phillies,Toronto Blue Jays,11,18,2022,29
663262,2022-09-20,Baltimore Orioles,Detroit Tigers,2,3,2022,5
661229,2022-09-20,New York Yankees,Pittsburgh Pirates,9,8,2022,17
661469,2022-09-20,Atlanta Braves,Washington Nationals,3,2,2022,5
661159,2022-09-20,Milwaukee Brewers,New York Mets,5,7,2022,12
661837,2022-09-20,Texas Rangers,Los Angeles Angels,2,5,2022,7
662634,2022-09-20,Kansas City Royals,Minnesota Twins,5,4,2022,9
661434,2022-09-20,Chicago White Sox,Cleveland Guardians,7,10,2022,17
662867,2022-09-20,Colorado Rockies,San Francisco Giants,3,6,2022,9
662321,2022-09-20,Oakland Athletics,Seattle Mariners,4,1,2022,5
662204,2022-09-20,San Diego Padres,St. Louis Cardinals,5,0,2022,5
661468,2022-09-21,Atlanta Braves,Washington Nationals,2,3,2022,5
661158,2022-09-21,Milwaukee Brewers,New York Mets,6,0,2022,6
661070,2022-09-21,Cincinnati Reds,Boston Red Sox,5,1,2022,6
662011,2022-09-21,Tampa Bay Rays,Houston Astros,2,5,2022,7
661297,2022-09-21,Miami Marlins,Chicago Cubs,3,4,2022,7
661588,2022-09-21,Philadelphia Phillies,Toronto Blue Jays,4,3,2022,7
663261,2022-09-21,Baltimore Orioles,Detroit Tigers,8,1,2022,9
661228,2022-09-21,New York Yankees,Pittsburgh Pirates,14,2,2022,16
661783,2022-09-21,Texas Rangers,Los Angeles Angels,7,2,2022,9
662633,2022-09-21,Kansas City Royals,Minnesota Twins,5,2,2022,7
661433,2022-09-21,Chicago White Sox,Cleveland Guardians,2,8,2022,10
662899,2022-09-21,Colorado Rockies,San Francisco Giants,1,6,2022,7
662320,2022-09-21,Oakland Athletics,Seattle Mariners,2,1,2022,3
662203,2022-09-21,San Diego Padres,St. Louis Cardinals,1,0,2022,1
662606,2022-09-21,Los Angeles Dodgers,Arizona Diamondbacks,1,6,2022,7
661806,2022-09-22,Texas Rangers,Los Angeles Angels,5,3,2022,8
662632,2022-09-22,Kansas City Royals,Minnesota Twins,4,1,2022,5
662898,2022-09-22,Colorado Rockies,San Francisco Giants,0,3,2022,3
662306,2022-09-22,Oakland Athletics,Seattle Mariners,5,9,2022,14
662202,2022-09-22,San Diego Padres,St. Louis Cardinals,4,5,2022,9
662264,2022-09-22,Pittsburgh Pirates,Chicago Cubs,2,3,2022,5
662041,2022-09-22,Tampa Bay Rays,Toronto Blue Jays,10,5,2022,15
661069,2022-09-22,Cincinnati Reds,Milwaukee Brewers,1,5,2022,6
663260,2022-09-22,Baltimore Orioles,Houston Astros,2,0,2022,2
661609,2022-09-22,Philadelphia Phillies,Atlanta Braves,1,0,2022,1
661243,2022-09-22,New York Yankees,Boston Red Sox,5,4,2022,9
661432,2022-09-22,Chicago White Sox,Cleveland Guardians,2,4,2022,6
662586,2022-09-22,Los Angeles Dodgers,Arizona Diamondbacks,3,2,2022,5
662263,2022-09-23,Pittsburgh Pirates,Chicago Cubs,5,6,2022,11
661296,2022-09-23,Miami Marlins,Washington Nationals,5,2,2022,7
661068,2022-09-23,Cincinnati Reds,Milwaukee Brewers,3,5,2022,8
663259,2022-09-23,Baltimore Orioles,Houston Astros,6,0,2022,6
661587,2022-09-23,Philadelphia Phillies,Atlanta Braves,9,1,2022,10
661222,2022-09-23,New York Yankees,Boston Red Sox,5,4,2022,9
662040,2022-09-23,Tampa Bay Rays,Toronto Blue Jays,10,6,2022,16
661807,2022-09-23,Texas Rangers,Cleveland Guardians,3,6,2022,9
662897,2022-09-23,Colorado Rockies,San Diego Padres,4,3,2022,7
662642,2022-09-23,Kansas City Royals,Seattle Mariners,5,1,2022,6
661668,2022-09-23,Minnesota Twins,Los Angeles Angels,2,4,2022,6
661431,2022-09-23,Chicago White Sox,Detroit Tigers,3,5,2022,8
662305,2022-09-23,Oakland Athletics,New York Mets,2,9,2022,11
663282,2022-09-23,Arizona Diamondbacks,San Francisco Giants,5,6,2022,11
662585,2022-09-23,Los Angeles Dodgers,St. Louis Cardinals,0,11,2022,11
661221,2022-09-24,New York Yankees,Boston Red Sox,7,5,2022,12
661586,2022-09-24,Philadelphia Phillies,Atlanta Braves,3,6,2022,9
662311,2022-09-24,Oakland Athletics,New York Mets,10,4,2022,14
662039,2022-09-24,Tampa Bay Rays,Toronto Blue Jays,1,3,2022,4
661295,2022-09-24,Miami Marlins,Washington Nationals,4,1,2022,5
662249,2022-09-24,Pittsburgh Pirates,Chicago Cubs,6,0,2022,6
661067,2022-09-24,Cincinnati Reds,Milwaukee Brewers,2,10,2022,12
663258,2022-09-24,Baltimore Orioles,Houston Astros,10,11,2022,21
661805,2022-09-24,Texas Rangers,Cleveland Guardians,2,4,2022,6
662641,2022-09-24,Kansas City Royals,Seattle Mariners,5,6,2022,11
661656,2022-09-24,Minnesota Twins,Los Angeles Angels,8,4,2022,12
661430,2022-09-24,Chicago White Sox,Detroit Tigers,2,7,2022,9
662866,2022-09-24,Colorado Rockies,San Diego Padres,3,9,2022,12
663281,2022-09-24,Arizona Diamondbacks,San Francisco Giants,5,2,2022,7
662584,2022-09-24,Los Angeles Dodgers,St. Louis Cardinals,6,2,2022,8
663454,2022-09-25,Baltimore Orioles,Houston Astros,3,6,2022,9
661585,2022-09-25,Philadelphia Phillies,Atlanta Braves,7,8,2022,15
662063,2022-09-25,Tampa Bay Rays,Toronto Blue Jays,1,7,2022,8
662243,2022-09-25,Pittsburgh Pirates,Chicago Cubs,3,8,2022,11
661294,2022-09-25,Miami Marlins,Washington Nationals,1,6,2022,7
661066,2022-09-25,Cincinnati Reds,Milwaukee Brewers,2,1,2022,3
662631,2022-09-25,Kansas City Royals,Seattle Mariners,13,12,2022,25
661667,2022-09-25,Minnesota Twins,Los Angeles Angels,3,10,2022,13
661429,2022-09-25,Chicago White Sox,Detroit Tigers,1,4,2022,5
661828,2022-09-25,Texas Rangers,Cleveland Guardians,4,10,2022,14
662865,2022-09-25,Colorado Rockies,San Diego Padres,6,13,2022,19
663280,2022-09-25,Arizona Diamondbacks,San Francisco Giants,2,3,2022,5
662310,2022-09-25,Oakland Athletics,New York Mets,4,13,2022,17
662598,2022-09-25,Los Angeles Dodgers,St. Louis Cardinals,4,1,2022,5
661220,2022-09-25,New York Yankees,Boston Red Sox,2,0,2022,2
662242,2022-09-26,Pittsburgh Pirates,Cincinnati Reds,8,3,2022,11
662460,2022-09-26,Washington Nationals,Atlanta Braves,0,8,2022,8
661768,2022-09-26,Toronto Blue Jays,New York Yankees,3,2,2022,5
663250,2022-09-26,Boston Red Sox,Baltimore Orioles,8,14,2022,22
662955,2022-09-27,Cleveland Guardians,Tampa Bay Rays,5,6,2022,11
662241,2022-09-27,Pittsburgh Pirates,Cincinnati Reds,4,1,2022,5
662774,2022-09-27,Detroit Tigers,Kansas City Royals,4,3,2022,7
662489,2022-09-27,Washington Nationals,Atlanta Braves,2,8,2022,10
661778,2022-09-27,Toronto Blue Jays,New York Yankees,2,5,2022,7
663206,2022-09-27,Boston Red Sox,Baltimore Orioles,13,9,2022,22
662401,2022-09-27,New York Mets,Miami Marlins,4,6,2022,10
663128,2022-09-27,Chicago Cubs,Philadelphia Phillies,2,1,2022,3
661666,2022-09-27,Minnesota Twins,Chicago White Sox,4,0,2022,4
661155,2022-09-27,Milwaukee Brewers,St. Louis Cardinals,2,6,2022,8
662821,2022-09-27,Houston Astros,Arizona Diamondbacks,10,2,2022,12
663422,2022-09-27,Los Angeles Angels,Oakland Athletics,4,3,2022,7
662210,2022-09-27,San Diego Padres,Los Angeles Dodgers,4,3,2022,7
662117,2022-09-27,Seattle Mariners,Texas Rangers,0,5,2022,5
662046,2022-09-27,San Francisco Giants,Colorado Rockies,5,2,2022,7
662240,2022-09-28,Pittsburgh Pirates,Cincinnati Reds,4,3,2022,7
662967,2022-09-28,Cleveland Guardians,Tampa Bay Rays,2,1,2022,3
662773,2022-09-28,Detroit Tigers,Kansas City Royals,2,1,2022,3
661099,2022-09-28,Washington Nationals,Atlanta Braves,3,2,2022,5
661737,2022-09-28,Toronto Blue Jays,New York Yankees,3,8,2022,11
663181,2022-09-28,Boston Red Sox,Baltimore Orioles,3,1,2022,4
662400,2022-09-28,New York Mets,Miami Marlins,5,4,2022,9
663098,2022-09-28,Chicago Cubs,Philadelphia Phillies,4,2,2022,6
661133,2022-09-28,Minnesota Twins,Chicago White Sox,8,4,2022,12
661154,2022-09-28,Milwaukee Brewers,St. Louis Cardinals,5,1,2022,6
662820,2022-09-28,Houston Astros,Arizona Diamondbacks,2,5,2022,7
663421,2022-09-28,Los Angeles Angels,Oakland Athletics,4,1,2022,5
662214,2022-09-28,San Diego Padres,Los Angeles Dodgers,0,1,2022,1
661112,2022-09-28,Seattle Mariners,Texas Rangers,3,1,2022,4
662045,2022-09-28,San Francisco Giants,Colorado Rockies,6,3,2022,9
662772,2022-09-29,Detroit Tigers,Kansas City Royals,10,3,2022,13
661132,2022-09-29,Minnesota Twins,Chicago White Sox,3,4,2022,7
663180,2022-09-29,Boston Red Sox,Baltimore Orioles,5,3,2022,8
663110,2022-09-29,Chicago Cubs,Philadelphia Phillies,2,0,2022,2
662932,2022-09-29,Cleveland Guardians,Tampa Bay Rays,2,1,2022,3
661156,2022-09-29,Milwaukee Brewers,Miami Marlins,2,4,2022,6
663420,2022-09-29,Los Angeles Angels,Oakland Athletics,4,2,2022,6
662209,2022-09-29,San Diego Padres,Los Angeles Dodgers,2,5,2022,7
661128,2022-09-29,Seattle Mariners,Texas Rangers,10,9,2022,19
662050,2022-09-29,San Francisco Giants,Colorado Rockies,6,4,2022,10
661097,2022-09-30,Washington Nationals,Philadelphia Phillies,1,5,2022,6
663099,2022-09-30,Chicago Cubs,Cincinnati Reds,6,1,2022,7
661218,2022-09-30,New York Yankees,Baltimore Orioles,1,2,2022,3
661751,2022-09-30,Toronto Blue Jays,Boston Red Sox,9,0,2022,9
662940,2022-09-30,Cleveland Guardians,Kansas City Royals,6,3,2022,9
662771,2022-09-30,Detroit Tigers,Minnesota Twins,0,7,2022,7
661467,2022-09-30,Atlanta Braves,New York Mets,5,2,2022,7
662819,2022-09-30,Houston Astros,Tampa Bay Rays,3,7,2022,10
661157,2022-09-30,Milwaukee Brewers,Miami Marlins,1,0,2022,1
661958,2022-09-30,St. Louis Cardinals,Pittsburgh Pirates,2,1,2022,3
663406,2022-09-30,Los Angeles Angels,Texas Rangers,4,1,2022,5
661111,2022-09-30,Seattle Mariners,Oakland Athletics,2,1,2022,3
662208,2022-09-30,San Diego Padres,Chicago White Sox,1,3,2022,4
662596,2022-09-30,Los Angeles Dodgers,Colorado Rockies,10,1,2022,11
662049,2022-09-30,San Francisco Giants,Arizona Diamondbacks,10,4,2022,14
662572,2022-10-01,Washington Nationals,Philadelphia Phillies,13,4,2022,17
661098,2022-10-01,Washington Nationals,Philadelphia Phillies,2,8,2022,10
661217,2022-10-01,New York Yankees,Baltimore Orioles,8,0,2022,8
663167,2022-10-01,Chicago Cubs,Cincinnati Reds,2,1,2022,3
661736,2022-10-01,Toronto Blue Jays,Boston Red Sox,10,0,2022,10
662023,2022-10-01,San Francisco Giants,Arizona Diamondbacks,4,8,2022,12
661110,2022-10-01,Seattle Mariners,Oakland Athletics,5,1,2022,6
662939,2022-10-01,Cleveland Guardians,Kansas City Royals,1,7,2022,8
662770,2022-10-01,Detroit Tigers,Minnesota Twins,3,2,2022,5
661152,2022-10-01,Milwaukee Brewers,Miami Marlins,3,4,2022,7
661956,2022-10-01,St. Louis Cardinals,Pittsburgh Pirates,13,3,2022,16
662818,2022-10-01,Houston Astros,Tampa Bay Rays,2,1,2022,3
661466,2022-10-01,Atlanta Braves,New York Mets,4,2,2022,6
662207,2022-10-01,San Diego Padres,Chicago White Sox,5,2,2022,7
663405,2022-10-01,Los Angeles Angels,Texas Rangers,3,2,2022,5
662595,2022-10-01,Los Angeles Dodgers,Colorado Rockies,6,4,2022,10
662769,2022-10-02,Detroit Tigers,Minnesota Twins,5,2,2022,7
661096,2022-10-02,Washington Nationals,Philadelphia Phillies,1,8,2022,9
661215,2022-10-02,New York Yankees,Baltimore Orioles,1,3,2022,4
661735,2022-10-02,Toronto Blue Jays,Boston Red Sox,6,3,2022,9
662938,2022-10-02,Cleveland Guardians,Kansas City Royals,7,5,2022,12
662825,2022-10-02,Houston Astros,Tampa Bay Rays,3,1,2022,4
661153,2022-10-02,Milwaukee Brewers,Miami Marlins,3,4,2022,7
661954,2022-10-02,St. Louis Cardinals,Pittsburgh Pirates,5,7,2022,12
663097,2022-10-02,Chicago Cubs,Cincinnati Reds,8,1,2022,9
662022,2022-10-02,San Francisco Giants,Arizona Diamondbacks,4,3,2022,7
663419,2022-10-02,Los Angeles Angels,Texas Rangers,8,3,2022,11
662581,2022-10-02,Los Angeles Dodgers,Colorado Rockies,1,4,2022,5
662087,2022-10-02,Seattle Mariners,Oakland Athletics,3,10,2022,13
662190,2022-10-02,San Diego Padres,Chicago White Sox,1,2,2022,3
661465,2022-10-02,Atlanta Braves,New York Mets,5,3,2022,8
663105,2022-10-03,Cleveland Guardians,Kansas City Royals,2,5,2022,7
662309,2022-10-03,Pittsburgh Pirates,St. Louis Cardinals,3,2,2022,5
663096,2022-10-03,Cincinnati Reds,Chicago Cubs,3,1,2022,4
661424,2022-10-03,Miami Marlins,Atlanta Braves,4,0,2022,4
663273,2022-10-03,Baltimore Orioles,Toronto Blue Jays,1,5,2022,6
662044,2022-10-03,Texas Rangers,New York Yankees,1,3,2022,4
663453,2022-10-03,Boston Red Sox,Tampa Bay Rays,4,3,2022,7
661213,2022-10-03,Milwaukee Brewers,Arizona Diamondbacks,6,5,2022,11
662777,2022-10-03,Houston Astros,Philadelphia Phillies,0,3,2022,3
661464,2022-10-03,Chicago White Sox,Minnesota Twins,3,2,2022,5
662431,2022-10-03,Oakland Athletics,Los Angeles Angels,5,4,2022,9
662201,2022-10-03,Seattle Mariners,Detroit Tigers,3,4,2022,7
662239,2022-10-03,San Diego Padres,San Francisco Giants,7,4,2022,11
662629,2022-10-03,Los Angeles Dodgers,Colorado Rockies,1,2,2022,3
662062,2022-10-04,Texas Rangers,New York Yankees,4,5,2022,9
662010,2022-10-04,Texas Rangers,New York Yankees,3,2,2022,5
661094,2022-10-04,New York Mets,Washington Nationals,4,2,2022,6
661095,2022-10-04,New York Mets,Washington Nationals,8,0,2022,8
663077,2022-10-04,Cleveland Guardians,Kansas City Royals,5,3,2022,8
662200,2022-10-04,Seattle Mariners,Detroit Tigers,7,6,2022,13
662199,2022-10-04,Seattle Mariners,Detroit Tigers,9,6,2022,15
662319,2022-10-04,Pittsburgh Pirates,St. Louis Cardinals,7,8,2022,15
663243,2022-10-04,Cincinnati Reds,Chicago Cubs,3,2,2022,5
661423,2022-10-04,Miami Marlins,Atlanta Braves,1,2,2022,3
663452,2022-10-04,Boston Red Sox,Tampa Bay Rays,6,0,2022,6
661223,2022-10-04,Milwaukee Brewers,Arizona Diamondbacks,3,0,2022,3
662768,2022-10-04,Houston Astros,Philadelphia Phillies,10,0,2022,10
661463,2022-10-04,Chicago White Sox,Minnesota Twins,8,3,2022,11
662429,2022-10-04,Oakland Athletics,Los Angeles Angels,2,1,2022,3
662252,2022-10-04,San Diego Padres,San Francisco Giants,6,2,2022,8
662624,2022-10-04,Los Angeles Dodgers,Colorado Rockies,2,5,2022,7
663451,2022-10-05,Baltimore Orioles,Toronto Blue Jays,5,4,2022,9
663272,2022-10-05,Baltimore Orioles,Toronto Blue Jays,1,5,2022,6
662421,2022-10-05,Oakland Athletics,Los Angeles Angels,3,2,2022,5
662304,2022-10-05,Pittsburgh Pirates,St. Louis Cardinals,5,3,2022,8
661996,2022-10-05,Texas Rangers,New York Yankees,4,2,2022,6
663131,2022-10-05,Cincinnati Reds,Chicago Cubs,2,15,2022,17
663095,2022-10-05,Cleveland Guardians,Kansas City Royals,9,2,2022,11
662488,2022-10-05,New York Mets,Washington Nationals,9,2,2022,11
662195,2022-10-05,Seattle Mariners,Detroit Tigers,5,4,2022,9
662238,2022-10-05,San Diego Padres,San Francisco Giants,1,8,2022,9
663352,2022-10-05,Boston Red Sox,Tampa Bay Rays,6,3,2022,9
662789,2022-10-05,Houston Astros,Philadelphia Phillies,3,2,2022,5
661427,2022-10-05,Chicago White Sox,Minnesota Twins,1,10,2022,11
661422,2022-10-05,Miami Marlins,Atlanta Braves,12,9,2022,21
661227,2022-10-05,Milwaukee Brewers,Arizona Diamondbacks,2,4,2022,6
662623,2022-10-05,Los Angeles Dodgers,Colorado Rockies,6,1,2022,7
718780,2023-03-30,Washington Nationals,Atlanta Braves,2,7,2023,9
718781,2023-03-30,New York Yankees,San Francisco Giants,5,0,2023,5
718782,2023-03-30,Boston Red Sox,Baltimore Orioles,9,10,2023,19
718777,2023-03-30,Chicago Cubs,Milwaukee Brewers,4,0,2023,4
718776,2023-03-30,Tampa Bay Rays,Detroit Tigers,4,0,2023,4
718779,2023-03-30,Texas Rangers,Philadelphia Phillies,11,7,2023,18
718773,2023-03-30,Cincinnati Reds,Pittsburgh Pirates,4,5,2023,9
718772,2023-03-30,St. Louis Cardinals,Toronto Blue Jays,9,10,2023,19
718775,2023-03-30,Kansas City Royals,Minnesota Twins,0,2,2023,2
718774,2023-03-30,Miami Marlins,New York Mets,3,5,2023,8
718768,2023-03-30,Houston Astros,Chicago White Sox,2,3,2023,5
718778,2023-03-30,San Diego Padres,Colorado Rockies,2,7,2023,9
718769,2023-03-30,Oakland Athletics,Los Angeles Angels,2,1,2023,3
718770,2023-03-30,Los Angeles Dodgers,Arizona Diamondbacks,8,2,2023,10
718767,2023-03-30,Seattle Mariners,Cleveland Guardians,3,0,2023,3
718771,2023-03-31,Miami Marlins,New York Mets,2,1,2023,3
718764,2023-03-31,Houston Astros,Chicago White Sox,6,3,2023,9
718766,2023-03-31,San Diego Padres,Colorado Rockies,1,4,2023,5
718765,2023-03-31,Los Angeles Dodgers,Arizona Diamondbacks,1,2,2023,3
718763,2023-03-31,Seattle Mariners,Cleveland Guardians,4,9,2023,13
718760,2023-04-01,Houston Astros,Chicago White Sox,6,4,2023,10
718759,2023-04-01,St. Louis Cardinals,Toronto Blue Jays,4,1,2023,5
718758,2023-04-01,Chicago Cubs,Milwaukee Brewers,1,3,2023,4
718752,2023-04-01,Texas Rangers,Philadelphia Phillies,16,3,2023,19
718753,2023-04-01,Washington Nationals,Atlanta Braves,1,7,2023,8
718762,2023-04-01,New York Yankees,San Francisco Giants,5,7,2023,12
718757,2023-04-01,Oakland Athletics,Los Angeles Angels,1,13,2023,14
718761,2023-04-01,Boston Red Sox,Baltimore Orioles,9,8,2023,17
718756,2023-04-01,Cincinnati Reds,Pittsburgh Pirates,6,2,2023,8
718754,2023-04-01,Tampa Bay Rays,Detroit Tigers,12,2,2023,14
718751,2023-04-01,Kansas City Royals,Minnesota Twins,0,2,2023,2
718755,2023-04-01,Miami Marlins,New York Mets,2,6,2023,8
718750,2023-04-01,San Diego Padres,Colorado Rockies,8,4,2023,12
718749,2023-04-01,Los Angeles Dodgers,Arizona Diamondbacks,10,1,2023,11
718746,2023-04-01,Seattle Mariners,Cleveland Guardians,0,2,2023,2
718742,2023-04-02,Tampa Bay Rays,Detroit Tigers,5,1,2023,6
718748,2023-04-02,Boston Red Sox,Baltimore Orioles,9,5,2023,14
718743,2023-04-02,Washington Nationals,Atlanta Braves,4,1,2023,5
718747,2023-04-02,New York Yankees,San Francisco Giants,6,0,2023,6
718744,2023-04-02,Cincinnati Reds,Pittsburgh Pirates,3,1,2023,4
718741,2023-04-02,Miami Marlins,New York Mets,1,5,2023,6
718745,2023-04-02,Kansas City Royals,Minnesota Twins,4,7,2023,11
718740,2023-04-02,Houston Astros,Chicago White Sox,3,6,2023,9
718737,2023-04-02,St. Louis Cardinals,Toronto Blue Jays,9,4,2023,13
718738,2023-04-02,Chicago Cubs,Milwaukee Brewers,5,9,2023,14
718734,2023-04-02,Oakland Athletics,Los Angeles Angels,0,6,2023,6
718736,2023-04-02,Los Angeles Dodgers,Arizona Diamondbacks,1,2,2023,3
718733,2023-04-02,San Diego Padres,Colorado Rockies,3,1,2023,4
718735,2023-04-02,Seattle Mariners,Cleveland Guardians,5,6,2023,11
718739,2023-04-02,Texas Rangers,Philadelphia Phillies,2,1,2023,3
718731,2023-04-03,Milwaukee Brewers,New York Mets,10,0,2023,10
718730,2023-04-03,Chicago White Sox,San Francisco Giants,3,12,2023,15
718728,2023-04-03,Cincinnati Reds,Chicago Cubs,7,6,2023,13
718729,2023-04-03,Miami Marlins,Minnesota Twins,1,11,2023,12
718732,2023-04-03,Washington Nationals,Tampa Bay Rays,2,6,2023,8
718725,2023-04-03,New York Yankees,Philadelphia Phillies,8,1,2023,9
718724,2023-04-03,Boston Red Sox,Pittsburgh Pirates,6,7,2023,13
718719,2023-04-03,Kansas City Royals,Toronto Blue Jays,9,5,2023,14
718727,2023-04-03,St. Louis Cardinals,Atlanta Braves,4,8,2023,12
718726,2023-04-03,Texas Rangers,Baltimore Orioles,0,2,2023,2
718723,2023-04-03,Houston Astros,Detroit Tigers,6,7,2023,13
718721,2023-04-03,Oakland Athletics,Cleveland Guardians,11,12,2023,23
718722,2023-04-03,San Diego Padres,Arizona Diamondbacks,5,4,2023,9
718720,2023-04-03,Seattle Mariners,Los Angeles Angels,3,7,2023,10
718718,2023-04-03,Los Angeles Dodgers,Colorado Rockies,13,4,2023,17
718717,2023-04-04,San Diego Padres,Arizona Diamondbacks,6,8,2023,14
718716,2023-04-04,Cincinnati Reds,Chicago Cubs,5,12,2023,17
718714,2023-04-04,Miami Marlins,Minnesota Twins,1,0,2023,1
718715,2023-04-04,Washington Nationals,Tampa Bay Rays,6,10,2023,16
718710,2023-04-04,New York Yankees,Philadelphia Phillies,1,4,2023,5
718713,2023-04-04,Boston Red Sox,Pittsburgh Pirates,1,4,2023,5
718708,2023-04-04,Kansas City Royals,Toronto Blue Jays,1,4,2023,5
718712,2023-04-04,Milwaukee Brewers,New York Mets,9,0,2023,9
718711,2023-04-04,St. Louis Cardinals,Atlanta Braves,1,4,2023,5
718709,2023-04-04,Texas Rangers,Baltimore Orioles,2,7,2023,9
718705,2023-04-04,Houston Astros,Detroit Tigers,3,6,2023,9
718707,2023-04-04,Oakland Athletics,Cleveland Guardians,4,3,2023,7
718706,2023-04-04,Seattle Mariners,Los Angeles Angels,11,2,2023,13
718703,2023-04-04,Los Angeles Dodgers,Colorado Rockies,5,2,2023,7
718704,2023-04-05,Washington Nationals,Tampa Bay Rays,2,7,2023,9
718699,2023-04-05,New York Yankees,Philadelphia Phillies,4,2,2023,6
718701,2023-04-05,Miami Marlins,Minnesota Twins,5,2,2023,7
718697,2023-04-05,St. Louis Cardinals,Atlanta Braves,2,5,2023,7
718702,2023-04-05,Boston Red Sox,Pittsburgh Pirates,1,4,2023,5
718698,2023-04-05,Milwaukee Brewers,New York Mets,7,6,2023,13
718694,2023-04-05,Texas Rangers,Baltimore Orioles,5,2,2023,7
718696,2023-04-05,Houston Astros,Detroit Tigers,8,2,2023,10
718695,2023-04-05,Chicago White Sox,San Francisco Giants,7,3,2023,10
718689,2023-04-05,Oakland Athletics,Cleveland Guardians,4,6,2023,10
718691,2023-04-05,Seattle Mariners,Los Angeles Angels,3,4,2023,7
718692,2023-04-05,Kansas City Royals,Toronto Blue Jays,0,3,2023,3
718690,2023-04-06,Detroit Tigers,Boston Red Sox,3,6,2023,9
718686,2023-04-06,Kansas City Royals,Toronto Blue Jays,3,6,2023,9
718687,2023-04-06,Chicago White Sox,San Francisco Giants,6,16,2023,22
718682,2023-04-06,Colorado Rockies,Washington Nationals,1,0,2023,1
718681,2023-04-06,Atlanta Braves,San Diego Padres,7,6,2023,13
718683,2023-04-06,Arizona Diamondbacks,Los Angeles Dodgers,2,5,2023,7
718693,2023-04-07,New York Mets,Miami Marlins,9,3,2023,12
718675,2023-04-07,Chicago Cubs,Texas Rangers,2,0,2023,2
718685,2023-04-07,Philadelphia Phillies,Cincinnati Reds,5,2,2023,7
718688,2023-04-07,Baltimore Orioles,New York Yankees,7,6,2023,13
718677,2023-04-07,Cleveland Guardians,Seattle Mariners,3,5,2023,8
718684,2023-04-07,Minnesota Twins,Houston Astros,3,2,2023,5
718679,2023-04-07,Pittsburgh Pirates,Chicago White Sox,13,9,2023,22
718680,2023-04-07,San Francisco Giants,Kansas City Royals,1,3,2023,4
718678,2023-04-07,Tampa Bay Rays,Oakland Athletics,9,5,2023,14
718676,2023-04-07,Atlanta Braves,San Diego Padres,4,5,2023,9
718674,2023-04-07,Milwaukee Brewers,St. Louis Cardinals,4,0,2023,4
718673,2023-04-07,Colorado Rockies,Washington Nationals,5,10,2023,15
718670,2023-04-07,Los Angeles Angels,Toronto Blue Jays,3,4,2023,7
718671,2023-04-07,Arizona Diamondbacks,Los Angeles Dodgers,6,3,2023,9
718666,2023-04-08,Minnesota Twins,Houston Astros,9,6,2023,15
718672,2023-04-08,San Francisco Giants,Kansas City Royals,5,6,2023,11
718669,2023-04-08,Chicago Cubs,Texas Rangers,10,3,2023,13
718668,2023-04-08,Philadelphia Phillies,Cincinnati Reds,3,2,2023,5
718667,2023-04-08,Detroit Tigers,Boston Red Sox,5,14,2023,19
718665,2023-04-08,Tampa Bay Rays,Oakland Athletics,11,0,2023,11
718661,2023-04-08,New York Mets,Miami Marlins,5,2,2023,7
718663,2023-04-08,Cleveland Guardians,Seattle Mariners,2,3,2023,5
718662,2023-04-08,Pittsburgh Pirates,Chicago White Sox,5,11,2023,16
718664,2023-04-08,Baltimore Orioles,New York Yankees,1,4,2023,5
718660,2023-04-08,Milwaukee Brewers,St. Louis Cardinals,0,6,2023,6
718659,2023-04-08,Atlanta Braves,San Diego Padres,1,4,2023,5
718656,2023-04-08,Arizona Diamondbacks,Los Angeles Dodgers,12,8,2023,20
718658,2023-04-08,Colorado Rockies,Washington Nationals,6,7,2023,13
718657,2023-04-08,Los Angeles Angels,Toronto Blue Jays,9,5,2023,14
718652,2023-04-09,Philadelphia Phillies,Cincinnati Reds,4,6,2023,10
718654,2023-04-09,Detroit Tigers,Boston Red Sox,1,4,2023,5
718655,2023-04-09,Tampa Bay Rays,Oakland Athletics,11,0,2023,11
718653,2023-04-09,Pittsburgh Pirates,Chicago White Sox,1,0,2023,1
718651,2023-04-09,Baltimore Orioles,New York Yankees,3,5,2023,8
718646,2023-04-09,Cleveland Guardians,Seattle Mariners,7,6,2023,13
718647,2023-04-09,New York Mets,Miami Marlins,2,7,2023,9
718649,2023-04-09,Minnesota Twins,Houston Astros,1,5,2023,6
718650,2023-04-09,Milwaukee Brewers,St. Louis Cardinals,6,1,2023,7
718642,2023-04-09,Chicago Cubs,Texas Rangers,2,8,2023,10
718645,2023-04-09,Colorado Rockies,Washington Nationals,7,6,2023,13
718643,2023-04-09,San Francisco Giants,Kansas City Royals,3,1,2023,4
718644,2023-04-09,Los Angeles Angels,Toronto Blue Jays,11,12,2023,23
718639,2023-04-09,Arizona Diamondbacks,Los Angeles Dodgers,11,6,2023,17
718648,2023-04-09,Atlanta Braves,San Diego Padres,2,10,2023,12
718640,2023-04-10,Minnesota Twins,Chicago White Sox,3,4,2023,7
718637,2023-04-10,Cleveland Guardians,New York Yankees,3,2,2023,5
718635,2023-04-10,Baltimore Orioles,Oakland Athletics,5,1,2023,6
718632,2023-04-10,Pittsburgh Pirates,Houston Astros,2,8,2023,10
718638,2023-04-10,Tampa Bay Rays,Boston Red Sox,1,0,2023,1
718633,2023-04-10,Philadelphia Phillies,Miami Marlins,15,3,2023,18
718634,2023-04-10,New York Mets,San Diego Padres,5,0,2023,5
718636,2023-04-10,Atlanta Braves,Cincinnati Reds,5,4,2023,9
718628,2023-04-10,Chicago Cubs,Seattle Mariners,3,2,2023,5
718630,2023-04-10,Texas Rangers,Kansas City Royals,11,2,2023,13
718629,2023-04-10,Colorado Rockies,St. Louis Cardinals,7,4,2023,11
718631,2023-04-10,Los Angeles Angels,Washington Nationals,4,6,2023,10
718627,2023-04-10,Arizona Diamondbacks,Milwaukee Brewers,3,0,2023,3
718641,2023-04-10,San Francisco Giants,Los Angeles Dodgers,1,9,2023,10
718626,2023-04-11,Cleveland Guardians,New York Yankees,2,11,2023,13
718618,2023-04-11,Baltimore Orioles,Oakland Athletics,12,8,2023,20
718623,2023-04-11,Pittsburgh Pirates,Houston Astros,7,4,2023,11
718625,2023-04-11,Tampa Bay Rays,Boston Red Sox,7,2,2023,9
718619,2023-04-11,Philadelphia Phillies,Miami Marlins,4,8,2023,12
718622,2023-04-11,Toronto Blue Jays,Detroit Tigers,9,3,2023,12
718621,2023-04-11,New York Mets,San Diego Padres,2,4,2023,6
718620,2023-04-11,Atlanta Braves,Cincinnati Reds,7,6,2023,13
718617,2023-04-11,Chicago Cubs,Seattle Mariners,14,9,2023,23
718616,2023-04-11,Minnesota Twins,Chicago White Sox,4,3,2023,7
718615,2023-04-11,Texas Rangers,Kansas City Royals,8,5,2023,13
718613,2023-04-11,Colorado Rockies,St. Louis Cardinals,6,9,2023,15
718614,2023-04-11,Los Angeles Angels,Washington Nationals,2,0,2023,2
718611,2023-04-11,Arizona Diamondbacks,Milwaukee Brewers,1,7,2023,8
718624,2023-04-11,San Francisco Giants,Los Angeles Dodgers,5,0,2023,5
718608,2023-04-12,Pittsburgh Pirates,Houston Astros,0,7,2023,7
718610,2023-04-12,New York Mets,San Diego Padres,5,2,2023,7
718605,2023-04-12,Minnesota Twins,Chicago White Sox,3,1,2023,4
718604,2023-04-12,Cleveland Guardians,New York Yankees,3,4,2023,7
718606,2023-04-12,Chicago Cubs,Seattle Mariners,2,5,2023,7
718607,2023-04-12,Colorado Rockies,St. Louis Cardinals,4,7,2023,11
718598,2023-04-12,Arizona Diamondbacks,Milwaukee Brewers,7,3,2023,10
718609,2023-04-12,Philadelphia Phillies,Miami Marlins,2,3,2023,5
718602,2023-04-12,Los Angeles Angels,Washington Nationals,3,2,2023,5
718599,2023-04-12,Baltimore Orioles,Oakland Athletics,4,8,2023,12
718600,2023-04-12,Tampa Bay Rays,Boston Red Sox,9,7,2023,16
718603,2023-04-12,Toronto Blue Jays,Detroit Tigers,4,3,2023,7
718601,2023-04-12,Atlanta Braves,Cincinnati Reds,5,4,2023,9
718595,2023-04-12,Texas Rangers,Kansas City Royals,1,10,2023,11
718612,2023-04-12,San Francisco Giants,Los Angeles Dodgers,5,10,2023,15
718596,2023-04-13,Baltimore Orioles,Oakland Athletics,8,7,2023,15
718594,2023-04-13,Tampa Bay Rays,Boston Red Sox,9,3,2023,12
718597,2023-04-13,Cincinnati Reds,Philadelphia Phillies,6,2,2023,8
718590,2023-04-13,New York Yankees,Minnesota Twins,2,11,2023,13
718593,2023-04-13,Toronto Blue Jays,Detroit Tigers,1,3,2023,4
718591,2023-04-13,St. Louis Cardinals,Pittsburgh Pirates,0,5,2023,5
718589,2023-04-13,San Diego Padres,Milwaukee Brewers,3,4,2023,7
718585,2023-04-14,Detroit Tigers,San Francisco Giants,7,5,2023,12
718586,2023-04-14,Cincinnati Reds,Philadelphia Phillies,3,8,2023,11
718584,2023-04-14,Miami Marlins,Arizona Diamondbacks,5,1,2023,6
718592,2023-04-14,Washington Nationals,Cleveland Guardians,3,4,2023,7
718588,2023-04-14,New York Yankees,Minnesota Twins,3,4,2023,7
718587,2023-04-14,Toronto Blue Jays,Tampa Bay Rays,6,3,2023,9
718580,2023-04-14,Boston Red Sox,Los Angeles Angels,5,3,2023,8
718583,2023-04-14,Chicago White Sox,Baltimore Orioles,3,6,2023,9
718581,2023-04-14,Houston Astros,Texas Rangers,2,6,2023,8
718579,2023-04-14,Kansas City Royals,Atlanta Braves,3,10,2023,13
718582,2023-04-14,St. Louis Cardinals,Pittsburgh Pirates,3,0,2023,3
718578,2023-04-14,Oakland Athletics,New York Mets,6,17,2023,23
718574,2023-04-14,San Diego Padres,Milwaukee Brewers,2,11,2023,13
718575,2023-04-14,Los Angeles Dodgers,Chicago Cubs,2,8,2023,10
718577,2023-04-14,Seattle Mariners,Colorado Rockies,5,3,2023,8
718572,2023-04-15,New York Yankees,Minnesota Twins,6,1,2023,7
718571,2023-04-15,Detroit Tigers,San Francisco Giants,7,6,2023,13
718570,2023-04-15,Chicago White Sox,Baltimore Orioles,7,6,2023,13
718568,2023-04-15,St. Louis Cardinals,Pittsburgh Pirates,3,6,2023,9
718569,2023-04-15,Toronto Blue Jays,Tampa Bay Rays,5,2,2023,7
718573,2023-04-15,Washington Nationals,Cleveland Guardians,4,6,2023,10
718560,2023-04-15,San Diego Padres,Milwaukee Brewers,10,3,2023,13
718565,2023-04-15,Oakland Athletics,New York Mets,2,3,2023,5
718576,2023-04-15,Boston Red Sox,Los Angeles Angels,9,7,2023,16
718566,2023-04-15,Cincinnati Reds,Philadelphia Phillies,13,0,2023,13
718563,2023-04-15,Kansas City Royals,Atlanta Braves,3,9,2023,12
718567,2023-04-15,Miami Marlins,Arizona Diamondbacks,3,2,2023,5
718562,2023-04-15,Houston Astros,Texas Rangers,8,2,2023,10
718564,2023-04-15,Los Angeles Dodgers,Chicago Cubs,2,1,2023,3
718561,2023-04-15,Seattle Mariners,Colorado Rockies,9,2,2023,11
718559,2023-04-16,Boston Red Sox,Los Angeles Angels,2,1,2023,3
718555,2023-04-16,Washington Nationals,Cleveland Guardians,7,6,2023,13
718557,2023-04-16,New York Yankees,Minnesota Twins,2,0,2023,2
718556,2023-04-16,Toronto Blue Jays,Tampa Bay Rays,1,8,2023,9
718554,2023-04-16,Cincinnati Reds,Philadelphia Phillies,3,14,2023,17
718550,2023-04-16,Miami Marlins,Arizona Diamondbacks,0,5,2023,5
718551,2023-04-16,Kansas City Royals,Atlanta Braves,4,5,2023,9
718553,2023-04-16,Chicago White Sox,Baltimore Orioles,4,8,2023,12
718548,2023-04-16,St. Louis Cardinals,Pittsburgh Pirates,5,4,2023,9
718546,2023-04-16,Oakland Athletics,New York Mets,3,4,2023,7
718547,2023-04-16,Los Angeles Dodgers,Chicago Cubs,2,3,2023,5
718545,2023-04-16,Seattle Mariners,Colorado Rockies,1,0,2023,1
718549,2023-04-16,San Diego Padres,Milwaukee Brewers,0,1,2023,1
718552,2023-04-16,Houston Astros,Texas Rangers,1,9,2023,10
718540,2023-04-17,Boston Red Sox,Los Angeles Angels,4,5,2023,9
718542,2023-04-17,Cincinnati Reds,Tampa Bay Rays,8,1,2023,9
718544,2023-04-17,Miami Marlins,San Francisco Giants,4,3,2023,7
718539,2023-04-17,Kansas City Royals,Texas Rangers,0,4,2023,4
718538,2023-04-17,St. Louis Cardinals,Arizona Diamondbacks,3,6,2023,9
718537,2023-04-17,Houston Astros,Toronto Blue Jays,9,2,2023,11
718535,2023-04-17,Colorado Rockies,Pittsburgh Pirates,3,14,2023,17
718536,2023-04-17,Oakland Athletics,Chicago Cubs,1,10,2023,11
718533,2023-04-17,San Diego Padres,Atlanta Braves,0,2,2023,2
718534,2023-04-17,Seattle Mariners,Milwaukee Brewers,3,7,2023,10
718532,2023-04-17,Los Angeles Dodgers,New York Mets,6,8,2023,14
718530,2023-04-18,Detroit Tigers,Cleveland Guardians,4,3,2023,7
718541,2023-04-18,Detroit Tigers,Cleveland Guardians,1,0,2023,1
718525,2023-04-18,Chicago White Sox,Philadelphia Phillies,4,7,2023,11
718543,2023-04-18,Chicago White Sox,Philadelphia Phillies,3,0,2023,3
718526,2023-04-18,Cincinnati Reds,Tampa Bay Rays,0,10,2023,10
718528,2023-04-18,Miami Marlins,San Francisco Giants,4,2,2023,6
718531,2023-04-18,Washington Nationals,Baltimore Orioles,0,1,2023,1
718529,2023-04-18,New York Yankees,Los Angeles Angels,2,5,2023,7
718524,2023-04-18,Boston Red Sox,Minnesota Twins,5,4,2023,9
718522,2023-04-18,Kansas City Royals,Texas Rangers,2,12,2023,14
718527,2023-04-18,St. Louis Cardinals,Arizona Diamondbacks,7,8,2023,15
718520,2023-04-18,Houston Astros,Toronto Blue Jays,2,4,2023,6
718521,2023-04-18,Colorado Rockies,Pittsburgh Pirates,3,5,2023,8
718523,2023-04-18,Oakland Athletics,Chicago Cubs,0,4,2023,4
718519,2023-04-18,San Diego Padres,Atlanta Braves,1,8,2023,9
718517,2023-04-18,Seattle Mariners,Milwaukee Brewers,5,6,2023,11
718516,2023-04-18,Los Angeles Dodgers,New York Mets,5,0,2023,5
718515,2023-04-19,Cincinnati Reds,Tampa Bay Rays,0,8,2023,8
718513,2023-04-19,Detroit Tigers,Cleveland Guardians,2,3,2023,5
718511,2023-04-19,Miami Marlins,San Francisco Giants,2,5,2023,7
718512,2023-04-19,St. Louis Cardinals,Arizona Diamondbacks,14,5,2023,19
718514,2023-04-19,Kansas City Royals,Texas Rangers,3,12,2023,15
718510,2023-04-19,Chicago White Sox,Philadelphia Phillies,2,5,2023,7
718508,2023-04-19,Los Angeles Dodgers,New York Mets,3,5,2023,8
718509,2023-04-19,Colorado Rockies,Pittsburgh Pirates,3,14,2023,17
718506,2023-04-19,Oakland Athletics,Chicago Cubs,2,12,2023,14
718507,2023-04-19,San Diego Padres,Atlanta Braves,1,0,2023,1
718502,2023-04-19,Seattle Mariners,Milwaukee Brewers,3,5,2023,8
718518,2023-04-19,Washington Nationals,Baltimore Orioles,0,4,2023,4
718504,2023-04-19,New York Yankees,Los Angeles Angels,3,2,2023,5
718505,2023-04-19,Boston Red Sox,Minnesota Twins,4,10,2023,14
718501,2023-04-19,Houston Astros,Toronto Blue Jays,8,1,2023,9
718497,2023-04-20,Boston Red Sox,Minnesota Twins,11,5,2023,16
718496,2023-04-20,New York Yankees,Los Angeles Angels,9,3,2023,12
718500,2023-04-20,Pittsburgh Pirates,Cincinnati Reds,4,3,2023,7
718498,2023-04-20,Philadelphia Phillies,Colorado Rockies,0,5,2023,5
718499,2023-04-20,Chicago Cubs,Los Angeles Dodgers,2,6,2023,8
718494,2023-04-20,Arizona Diamondbacks,San Diego Padres,5,7,2023,12
718503,2023-04-20,San Francisco Giants,New York Mets,4,9,2023,13
718491,2023-04-21,Chicago Cubs,Los Angeles Dodgers,13,0,2023,13
718492,2023-04-21,Pittsburgh Pirates,Cincinnati Reds,4,2,2023,6
718486,2023-04-21,Tampa Bay Rays,Chicago White Sox,8,7,2023,15
718495,2023-04-21,Baltimore Orioles,Detroit Tigers,2,1,2023,3
718493,2023-04-21,Philadelphia Phillies,Colorado Rockies,4,3,2023,7
718487,2023-04-21,New York Yankees,Toronto Blue Jays,1,6,2023,7
718489,2023-04-21,Atlanta Braves,Houston Astros,4,6,2023,10
718490,2023-04-21,Texas Rangers,Oakland Athletics,4,5,2023,9
718482,2023-04-21,Minnesota Twins,Washington Nationals,2,3,2023,5
718483,2023-04-21,Milwaukee Brewers,Boston Red Sox,3,5,2023,8
718485,2023-04-21,Los Angeles Angels,Kansas City Royals,2,0,2023,2
718484,2023-04-21,Arizona Diamondbacks,San Diego Padres,9,0,2023,9
718481,2023-04-21,Seattle Mariners,St. Louis Cardinals,5,2,2023,7
718480,2023-04-21,San Francisco Giants,New York Mets,0,7,2023,7
718476,2023-04-22,New York Yankees,Toronto Blue Jays,3,2,2023,5
718468,2023-04-22,Minnesota Twins,Washington Nationals,4,10,2023,14
718479,2023-04-22,Chicago Cubs,Los Angeles Dodgers,4,9,2023,13
718475,2023-04-22,Philadelphia Phillies,Colorado Rockies,4,3,2023,7
718473,2023-04-22,Cleveland Guardians,Miami Marlins,1,6,2023,7
718488,2023-04-22,Cleveland Guardians,Miami Marlins,2,3,2023,5
718478,2023-04-22,San Francisco Giants,New York Mets,7,4,2023,11
718477,2023-04-22,Tampa Bay Rays,Chicago White Sox,4,3,2023,7
718474,2023-04-22,Pittsburgh Pirates,Cincinnati Reds,2,1,2023,3
718472,2023-04-22,Baltimore Orioles,Detroit Tigers,5,1,2023,6
718469,2023-04-22,Texas Rangers,Oakland Athletics,18,3,2023,21
718470,2023-04-22,Milwaukee Brewers,Boston Red Sox,5,4,2023,9
718471,2023-04-22,Atlanta Braves,Houston Astros,3,6,2023,9
718467,2023-04-22,Arizona Diamondbacks,San Diego Padres,3,5,2023,8
718466,2023-04-22,Los Angeles Angels,Kansas City Royals,8,11,2023,19
718464,2023-04-22,Seattle Mariners,St. Louis Cardinals,5,4,2023,9
718458,2023-04-23,Philadelphia Phillies,Colorado Rockies,9,3,2023,12
718459,2023-04-23,Baltimore Orioles,Detroit Tigers,2,1,2023,3
718463,2023-04-23,Pittsburgh Pirates,Cincinnati Reds,2,0,2023,2
718462,2023-04-23,Atlanta Braves,Houston Astros,2,5,2023,7
718465,2023-04-23,New York Yankees,Toronto Blue Jays,1,5,2023,6
718457,2023-04-23,Tampa Bay Rays,Chicago White Sox,4,1,2023,5
718460,2023-04-23,Cleveland Guardians,Miami Marlins,7,4,2023,11
718454,2023-04-23,Minnesota Twins,Washington Nationals,3,1,2023,4
718461,2023-04-23,Milwaukee Brewers,Boston Red Sox,5,12,2023,17
718451,2023-04-23,Chicago Cubs,Los Angeles Dodgers,3,7,2023,10
718453,2023-04-23,Texas Rangers,Oakland Athletics,5,2,2023,7
718452,2023-04-23,Los Angeles Angels,Kansas City Royals,4,3,2023,7
718456,2023-04-23,Arizona Diamondbacks,San Diego Padres,5,7,2023,12
718450,2023-04-23,Seattle Mariners,St. Louis Cardinals,3,7,2023,10
718455,2023-04-23,San Francisco Giants,New York Mets,5,4,2023,9
718448,2023-04-24,Cleveland Guardians,Colorado Rockies,0,6,2023,6
718447,2023-04-24,Baltimore Orioles,Boston Red Sox,5,4,2023,9
718449,2023-04-24,Tampa Bay Rays,Houston Astros,8,3,2023,11
718445,2023-04-24,Cincinnati Reds,Texas Rangers,7,6,2023,13
718444,2023-04-24,Toronto Blue Jays,Chicago White Sox,5,2,2023,7
718443,2023-04-24,Atlanta Braves,Miami Marlins,11,0,2023,11
718442,2023-04-24,Minnesota Twins,New York Yankees,6,1,2023,7
718441,2023-04-24,Milwaukee Brewers,Detroit Tigers,2,4,2023,6
718437,2023-04-24,Los Angeles Angels,Oakland Athletics,10,11,2023,21
718438,2023-04-24,Arizona Diamondbacks,Kansas City Royals,5,4,2023,9
718446,2023-04-24,San Francisco Giants,St. Louis Cardinals,4,0,2023,4
718440,2023-04-25,Cleveland Guardians,Colorado Rockies,1,5,2023,6
718435,2023-04-25,Baltimore Orioles,Boston Red Sox,6,8,2023,14
718432,2023-04-25,Pittsburgh Pirates,Los Angeles Dodgers,7,8,2023,15
718436,2023-04-25,Tampa Bay Rays,Houston Astros,0,5,2023,5
718434,2023-04-25,Cincinnati Reds,Texas Rangers,7,6,2023,13
718430,2023-04-25,Philadelphia Phillies,Seattle Mariners,3,5,2023,8
718433,2023-04-25,Toronto Blue Jays,Chicago White Sox,7,0,2023,7
718431,2023-04-25,New York Mets,Washington Nationals,0,5,2023,5
718429,2023-04-25,Atlanta Braves,Miami Marlins,7,4,2023,11
718426,2023-04-25,Chicago Cubs,San Diego Padres,6,0,2023,6
718427,2023-04-25,Minnesota Twins,New York Yankees,6,2,2023,8
718428,2023-04-25,Milwaukee Brewers,Detroit Tigers,3,4,2023,7
718425,2023-04-25,Los Angeles Angels,Oakland Athletics,5,3,2023,8
718422,2023-04-25,Arizona Diamondbacks,Kansas City Royals,4,5,2023,9
718439,2023-04-25,San Francisco Giants,St. Louis Cardinals,5,4,2023,9
718424,2023-04-26,Cincinnati Reds,Texas Rangers,5,3,2023,8
718416,2023-04-26,Baltimore Orioles,Boston Red Sox,6,2,2023,8
718420,2023-04-26,Toronto Blue Jays,Chicago White Sox,8,0,2023,8
718421,2023-04-26,Cleveland Guardians,Colorado Rockies,4,1,2023,5
718417,2023-04-26,Minnesota Twins,New York Yankees,6,12,2023,18
718419,2023-04-26,Milwaukee Brewers,Detroit Tigers,6,2,2023,8
718418,2023-04-26,Arizona Diamondbacks,Kansas City Royals,2,0,2023,2
718413,2023-04-26,Pittsburgh Pirates,Los Angeles Dodgers,8,1,2023,9
718414,2023-04-26,Tampa Bay Rays,Houston Astros,0,1,2023,1
718415,2023-04-26,Philadelphia Phillies,Seattle Mariners,6,5,2023,11
718412,2023-04-26,New York Mets,Washington Nationals,1,4,2023,5
718411,2023-04-26,Atlanta Braves,Miami Marlins,6,4,2023,10
718407,2023-04-26,Chicago Cubs,San Diego Padres,3,5,2023,8
718408,2023-04-26,Los Angeles Angels,Oakland Athletics,11,3,2023,14
718423,2023-04-26,San Francisco Giants,St. Louis Cardinals,7,3,2023,10
718410,2023-04-27,Atlanta Braves,Miami Marlins,4,5,2023,9
718403,2023-04-27,Pittsburgh Pirates,Los Angeles Dodgers,6,2,2023,8
718404,2023-04-27,Philadelphia Phillies,Seattle Mariners,1,0,2023,1
718406,2023-04-27,Chicago Cubs,San Diego Padres,5,2,2023,7
718409,2023-04-27,San Francisco Giants,St. Louis Cardinals,0,6,2023,6
718402,2023-04-27,Los Angeles Angels,Oakland Athletics,8,7,2023,15
718405,2023-04-27,Detroit Tigers,Baltimore Orioles,4,7,2023,11
718398,2023-04-27,New York Mets,Washington Nationals,9,8,2023,17
718396,2023-04-27,Chicago White Sox,Tampa Bay Rays,5,14,2023,19
718400,2023-04-27,Minnesota Twins,Kansas City Royals,7,1,2023,8
718397,2023-04-27,Texas Rangers,New York Yankees,2,4,2023,6
718387,2023-04-28,Minnesota Twins,Kansas City Royals,8,6,2023,14
718391,2023-04-28,Miami Marlins,Chicago Cubs,3,2,2023,5
718392,2023-04-28,Toronto Blue Jays,Seattle Mariners,3,2,2023,5
718395,2023-04-28,Boston Red Sox,Cleveland Guardians,2,5,2023,7
718394,2023-04-28,New York Mets,Atlanta Braves,0,4,2023,4
718393,2023-04-28,Chicago White Sox,Tampa Bay Rays,2,3,2023,5
718388,2023-04-28,Texas Rangers,New York Yankees,5,2,2023,7
718389,2023-04-28,Houston Astros,Philadelphia Phillies,1,3,2023,4
718386,2023-04-28,Milwaukee Brewers,Los Angeles Angels,2,1,2023,3
718390,2023-04-28,Colorado Rockies,Arizona Diamondbacks,1,9,2023,10
718380,2023-04-28,Oakland Athletics,Cincinnati Reds,7,11,2023,18
718382,2023-04-28,Los Angeles Dodgers,St. Louis Cardinals,7,3,2023,10
718381,2023-04-29,Detroit Tigers,Baltimore Orioles,7,4,2023,11
718401,2023-04-29,Detroit Tigers,Baltimore Orioles,4,6,2023,10
718383,2023-04-29,Washington Nationals,Pittsburgh Pirates,3,6,2023,9
718399,2023-04-29,Washington Nationals,Pittsburgh Pirates,1,16,2023,17
718378,2023-04-29,Minnesota Twins,Kansas City Royals,2,3,2023,5
718379,2023-04-29,Toronto Blue Jays,Seattle Mariners,1,0,2023,1
718375,2023-04-29,Miami Marlins,Chicago Cubs,7,6,2023,13
718377,2023-04-29,Oakland Athletics,Cincinnati Reds,2,3,2023,5
718385,2023-04-29,Boston Red Sox,Cleveland Guardians,8,7,2023,15
718372,2023-04-29,Houston Astros,Philadelphia Phillies,1,6,2023,7
718384,2023-04-29,San Diego Padres,San Francisco Giants,16,11,2023,27
718374,2023-04-29,Texas Rangers,New York Yankees,2,0,2023,2
718373,2023-04-29,Chicago White Sox,Tampa Bay Rays,3,12,2023,15
718376,2023-04-29,Milwaukee Brewers,Los Angeles Angels,7,5,2023,12
718366,2023-04-29,Colorado Rockies,Arizona Diamondbacks,4,11,2023,15
718369,2023-04-29,Los Angeles Dodgers,St. Louis Cardinals,1,0,2023,1
718364,2023-04-30,Miami Marlins,Chicago Cubs,4,3,2023,7
718370,2023-04-30,Boston Red Sox,Cleveland Guardians,7,1,2023,8
718367,2023-04-30,Washington Nationals,Pittsburgh Pirates,7,2,2023,9
718363,2023-04-30,Toronto Blue Jays,Seattle Mariners,8,10,2023,18
718360,2023-04-30,Detroit Tigers,Baltimore Orioles,3,5,2023,8
718362,2023-04-30,Minnesota Twins,Kansas City Royals,8,4,2023,12
718355,2023-04-30,Chicago White Sox,Tampa Bay Rays,12,9,2023,21
718365,2023-04-30,Milwaukee Brewers,Los Angeles Angels,0,3,2023,3
718356,2023-04-30,Texas Rangers,New York Yankees,15,2,2023,17
718358,2023-04-30,Colorado Rockies,Arizona Diamondbacks,12,4,2023,16
718368,2023-04-30,San Diego Padres,San Francisco Giants,6,4,2023,10
718357,2023-04-30,Oakland Athletics,Cincinnati Reds,5,4,2023,9
718359,2023-04-30,Los Angeles Dodgers,St. Louis Cardinals,6,3,2023,9
718354,2023-04-30,Houston Astros,Philadelphia Phillies,4,3,2023,7
718352,2023-05-01,New York Mets,Atlanta Braves,8,9,2023,17
718361,2023-05-01,New York Mets,Atlanta Braves,5,3,2023,8
718349,2023-05-01,Washington Nationals,Chicago Cubs,1,5,2023,6
718351,2023-05-01,New York Yankees,Cleveland Guardians,2,3,2023,5
718353,2023-05-01,Boston Red Sox,Toronto Blue Jays,6,5,2023,11
718350,2023-05-01,Houston Astros,San Francisco Giants,7,3,2023,10
718345,2023-05-01,San Diego Padres,Cincinnati Reds,8,3,2023,11
718343,2023-05-01,Los Angeles Dodgers,Philadelphia Phillies,13,4,2023,17
718347,2023-05-02,Tampa Bay Rays,Pittsburgh Pirates,4,1,2023,5
718346,2023-05-02,Miami Marlins,Atlanta Braves,0,6,2023,6
718344,2023-05-02,Washington Nationals,Chicago Cubs,4,1,2023,5
718339,2023-05-02,New York Yankees,Cleveland Guardians,4,2,2023,6
718341,2023-05-02,Boston Red Sox,Toronto Blue Jays,7,6,2023,13
718340,2023-05-02,Chicago White Sox,Minnesota Twins,3,2,2023,5
718336,2023-05-02,Kansas City Royals,Baltimore Orioles,7,11,2023,18
718338,2023-05-02,St. Louis Cardinals,Los Angeles Angels,1,5,2023,6
718342,2023-05-02,Texas Rangers,Arizona Diamondbacks,6,4,2023,10
718337,2023-05-02,Houston Astros,San Francisco Giants,0,2,2023,2
718334,2023-05-02,Colorado Rockies,Milwaukee Brewers,3,2,2023,5
718335,2023-05-02,San Diego Padres,Cincinnati Reds,1,2,2023,3
718332,2023-05-02,Oakland Athletics,Seattle Mariners,1,2,2023,3
718331,2023-05-02,Los Angeles Dodgers,Philadelphia Phillies,13,1,2023,14
718348,2023-05-03,Detroit Tigers,New York Mets,6,5,2023,11
718329,2023-05-03,Detroit Tigers,New York Mets,8,1,2023,9
718325,2023-05-03,Texas Rangers,Arizona Diamondbacks,7,12,2023,19
718326,2023-05-03,Houston Astros,San Francisco Giants,2,4,2023,6
718330,2023-05-03,San Diego Padres,Cincinnati Reds,7,1,2023,8
718327,2023-05-03,Los Angeles Dodgers,Philadelphia Phillies,10,6,2023,16
718328,2023-05-03,Tampa Bay Rays,Pittsburgh Pirates,8,1,2023,9
718321,2023-05-03,Miami Marlins,Atlanta Braves,6,14,2023,20
718333,2023-05-03,Washington Nationals,Chicago Cubs,2,1,2023,3
718324,2023-05-03,New York Yankees,Cleveland Guardians,4,3,2023,7
718323,2023-05-03,Boston Red Sox,Toronto Blue Jays,8,3,2023,11
718322,2023-05-03,Chicago White Sox,Minnesota Twins,6,4,2023,10
718314,2023-05-03,Kansas City Royals,Baltimore Orioles,6,0,2023,6
718320,2023-05-03,St. Louis Cardinals,Los Angeles Angels,4,6,2023,10
718315,2023-05-03,Colorado Rockies,Milwaukee Brewers,7,1,2023,8
718319,2023-05-03,Oakland Athletics,Seattle Mariners,2,7,2023,9
718317,2023-05-04,Washington Nationals,Chicago Cubs,4,3,2023,7
718318,2023-05-04,Detroit Tigers,New York Mets,2,0,2023,2
718309,2023-05-04,Tampa Bay Rays,Pittsburgh Pirates,3,2,2023,5
718311,2023-05-04,St. Louis Cardinals,Los Angeles Angels,7,11,2023,18
718312,2023-05-04,Kansas City Royals,Baltimore Orioles,10,13,2023,23
718310,2023-05-04,Chicago White Sox,Minnesota Twins,3,7,2023,10
718313,2023-05-04,Colorado Rockies,Milwaukee Brewers,9,6,2023,15
718304,2023-05-04,Oakland Athletics,Seattle Mariners,3,5,2023,8
718308,2023-05-04,Miami Marlins,Atlanta Braves,3,6,2023,9
718316,2023-05-04,Boston Red Sox,Toronto Blue Jays,11,5,2023,16
718303,2023-05-05,Chicago Cubs,Miami Marlins,4,1,2023,5
718307,2023-05-05,Pittsburgh Pirates,Toronto Blue Jays,0,4,2023,4
718305,2023-05-05,Cincinnati Reds,Chicago White Sox,4,5,2023,9
718300,2023-05-05,Tampa Bay Rays,New York Yankees,5,4,2023,9
718301,2023-05-05,Philadelphia Phillies,Boston Red Sox,3,5,2023,8
718302,2023-05-05,New York Mets,Colorado Rockies,1,0,2023,1
718306,2023-05-05,Cleveland Guardians,Minnesota Twins,0,2,2023,2
718298,2023-05-05,Atlanta Braves,Baltimore Orioles,4,9,2023,13
718299,2023-05-05,Kansas City Royals,Oakland Athletics,8,12,2023,20
718292,2023-05-05,St. Louis Cardinals,Detroit Tigers,4,5,2023,9
718294,2023-05-05,Los Angeles Angels,Texas Rangers,5,4,2023,9
718296,2023-05-05,Arizona Diamondbacks,Washington Nationals,3,1,2023,4
718295,2023-05-05,San Diego Padres,Los Angeles Dodgers,5,2,2023,7
718297,2023-05-05,Seattle Mariners,Houston Astros,4,6,2023,10
718293,2023-05-05,San Francisco Giants,Milwaukee Brewers,6,4,2023,10
718288,2023-05-06,St. Louis Cardinals,Detroit Tigers,5,6,2023,11
718289,2023-05-06,Chicago Cubs,Miami Marlins,4,2,2023,6
718290,2023-05-06,New York Mets,Colorado Rockies,2,5,2023,7
718291,2023-05-06,Tampa Bay Rays,New York Yankees,2,3,2023,5
718285,2023-05-06,Cleveland Guardians,Minnesota Twins,4,3,2023,7
718286,2023-05-06,Pittsburgh Pirates,Toronto Blue Jays,2,8,2023,10
718281,2023-05-06,Cincinnati Reds,Chicago White Sox,5,3,2023,8
718280,2023-05-06,Kansas City Royals,Oakland Athletics,4,5,2023,9
718284,2023-05-06,Philadelphia Phillies,Boston Red Sox,4,7,2023,11
718283,2023-05-06,Atlanta Braves,Baltimore Orioles,5,4,2023,9
718287,2023-05-06,San Francisco Giants,Milwaukee Brewers,4,1,2023,5
718282,2023-05-06,Arizona Diamondbacks,Washington Nationals,8,7,2023,15
718279,2023-05-06,San Diego Padres,Los Angeles Dodgers,1,2,2023,3
718275,2023-05-06,Los Angeles Angels,Texas Rangers,1,10,2023,11
718274,2023-05-06,Seattle Mariners,Houston Astros,7,5,2023,12
718277,2023-05-07,Atlanta Braves,Baltimore Orioles,3,2,2023,5
718278,2023-05-07,Pittsburgh Pirates,Toronto Blue Jays,1,10,2023,11
718270,2023-05-07,Philadelphia Phillies,Boston Red Sox,6,1,2023,7
718276,2023-05-07,New York Mets,Colorado Rockies,6,13,2023,19
718273,2023-05-07,Cleveland Guardians,Minnesota Twins,2,0,2023,2
718271,2023-05-07,Tampa Bay Rays,New York Yankees,8,7,2023,15
718268,2023-05-07,Kansas City Royals,Oakland Athletics,5,1,2023,6
718272,2023-05-07,St. Louis Cardinals,Detroit Tigers,12,6,2023,18
718269,2023-05-07,Chicago Cubs,Miami Marlins,4,5,2023,9
718267,2023-05-07,San Francisco Giants,Milwaukee Brewers,3,7,2023,10
718264,2023-05-07,Los Angeles Angels,Texas Rangers,8,16,2023,24
718263,2023-05-07,Arizona Diamondbacks,Washington Nationals,8,9,2023,17
718265,2023-05-07,Seattle Mariners,Houston Astros,3,1,2023,4
718262,2023-05-07,Cincinnati Reds,Chicago White Sox,4,17,2023,21
718266,2023-05-07,San Diego Padres,Los Angeles Dodgers,2,5,2023,7
718261,2023-05-08,Cleveland Guardians,Detroit Tigers,2,6,2023,8
718258,2023-05-08,Pittsburgh Pirates,Colorado Rockies,2,0,2023,2
718259,2023-05-08,Baltimore Orioles,Tampa Bay Rays,0,3,2023,3
718255,2023-05-08,New York Yankees,Oakland Athletics,7,2,2023,9
718256,2023-05-08,Chicago Cubs,St. Louis Cardinals,1,3,2023,4
718253,2023-05-08,Kansas City Royals,Chicago White Sox,12,5,2023,17
718257,2023-05-08,Milwaukee Brewers,Los Angeles Dodgers,9,3,2023,12
718254,2023-05-08,Los Angeles Angels,Houston Astros,6,4,2023,10
718251,2023-05-08,Seattle Mariners,Texas Rangers,1,2,2023,3
718249,2023-05-08,Arizona Diamondbacks,Miami Marlins,5,2,2023,7
718260,2023-05-08,San Francisco Giants,Washington Nationals,1,5,2023,6
718248,2023-05-09,Cleveland Guardians,Detroit Tigers,2,0,2023,2
718252,2023-05-09,Pittsburgh Pirates,Colorado Rockies,1,10,2023,11
718246,2023-05-09,Baltimore Orioles,Tampa Bay Rays,4,2,2023,6
718243,2023-05-09,Cincinnati Reds,New York Mets,7,6,2023,13
718244,2023-05-09,Philadelphia Phillies,Toronto Blue Jays,8,4,2023,12
718247,2023-05-09,New York Yankees,Oakland Athletics,10,5,2023,15
718245,2023-05-09,Atlanta Braves,Boston Red Sox,9,3,2023,12
718240,2023-05-09,Chicago Cubs,St. Louis Cardinals,4,6,2023,10
718242,2023-05-09,Minnesota Twins,San Diego Padres,1,6,2023,7
718238,2023-05-09,Kansas City Royals,Chicago White Sox,2,4,2023,6
718241,2023-05-09,Milwaukee Brewers,Los Angeles Dodgers,2,6,2023,8
718237,2023-05-09,Los Angeles Angels,Houston Astros,1,3,2023,4
718239,2023-05-09,Seattle Mariners,Texas Rangers,5,0,2023,5
718236,2023-05-09,Arizona Diamondbacks,Miami Marlins,2,6,2023,8
718250,2023-05-09,San Francisco Giants,Washington Nationals,4,1,2023,5
718231,2023-05-10,Pittsburgh Pirates,Colorado Rockies,3,4,2023,7
718232,2023-05-10,New York Yankees,Oakland Athletics,11,3,2023,14
718234,2023-05-10,Cleveland Guardians,Detroit Tigers,0,5,2023,5
718228,2023-05-10,Milwaukee Brewers,Los Angeles Dodgers,1,8,2023,9
718229,2023-05-10,Seattle Mariners,Texas Rangers,3,4,2023,7
718226,2023-05-10,Arizona Diamondbacks,Miami Marlins,4,5,2023,9
718230,2023-05-10,San Francisco Giants,Washington Nationals,6,11,2023,17
718233,2023-05-10,Philadelphia Phillies,Toronto Blue Jays,2,1,2023,3
718235,2023-05-10,Los Angeles Angels,Houston Astros,4,5,2023,9
718227,2023-05-10,Baltimore Orioles,Tampa Bay Rays,2,1,2023,3
718225,2023-05-10,Cincinnati Reds,New York Mets,1,2,2023,3
718220,2023-05-10,Atlanta Braves,Boston Red Sox,2,5,2023,7
718221,2023-05-10,Chicago Cubs,St. Louis Cardinals,10,4,2023,14
718224,2023-05-10,Minnesota Twins,San Diego Padres,4,3,2023,7
718222,2023-05-10,Kansas City Royals,Chicago White Sox,9,1,2023,10
718223,2023-05-11,Cincinnati Reds,New York Mets,5,0,2023,5
718216,2023-05-11,Minnesota Twins,San Diego Padres,5,3,2023,8
718218,2023-05-11,Kansas City Royals,Chicago White Sox,4,3,2023,7
718219,2023-05-11,New York Yankees,Tampa Bay Rays,2,8,2023,10
718215,2023-05-11,Arizona Diamondbacks,San Francisco Giants,2,6,2023,8
718217,2023-05-11,Oakland Athletics,Texas Rangers,0,4,2023,4
718208,2023-05-12,Detroit Tigers,Seattle Mariners,2,9,2023,11
718212,2023-05-12,Miami Marlins,Cincinnati Reds,4,7,2023,11
718214,2023-05-12,Washington Nationals,New York Mets,2,3,2023,5
718213,2023-05-12,Baltimore Orioles,Pittsburgh Pirates,6,3,2023,9
718210,2023-05-12,New York Yankees,Tampa Bay Rays,6,5,2023,11
718206,2023-05-12,Toronto Blue Jays,Atlanta Braves,3,0,2023,3
718205,2023-05-12,Cleveland Guardians,Los Angeles Angels,4,5,2023,9
718211,2023-05-12,Boston Red Sox,St. Louis Cardinals,6,8,2023,14
718209,2023-05-12,Minnesota Twins,Chicago Cubs,2,6,2023,8
718207,2023-05-12,Chicago White Sox,Houston Astros,1,5,2023,6
718204,2023-05-12,Milwaukee Brewers,Kansas City Royals,5,1,2023,6
718202,2023-05-12,Colorado Rockies,Philadelphia Phillies,3,6,2023,9
718199,2023-05-12,Arizona Diamondbacks,San Francisco Giants,7,5,2023,12
718200,2023-05-12,Oakland Athletics,Texas Rangers,9,7,2023,16
718201,2023-05-12,Los Angeles Dodgers,San Diego Padres,4,2,2023,6
718197,2023-05-13,New York Yankees,Tampa Bay Rays,9,8,2023,17
718194,2023-05-13,Detroit Tigers,Seattle Mariners,0,5,2023,5
718198,2023-05-13,Miami Marlins,Cincinnati Reds,5,6,2023,11
718195,2023-05-13,Minnesota Twins,Chicago Cubs,11,1,2023,12
718192,2023-05-13,Toronto Blue Jays,Atlanta Braves,5,2,2023,7
718203,2023-05-13,Washington Nationals,New York Mets,3,2,2023,5
718190,2023-05-13,Oakland Athletics,Texas Rangers,0,5,2023,5
718196,2023-05-13,Boston Red Sox,St. Louis Cardinals,3,4,2023,7
718191,2023-05-13,Cleveland Guardians,Los Angeles Angels,8,6,2023,14
718193,2023-05-13,Baltimore Orioles,Pittsburgh Pirates,2,0,2023,2
718183,2023-05-13,Milwaukee Brewers,Kansas City Royals,4,3,2023,7
718185,2023-05-13,Los Angeles Dodgers,San Diego Padres,4,2,2023,6
718189,2023-05-13,Chicago White Sox,Houston Astros,3,1,2023,4
718184,2023-05-13,Arizona Diamondbacks,San Francisco Giants,7,2,2023,9
718188,2023-05-13,Colorado Rockies,Philadelphia Phillies,4,7,2023,11
718182,2023-05-14,Cleveland Guardians,Los Angeles Angels,4,3,2023,7
718179,2023-05-14,Baltimore Orioles,Pittsburgh Pirates,0,4,2023,4
718180,2023-05-14,New York Yankees,Tampa Bay Rays,7,8,2023,15
718181,2023-05-14,Toronto Blue Jays,Atlanta Braves,6,5,2023,11
718173,2023-05-14,Detroit Tigers,Seattle Mariners,5,3,2023,8
718178,2023-05-14,Miami Marlins,Cincinnati Reds,3,1,2023,4
718175,2023-05-14,Minnesota Twins,Chicago Cubs,16,3,2023,19
718176,2023-05-14,Chicago White Sox,Houston Astros,3,4,2023,7
718177,2023-05-14,Milwaukee Brewers,Kansas City Royals,9,6,2023,15
718174,2023-05-14,Colorado Rockies,Philadelphia Phillies,4,0,2023,4
718172,2023-05-14,Oakland Athletics,Texas Rangers,3,11,2023,14
718168,2023-05-14,Los Angeles Dodgers,San Diego Padres,4,0,2023,4
718169,2023-05-14,Arizona Diamondbacks,San Francisco Giants,2,1,2023,3
718186,2023-05-14,Washington Nationals,New York Mets,2,8,2023,10
718187,2023-05-14,Boston Red Sox,St. Louis Cardinals,1,9,2023,10
718167,2023-05-15,Washington Nationals,New York Mets,10,3,2023,13
718171,2023-05-15,Baltimore Orioles,Los Angeles Angels,5,9,2023,14
718164,2023-05-15,Toronto Blue Jays,New York Yankees,4,7,2023,11
718163,2023-05-15,Boston Red Sox,Seattle Mariners,1,10,2023,11
718166,2023-05-15,St. Louis Cardinals,Milwaukee Brewers,18,1,2023,19
718165,2023-05-15,Texas Rangers,Atlanta Braves,0,12,2023,12
718158,2023-05-15,Houston Astros,Chicago Cubs,6,4,2023,10
718161,2023-05-15,Colorado Rockies,Cincinnati Reds,9,8,2023,17
718160,2023-05-15,Oakland Athletics,Arizona Diamondbacks,2,5,2023,7
718162,2023-05-15,San Diego Padres,Kansas City Royals,4,0,2023,4
718170,2023-05-15,San Francisco Giants,Philadelphia Phillies,6,3,2023,9
718159,2023-05-15,Los Angeles Dodgers,Minnesota Twins,9,8,2023,17
718154,2023-05-16,Baltimore Orioles,Los Angeles Angels,7,3,2023,10
718155,2023-05-16,Detroit Tigers,Pittsburgh Pirates,4,0,2023,4
718153,2023-05-16,Miami Marlins,Washington Nationals,5,4,2023,9
718157,2023-05-16,Toronto Blue Jays,New York Yankees,3,6,2023,9
718149,2023-05-16,Boston Red Sox,Seattle Mariners,9,4,2023,13
718150,2023-05-16,New York Mets,Tampa Bay Rays,5,8,2023,13
718151,2023-05-16,St. Louis Cardinals,Milwaukee Brewers,2,3,2023,5
718148,2023-05-16,Texas Rangers,Atlanta Braves,7,4,2023,11
718152,2023-05-16,Houston Astros,Chicago Cubs,7,3,2023,10
718147,2023-05-16,Chicago White Sox,Cleveland Guardians,8,3,2023,11
718145,2023-05-16,Colorado Rockies,Cincinnati Reds,1,3,2023,4
718146,2023-05-16,Oakland Athletics,Arizona Diamondbacks,9,8,2023,17
718144,2023-05-16,San Diego Padres,Kansas City Royals,4,5,2023,9
718156,2023-05-16,San Francisco Giants,Philadelphia Phillies,4,3,2023,7
718141,2023-05-16,Los Angeles Dodgers,Minnesota Twins,1,5,2023,6
718142,2023-05-17,Detroit Tigers,Pittsburgh Pirates,0,8,2023,8
718138,2023-05-17,Colorado Rockies,Cincinnati Reds,11,6,2023,17
718136,2023-05-17,Los Angeles Dodgers,Minnesota Twins,7,3,2023,10
718139,2023-05-17,Oakland Athletics,Arizona Diamondbacks,3,5,2023,8
718143,2023-05-17,San Francisco Giants,Philadelphia Phillies,7,4,2023,11
718140,2023-05-17,San Diego Padres,Kansas City Royals,3,4,2023,7
718137,2023-05-17,Baltimore Orioles,Los Angeles Angels,3,1,2023,4
718132,2023-05-17,Miami Marlins,Washington Nationals,4,3,2023,7
718134,2023-05-17,Toronto Blue Jays,New York Yankees,3,0,2023,3
718133,2023-05-17,Boston Red Sox,Seattle Mariners,12,3,2023,15
718135,2023-05-17,New York Mets,Tampa Bay Rays,8,7,2023,15
718131,2023-05-17,St. Louis Cardinals,Milwaukee Brewers,3,0,2023,3
718126,2023-05-17,Texas Rangers,Atlanta Braves,5,6,2023,11
718127,2023-05-17,Houston Astros,Chicago Cubs,7,6,2023,13
718129,2023-05-17,Chicago White Sox,Cleveland Guardians,7,2,2023,9
718128,2023-05-18,Baltimore Orioles,Los Angeles Angels,5,6,2023,11
718122,2023-05-18,New York Mets,Tampa Bay Rays,3,2,2023,5
718130,2023-05-18,Miami Marlins,Washington Nationals,5,3,2023,8
718125,2023-05-18,Chicago White Sox,Cleveland Guardians,1,3,2023,4
718121,2023-05-18,Toronto Blue Jays,New York Yankees,2,4,2023,6
718124,2023-05-18,St. Louis Cardinals,Los Angeles Dodgers,16,8,2023,24
718118,2023-05-19,Pittsburgh Pirates,Arizona Diamondbacks,13,3,2023,16
718120,2023-05-19,Cincinnati Reds,New York Yankees,2,6,2023,8
718117,2023-05-19,Tampa Bay Rays,Milwaukee Brewers,1,0,2023,1
718123,2023-05-19,Washington Nationals,Detroit Tigers,6,8,2023,14
718116,2023-05-19,Philadelphia Phillies,Chicago Cubs,1,10,2023,11
718115,2023-05-19,Toronto Blue Jays,Baltimore Orioles,2,6,2023,8
718119,2023-05-19,New York Mets,Cleveland Guardians,10,9,2023,19
718110,2023-05-19,Atlanta Braves,Seattle Mariners,6,2,2023,8
718114,2023-05-19,Texas Rangers,Colorado Rockies,7,2,2023,9
718112,2023-05-19,Houston Astros,Oakland Athletics,5,1,2023,6
718111,2023-05-19,Chicago White Sox,Kansas City Royals,2,0,2023,2
718113,2023-05-19,St. Louis Cardinals,Los Angeles Dodgers,0,5,2023,5
718106,2023-05-19,Los Angeles Angels,Minnesota Twins,5,4,2023,9
718107,2023-05-19,San Diego Padres,Boston Red Sox,1,6,2023,7
718105,2023-05-19,San Francisco Giants,Miami Marlins,4,3,2023,7
718104,2023-05-20,Chicago White Sox,Kansas City Royals,5,1,2023,6
718102,2023-05-20,Toronto Blue Jays,Baltimore Orioles,5,6,2023,11
718108,2023-05-20,Washington Nationals,Detroit Tigers,5,2,2023,7
718101,2023-05-20,Pittsburgh Pirates,Arizona Diamondbacks,3,4,2023,7
718100,2023-05-20,Texas Rangers,Colorado Rockies,11,5,2023,16
718097,2023-05-20,Philadelphia Phillies,Chicago Cubs,12,3,2023,15
718103,2023-05-20,San Francisco Giants,Miami Marlins,0,1,2023,1
718098,2023-05-20,Houston Astros,Oakland Athletics,3,2,2023,5
718095,2023-05-20,Cincinnati Reds,New York Yankees,4,7,2023,11
718093,2023-05-20,Tampa Bay Rays,Milwaukee Brewers,8,4,2023,12
718109,2023-05-20,St. Louis Cardinals,Los Angeles Dodgers,6,5,2023,11
718094,2023-05-20,Atlanta Braves,Seattle Mariners,3,7,2023,10
718096,2023-05-20,Los Angeles Angels,Minnesota Twins,2,6,2023,8
718092,2023-05-20,San Diego Padres,Boston Red Sox,2,4,2023,6
718085,2023-05-21,Cincinnati Reds,New York Yankees,1,4,2023,5
718089,2023-05-21,Washington Nationals,Detroit Tigers,6,4,2023,10
718091,2023-05-21,Pittsburgh Pirates,Arizona Diamondbacks,3,8,2023,11
718088,2023-05-21,Philadelphia Phillies,Chicago Cubs,2,1,2023,3
718090,2023-05-21,Atlanta Braves,Seattle Mariners,3,2,2023,5
718087,2023-05-21,Toronto Blue Jays,Baltimore Orioles,3,8,2023,11
718099,2023-05-21,New York Mets,Cleveland Guardians,5,4,2023,9
718082,2023-05-21,New York Mets,Cleveland Guardians,2,1,2023,3
718081,2023-05-21,Tampa Bay Rays,Milwaukee Brewers,4,6,2023,10
718086,2023-05-21,Houston Astros,Oakland Athletics,2,0,2023,2
718084,2023-05-21,Chicago White Sox,Kansas City Royals,5,2,2023,7
718083,2023-05-21,St. Louis Cardinals,Los Angeles Dodgers,10,5,2023,15
718076,2023-05-21,Texas Rangers,Colorado Rockies,13,3,2023,16
718078,2023-05-21,San Francisco Giants,Miami Marlins,7,5,2023,12
718080,2023-05-21,Los Angeles Angels,Minnesota Twins,4,2,2023,6
718079,2023-05-21,San Diego Padres,Boston Red Sox,7,0,2023,7
718072,2023-05-22,Cleveland Guardians,Chicago White Sox,3,0,2023,3
718075,2023-05-22,Pittsburgh Pirates,Texas Rangers,6,4,2023,10
718071,2023-05-22,Cincinnati Reds,St. Louis Cardinals,6,5,2023,11
718077,2023-05-22,Tampa Bay Rays,Toronto Blue Jays,6,4,2023,10
718073,2023-05-22,Philadelphia Phillies,Arizona Diamondbacks,3,6,2023,9
718074,2023-05-22,Atlanta Braves,Los Angeles Dodgers,6,8,2023,14
718066,2023-05-22,Kansas City Royals,Detroit Tigers,5,8,2023,13
718067,2023-05-22,Minnesota Twins,San Francisco Giants,1,4,2023,5
718068,2023-05-22,Milwaukee Brewers,Houston Astros,2,12,2023,14
718069,2023-05-22,Colorado Rockies,Miami Marlins,5,3,2023,8
718070,2023-05-22,Los Angeles Angels,Boston Red Sox,2,1,2023,3
718062,2023-05-22,Seattle Mariners,Oakland Athletics,11,2,2023,13
718063,2023-05-23,Cleveland Guardians,Chicago White Sox,2,4,2023,6
718065,2023-05-23,Pittsburgh Pirates,Texas Rangers,1,6,2023,7
718059,2023-05-23,Cincinnati Reds,St. Louis Cardinals,5,8,2023,13
718061,2023-05-23,Tampa Bay Rays,Toronto Blue Jays,1,20,2023,21
718060,2023-05-23,Philadelphia Phillies,Arizona Diamondbacks,3,4,2023,7
718064,2023-05-23,Washington Nationals,San Diego Padres,4,7,2023,11
718058,2023-05-23,New York Yankees,Baltimore Orioles,6,5,2023,11
718057,2023-05-23,Atlanta Braves,Los Angeles Dodgers,1,8,2023,9
718049,2023-05-23,Kansas City Royals,Detroit Tigers,4,1,2023,5
718055,2023-05-23,Chicago Cubs,New York Mets,7,2,2023,9
718054,2023-05-23,Minnesota Twins,San Francisco Giants,3,4,2023,7
718056,2023-05-23,Milwaukee Brewers,Houston Astros,6,0,2023,6
718051,2023-05-23,Colorado Rockies,Miami Marlins,5,4,2023,9
718053,2023-05-23,Los Angeles Angels,Boston Red Sox,4,0,2023,4
718050,2023-05-23,Seattle Mariners,Oakland Athletics,3,2,2023,5
718045,2023-05-24,Pittsburgh Pirates,Texas Rangers,2,3,2023,5
718043,2023-05-24,Philadelphia Phillies,Arizona Diamondbacks,6,5,2023,11
718047,2023-05-24,Minnesota Twins,San Francisco Giants,7,1,2023,8
718048,2023-05-24,Cleveland Guardians,Chicago White Sox,0,6,2023,6
718046,2023-05-24,Milwaukee Brewers,Houston Astros,4,0,2023,4
718041,2023-05-24,Cincinnati Reds,St. Louis Cardinals,10,3,2023,13
718044,2023-05-24,Tampa Bay Rays,Toronto Blue Jays,7,3,2023,10
718052,2023-05-24,Washington Nationals,San Diego Padres,5,3,2023,8
718040,2023-05-24,New York Yankees,Baltimore Orioles,6,9,2023,15
718042,2023-05-24,Atlanta Braves,Los Angeles Dodgers,4,3,2023,7
718039,2023-05-24,Kansas City Royals,Detroit Tigers,4,6,2023,10
718038,2023-05-24,Chicago Cubs,New York Mets,4,2,2023,6
718036,2023-05-24,Colorado Rockies,Miami Marlins,2,10,2023,12
718034,2023-05-24,Los Angeles Angels,Boston Red Sox,7,3,2023,10
718037,2023-05-24,Seattle Mariners,Oakland Athletics,6,1,2023,7
718030,2023-05-25,Cincinnati Reds,St. Louis Cardinals,1,2,2023,3
718032,2023-05-25,Tampa Bay Rays,Toronto Blue Jays,6,3,2023,9
718033,2023-05-25,Colorado Rockies,Miami Marlins,7,6,2023,13
718035,2023-05-25,Washington Nationals,San Diego Padres,6,8,2023,14
718031,2023-05-25,Detroit Tigers,Chicago White Sox,7,2,2023,9
718029,2023-05-25,New York Yankees,Baltimore Orioles,1,3,2023,4
718026,2023-05-25,Atlanta Braves,Philadelphia Phillies,8,5,2023,13
718024,2023-05-25,Chicago Cubs,New York Mets,1,10,2023,11
718028,2023-05-25,Milwaukee Brewers,San Francisco Giants,0,5,2023,5
718025,2023-05-25,Seattle Mariners,Oakland Athletics,3,2,2023,5
718027,2023-05-26,Chicago Cubs,Cincinnati Reds,0,9,2023,9
718018,2023-05-26,Tampa Bay Rays,Los Angeles Dodgers,9,3,2023,12
718021,2023-05-26,Detroit Tigers,Chicago White Sox,3,12,2023,15
718020,2023-05-26,Baltimore Orioles,Texas Rangers,2,12,2023,14
718023,2023-05-26,New York Yankees,San Diego Padres,1,5,2023,6
718022,2023-05-26,Cleveland Guardians,St. Louis Cardinals,4,3,2023,7
718019,2023-05-26,Atlanta Braves,Philadelphia Phillies,4,6,2023,10
718014,2023-05-26,Kansas City Royals,Washington Nationals,10,12,2023,22
718013,2023-05-26,Minnesota Twins,Toronto Blue Jays,1,3,2023,4
718017,2023-05-26,Milwaukee Brewers,San Francisco Giants,1,15,2023,16
718016,2023-05-26,Colorado Rockies,New York Mets,2,5,2023,7
718015,2023-05-26,Los Angeles Angels,Miami Marlins,2,6,2023,8
718010,2023-05-26,Arizona Diamondbacks,Boston Red Sox,2,7,2023,9
718009,2023-05-26,Oakland Athletics,Houston Astros,2,5,2023,7
718012,2023-05-26,Seattle Mariners,Pittsburgh Pirates,6,11,2023,17
718006,2023-05-27,New York Yankees,San Diego Padres,3,2,2023,5
718005,2023-05-27,Detroit Tigers,Chicago White Sox,7,3,2023,10
718008,2023-05-27,Minnesota Twins,Toronto Blue Jays,9,7,2023,16
718001,2023-05-27,Baltimore Orioles,Texas Rangers,3,5,2023,8
718003,2023-05-27,Oakland Athletics,Houston Astros,3,6,2023,9
718000,2023-05-27,Kansas City Royals,Washington Nationals,2,4,2023,6
718004,2023-05-27,Seattle Mariners,Pittsburgh Pirates,5,0,2023,5
718002,2023-05-27,Tampa Bay Rays,Los Angeles Dodgers,5,6,2023,11
717997,2023-05-27,Atlanta Braves,Philadelphia Phillies,1,2,2023,3
717999,2023-05-27,Milwaukee Brewers,San Francisco Giants,1,3,2023,4
717991,2023-05-27,Arizona Diamondbacks,Boston Red Sox,1,2,2023,3
718007,2023-05-27,Chicago Cubs,Cincinnati Reds,5,8,2023,13
717996,2023-05-27,Cleveland Guardians,St. Louis Cardinals,1,2,2023,3
718011,2023-05-27,Colorado Rockies,New York Mets,10,7,2023,17
717998,2023-05-27,Los Angeles Angels,Miami Marlins,5,8,2023,13
717994,2023-05-28,Tampa Bay Rays,Los Angeles Dodgers,11,10,2023,21
717990,2023-05-28,Baltimore Orioles,Texas Rangers,3,2,2023,5
717995,2023-05-28,New York Yankees,San Diego Padres,10,7,2023,17
717993,2023-05-28,Cleveland Guardians,St. Louis Cardinals,4,3,2023,7
717989,2023-05-28,Detroit Tigers,Chicago White Sox,6,5,2023,11
717985,2023-05-28,Kansas City Royals,Washington Nationals,3,2,2023,5
717988,2023-05-28,Minnesota Twins,Toronto Blue Jays,0,3,2023,3
717986,2023-05-28,Milwaukee Brewers,San Francisco Giants,7,5,2023,12
717987,2023-05-28,Chicago Cubs,Cincinnati Reds,5,8,2023,13
717982,2023-05-28,Colorado Rockies,New York Mets,11,10,2023,21
717980,2023-05-28,Oakland Athletics,Houston Astros,1,10,2023,11
717984,2023-05-28,Los Angeles Angels,Miami Marlins,0,2,2023,2
717981,2023-05-28,Arizona Diamondbacks,Boston Red Sox,4,2,2023,6
717983,2023-05-28,Seattle Mariners,Pittsburgh Pirates,6,3,2023,9
717992,2023-05-28,Atlanta Braves,Philadelphia Phillies,11,4,2023,15
717974,2023-05-29,Baltimore Orioles,Cleveland Guardians,0,5,2023,5
717979,2023-05-29,Detroit Tigers,Texas Rangers,0,5,2023,5
717975,2023-05-29,St. Louis Cardinals,Kansas City Royals,0,7,2023,7
717976,2023-05-29,Chicago Cubs,Tampa Bay Rays,1,0,2023,1
717977,2023-05-29,Arizona Diamondbacks,Colorado Rockies,7,5,2023,12
717968,2023-05-29,Houston Astros,Minnesota Twins,5,7,2023,12
717978,2023-05-29,San Francisco Giants,Pittsburgh Pirates,14,4,2023,18
717970,2023-05-29,Oakland Athletics,Atlanta Braves,7,2,2023,9
717971,2023-05-29,Chicago White Sox,Los Angeles Angels,4,6,2023,10
717973,2023-05-29,Los Angeles Dodgers,Washington Nationals,6,1,2023,7
717969,2023-05-29,Seattle Mariners,New York Yankees,4,10,2023,14
717964,2023-05-30,Detroit Tigers,Texas Rangers,6,10,2023,16
717963,2023-05-30,Miami Marlins,San Diego Padres,4,9,2023,13
717967,2023-05-30,Baltimore Orioles,Cleveland Guardians,8,5,2023,13
717965,2023-05-30,Toronto Blue Jays,Milwaukee Brewers,7,2,2023,9
717966,2023-05-30,Boston Red Sox,Cincinnati Reds,8,9,2023,17
717962,2023-05-30,New York Mets,Philadelphia Phillies,2,0,2023,2
717960,2023-05-30,St. Louis Cardinals,Kansas City Royals,2,1,2023,3
717961,2023-05-30,Chicago Cubs,Tampa Bay Rays,2,1,2023,3
717956,2023-05-30,Houston Astros,Minnesota Twins,5,1,2023,6
717959,2023-05-30,Chicago White Sox,Los Angeles Angels,7,3,2023,10
717955,2023-05-30,Arizona Diamondbacks,Colorado Rockies,5,1,2023,6
717958,2023-05-30,Oakland Athletics,Atlanta Braves,2,1,2023,3
717952,2023-05-30,Seattle Mariners,New York Yankees,2,10,2023,12
717972,2023-05-30,San Francisco Giants,Pittsburgh Pirates,1,2,2023,3
717957,2023-05-30,Los Angeles Dodgers,Washington Nationals,9,3,2023,12
717951,2023-05-31,Detroit Tigers,Texas Rangers,3,2,2023,5
717943,2023-05-31,Chicago White Sox,Los Angeles Angels,5,12,2023,17
717950,2023-05-31,Chicago Cubs,Tampa Bay Rays,3,4,2023,7
717946,2023-05-31,Baltimore Orioles,Cleveland Guardians,8,12,2023,20
717949,2023-05-31,Oakland Athletics,Atlanta Braves,2,4,2023,6
717953,2023-05-31,San Francisco Giants,Pittsburgh Pirates,4,9,2023,13
717954,2023-05-31,Los Angeles Dodgers,Washington Nationals,6,10,2023,16
717945,2023-05-31,Miami Marlins,San Diego Padres,2,1,2023,3
717947,2023-05-31,Toronto Blue Jays,Milwaukee Brewers,2,4,2023,6
717948,2023-05-31,Boston Red Sox,Cincinnati Reds,4,5,2023,9
717944,2023-05-31,New York Mets,Philadelphia Phillies,4,1,2023,5
717938,2023-05-31,Houston Astros,Minnesota Twins,2,8,2023,10
717940,2023-05-31,Arizona Diamondbacks,Colorado Rockies,6,0,2023,6
717939,2023-05-31,Seattle Mariners,New York Yankees,1,0,2023,1
717942,2023-06-01,Toronto Blue Jays,Milwaukee Brewers,3,1,2023,4
717934,2023-06-01,New York Mets,Philadelphia Phillies,4,2,2023,6
717941,2023-06-01,Miami Marlins,San Diego Padres,1,10,2023,11
717933,2023-06-01,Arizona Diamondbacks,Colorado Rockies,5,4,2023,9
717932,2023-06-01,Boston Red Sox,Cincinnati Reds,8,2,2023,10
717937,2023-06-01,Minnesota Twins,Cleveland Guardians,7,6,2023,13
717936,2023-06-01,Houston Astros,Los Angeles Angels,5,2,2023,7
717931,2023-06-02,Cincinnati Reds,Milwaukee Brewers,4,5,2023,9
717927,2023-06-02,Miami Marlins,Oakland Athletics,4,0,2023,4
717930,2023-06-02,Pittsburgh Pirates,St. Louis Cardinals,7,5,2023,12
717935,2023-06-02,Washington Nationals,Philadelphia Phillies,8,7,2023,15
717929,2023-06-02,New York Mets,Toronto Blue Jays,0,3,2023,3
717922,2023-06-02,Texas Rangers,Seattle Mariners,2,0,2023,2
717926,2023-06-02,Houston Astros,Los Angeles Angels,6,2,2023,8
717923,2023-06-02,Kansas City Royals,Colorado Rockies,2,7,2023,9
717924,2023-06-02,Minnesota Twins,Cleveland Guardians,1,0,2023,1
717925,2023-06-02,Chicago White Sox,Detroit Tigers,3,0,2023,3
717921,2023-06-02,San Diego Padres,Chicago Cubs,1,2,2023,3
717919,2023-06-02,Arizona Diamondbacks,Atlanta Braves,3,2,2023,5
717917,2023-06-02,Los Angeles Dodgers,New York Yankees,8,4,2023,12
717920,2023-06-02,San Francisco Giants,Baltimore Orioles,2,3,2023,5
717918,2023-06-03,Boston Red Sox,Tampa Bay Rays,8,5,2023,13
717885,2023-06-03,Boston Red Sox,Tampa Bay Rays,2,4,2023,6
717915,2023-06-03,Chicago White Sox,Detroit Tigers,2,1,2023,3
717907,2023-06-03,Pittsburgh Pirates,St. Louis Cardinals,4,3,2023,7
717912,2023-06-03,Texas Rangers,Seattle Mariners,16,6,2023,22
717914,2023-06-03,Washington Nationals,Philadelphia Phillies,2,4,2023,6
717908,2023-06-03,Houston Astros,Los Angeles Angels,9,6,2023,15
717909,2023-06-03,Kansas City Royals,Colorado Rockies,4,6,2023,10
717910,2023-06-03,New York Mets,Toronto Blue Jays,1,2,2023,3
717911,2023-06-03,Miami Marlins,Oakland Athletics,12,1,2023,13
717906,2023-06-03,Cincinnati Reds,Milwaukee Brewers,8,10,2023,18
717913,2023-06-03,Minnesota Twins,Cleveland Guardians,2,4,2023,6
717905,2023-06-03,Los Angeles Dodgers,New York Yankees,3,6,2023,9
717916,2023-06-03,San Francisco Giants,Baltimore Orioles,4,0,2023,4
717903,2023-06-03,San Diego Padres,Chicago Cubs,6,0,2023,6
717901,2023-06-03,Arizona Diamondbacks,Atlanta Braves,2,5,2023,7
717898,2023-06-04,Pittsburgh Pirates,St. Louis Cardinals,2,1,2023,3
717904,2023-06-04,Boston Red Sox,Tampa Bay Rays,2,6,2023,8
717902,2023-06-04,Washington Nationals,Philadelphia Phillies,3,11,2023,14
717900,2023-06-04,New York Mets,Toronto Blue Jays,4,6,2023,10
717896,2023-06-04,Miami Marlins,Oakland Athletics,7,5,2023,12
717897,2023-06-04,Cincinnati Reds,Milwaukee Brewers,1,5,2023,6
717899,2023-06-04,Houston Astros,Los Angeles Angels,1,2,2023,3
717893,2023-06-04,Kansas City Royals,Colorado Rockies,2,0,2023,2
717895,2023-06-04,Minnesota Twins,Cleveland Guardians,1,2,2023,3
717891,2023-06-04,Chicago White Sox,Detroit Tigers,6,2,2023,8
717894,2023-06-04,Texas Rangers,Seattle Mariners,12,3,2023,15
717890,2023-06-04,San Francisco Giants,Baltimore Orioles,3,8,2023,11
717892,2023-06-04,Arizona Diamondbacks,Atlanta Braves,5,8,2023,13
717889,2023-06-04,San Diego Padres,Chicago Cubs,1,7,2023,8
717888,2023-06-04,Los Angeles Dodgers,New York Yankees,1,4,2023,5
717928,2023-06-05,Boston Red Sox,Tampa Bay Rays,1,4,2023,5
717886,2023-06-05,Philadelphia Phillies,Detroit Tigers,8,3,2023,11
717887,2023-06-05,Miami Marlins,Kansas City Royals,9,6,2023,15
717884,2023-06-05,Pittsburgh Pirates,Oakland Athletics,5,4,2023,9
717878,2023-06-05,Toronto Blue Jays,Houston Astros,4,11,2023,15
717883,2023-06-05,Cincinnati Reds,Milwaukee Brewers,2,0,2023,2
717879,2023-06-05,Texas Rangers,St. Louis Cardinals,4,3,2023,7
717880,2023-06-05,San Diego Padres,Chicago Cubs,5,0,2023,5
717882,2023-06-06,Tampa Bay Rays,Minnesota Twins,7,0,2023,7
717875,2023-06-06,Philadelphia Phillies,Detroit Tigers,1,0,2023,1
717876,2023-06-06,Miami Marlins,Kansas City Royals,6,1,2023,7
717881,2023-06-06,Washington Nationals,Arizona Diamondbacks,5,10,2023,15
717874,2023-06-06,Pittsburgh Pirates,Oakland Athletics,2,11,2023,13
717877,2023-06-06,New York Yankees,Chicago White Sox,2,3,2023,5
717871,2023-06-06,Toronto Blue Jays,Houston Astros,5,1,2023,6
717873,2023-06-06,Cleveland Guardians,Boston Red Sox,4,5,2023,9
717870,2023-06-06,Cincinnati Reds,Los Angeles Dodgers,9,8,2023,17
717872,2023-06-06,Atlanta Braves,New York Mets,6,4,2023,10
717867,2023-06-06,Milwaukee Brewers,Baltimore Orioles,4,3,2023,7
717868,2023-06-06,Texas Rangers,St. Louis Cardinals,6,4,2023,10
717869,2023-06-06,Colorado Rockies,San Francisco Giants,4,10,2023,14
717861,2023-06-06,Los Angeles Angels,Chicago Cubs,7,4,2023,11
717864,2023-06-06,San Diego Padres,Seattle Mariners,1,4,2023,5
717865,2023-06-07,Pittsburgh Pirates,Oakland Athletics,5,9,2023,14
717863,2023-06-07,San Diego Padres,Seattle Mariners,10,3,2023,13
717860,2023-06-07,Miami Marlins,Kansas City Royals,6,1,2023,7
717859,2023-06-07,Tampa Bay Rays,Minnesota Twins,2,1,2023,3
717866,2023-06-07,Washington Nationals,Arizona Diamondbacks,2,6,2023,8
717856,2023-06-07,Toronto Blue Jays,Houston Astros,3,2,2023,5
717858,2023-06-07,Cleveland Guardians,Boston Red Sox,5,2,2023,7
717853,2023-06-07,Cincinnati Reds,Los Angeles Dodgers,8,6,2023,14
717850,2023-06-07,Atlanta Braves,New York Mets,7,5,2023,12
717851,2023-06-07,Milwaukee Brewers,Baltimore Orioles,10,2,2023,12
717854,2023-06-07,Texas Rangers,St. Louis Cardinals,0,1,2023,1
717852,2023-06-07,Colorado Rockies,San Francisco Giants,4,5,2023,9
717855,2023-06-07,Los Angeles Angels,Chicago Cubs,6,2,2023,8
717844,2023-06-08,Cincinnati Reds,Los Angeles Dodgers,0,6,2023,6
717845,2023-06-08,Tampa Bay Rays,Minnesota Twins,4,2,2023,6
717849,2023-06-08,Milwaukee Brewers,Baltimore Orioles,3,6,2023,9
717846,2023-06-08,Colorado Rockies,San Francisco Giants,4,6,2023,10
717848,2023-06-08,New York Yankees,Chicago White Sox,5,6,2023,11
717857,2023-06-08,New York Yankees,Chicago White Sox,3,0,2023,3
717862,2023-06-08,Philadelphia Phillies,Detroit Tigers,3,2,2023,5
717843,2023-06-08,Toronto Blue Jays,Houston Astros,3,2,2023,5
717842,2023-06-08,Cleveland Guardians,Boston Red Sox,10,3,2023,13
717840,2023-06-08,Atlanta Braves,New York Mets,13,10,2023,23
717838,2023-06-08,Los Angeles Angels,Chicago Cubs,3,1,2023,4
717834,2023-06-09,Detroit Tigers,Arizona Diamondbacks,6,11,2023,17
717827,2023-06-09,Tampa Bay Rays,Texas Rangers,8,3,2023,11
717839,2023-06-09,Baltimore Orioles,Kansas City Royals,3,2,2023,5
717836,2023-06-09,Pittsburgh Pirates,New York Mets,14,7,2023,21
717837,2023-06-09,Philadelphia Phillies,Los Angeles Dodgers,5,4,2023,9
717841,2023-06-09,New York Yankees,Boston Red Sox,2,3,2023,5
717835,2023-06-09,Toronto Blue Jays,Minnesota Twins,2,3,2023,5
717833,2023-06-09,Cleveland Guardians,Houston Astros,10,9,2023,19
717829,2023-06-09,Atlanta Braves,Washington Nationals,3,2,2023,5
717828,2023-06-09,Chicago White Sox,Miami Marlins,2,1,2023,3
717831,2023-06-09,Milwaukee Brewers,Oakland Athletics,2,5,2023,7
717832,2023-06-09,St. Louis Cardinals,Cincinnati Reds,7,4,2023,11
717830,2023-06-09,Colorado Rockies,San Diego Padres,6,9,2023,15
717824,2023-06-09,Los Angeles Angels,Seattle Mariners,5,4,2023,9
717823,2023-06-09,San Francisco Giants,Chicago Cubs,2,3,2023,5
717821,2023-06-10,Detroit Tigers,Arizona Diamondbacks,0,5,2023,5
717820,2023-06-10,Chicago White Sox,Miami Marlins,1,5,2023,6
717817,2023-06-10,St. Louis Cardinals,Cincinnati Reds,4,8,2023,12
717822,2023-06-10,Toronto Blue Jays,Minnesota Twins,4,9,2023,13
717819,2023-06-10,Colorado Rockies,San Diego Padres,2,3,2023,5
717818,2023-06-10,Baltimore Orioles,Kansas City Royals,6,1,2023,7
717812,2023-06-10,Pittsburgh Pirates,New York Mets,1,5,2023,6
717811,2023-06-10,Philadelphia Phillies,Los Angeles Dodgers,0,9,2023,9
717813,2023-06-10,Tampa Bay Rays,Texas Rangers,4,8,2023,12
717816,2023-06-10,Atlanta Braves,Washington Nationals,6,4,2023,10
717814,2023-06-10,Milwaukee Brewers,Oakland Athletics,1,2,2023,3
717815,2023-06-10,Cleveland Guardians,Houston Astros,4,6,2023,10
717826,2023-06-10,San Francisco Giants,Chicago Cubs,0,4,2023,4
717825,2023-06-10,New York Yankees,Boston Red Sox,3,1,2023,4
717809,2023-06-10,Los Angeles Angels,Seattle Mariners,2,6,2023,8
717804,2023-06-11,Detroit Tigers,Arizona Diamondbacks,5,7,2023,12
717802,2023-06-11,Cleveland Guardians,Houston Astros,5,0,2023,5
717808,2023-06-11,Baltimore Orioles,Kansas City Royals,11,3,2023,14
717803,2023-06-11,Pittsburgh Pirates,New York Mets,2,1,2023,3
717806,2023-06-11,Philadelphia Phillies,Los Angeles Dodgers,7,3,2023,10
717807,2023-06-11,Atlanta Braves,Washington Nationals,2,6,2023,8
717805,2023-06-11,Toronto Blue Jays,Minnesota Twins,7,6,2023,13
717801,2023-06-11,Tampa Bay Rays,Texas Rangers,7,3,2023,10
717795,2023-06-11,Chicago White Sox,Miami Marlins,5,6,2023,11
717800,2023-06-11,Milwaukee Brewers,Oakland Athletics,6,8,2023,14
717797,2023-06-11,St. Louis Cardinals,Cincinnati Reds,3,4,2023,7
717798,2023-06-11,Colorado Rockies,San Diego Padres,5,4,2023,9
717796,2023-06-11,San Francisco Giants,Chicago Cubs,13,3,2023,16
717799,2023-06-11,Los Angeles Angels,Seattle Mariners,9,4,2023,13
717810,2023-06-11,New York Yankees,Boston Red Sox,2,3,2023,5
717790,2023-06-12,Detroit Tigers,Atlanta Braves,6,5,2023,11
717794,2023-06-12,Boston Red Sox,Colorado Rockies,3,4,2023,7
717791,2023-06-12,St. Louis Cardinals,San Francisco Giants,3,4,2023,7
717792,2023-06-12,Texas Rangers,Los Angeles Angels,6,9,2023,15
717793,2023-06-12,Kansas City Royals,Cincinnati Reds,4,5,2023,9
717789,2023-06-12,Oakland Athletics,Tampa Bay Rays,4,3,2023,7
717785,2023-06-12,Arizona Diamondbacks,Philadelphia Phillies,9,8,2023,17
717786,2023-06-12,Seattle Mariners,Miami Marlins,8,1,2023,9
717787,2023-06-13,Baltimore Orioles,Toronto Blue Jays,11,6,2023,17
717788,2023-06-13,Boston Red Sox,Colorado Rockies,6,7,2023,13
717779,2023-06-13,New York Mets,New York Yankees,6,7,2023,13
717783,2023-06-13,Minnesota Twins,Milwaukee Brewers,7,5,2023,12
717781,2023-06-13,St. Louis Cardinals,San Francisco Giants,3,11,2023,14
717782,2023-06-13,Chicago Cubs,Pittsburgh Pirates,11,3,2023,14
717780,2023-06-13,Texas Rangers,Los Angeles Angels,3,7,2023,10
717777,2023-06-13,Kansas City Royals,Cincinnati Reds,4,5,2023,9
717778,2023-06-13,Houston Astros,Washington Nationals,6,1,2023,7
717772,2023-06-13,San Diego Padres,Cleveland Guardians,6,3,2023,9
717774,2023-06-13,Oakland Athletics,Tampa Bay Rays,2,1,2023,3
717775,2023-06-13,Arizona Diamondbacks,Philadelphia Phillies,3,15,2023,18
717773,2023-06-13,Seattle Mariners,Miami Marlins,9,3,2023,12
717776,2023-06-13,Los Angeles Dodgers,Chicago White Sox,5,1,2023,6
717770,2023-06-14,Detroit Tigers,Atlanta Braves,7,10,2023,17
717784,2023-06-14,Detroit Tigers,Atlanta Braves,5,6,2023,11
717771,2023-06-14,Minnesota Twins,Milwaukee Brewers,4,2,2023,6
717767,2023-06-14,St. Louis Cardinals,San Francisco Giants,5,8,2023,13
717769,2023-06-14,Baltimore Orioles,Toronto Blue Jays,1,3,2023,4
717768,2023-06-14,Boston Red Sox,Colorado Rockies,6,3,2023,9
717766,2023-06-14,New York Mets,New York Yankees,4,3,2023,7
717763,2023-06-14,Chicago Cubs,Pittsburgh Pirates,10,6,2023,16
717765,2023-06-14,Texas Rangers,Los Angeles Angels,6,3,2023,9
717764,2023-06-14,Kansas City Royals,Cincinnati Reds,4,7,2023,11
717762,2023-06-14,Houston Astros,Washington Nationals,5,4,2023,9
717758,2023-06-14,San Diego Padres,Cleveland Guardians,5,0,2023,5
717761,2023-06-14,Oakland Athletics,Tampa Bay Rays,3,6,2023,9
717757,2023-06-14,Arizona Diamondbacks,Philadelphia Phillies,3,4,2023,7
717759,2023-06-14,Seattle Mariners,Miami Marlins,1,4,2023,5
717760,2023-06-14,Los Angeles Dodgers,Chicago White Sox,4,8,2023,12
717753,2023-06-15,Baltimore Orioles,Toronto Blue Jays,4,2,2023,6
717756,2023-06-15,Oakland Athletics,Tampa Bay Rays,3,4,2023,7
717755,2023-06-15,Arizona Diamondbacks,Philadelphia Phillies,4,5,2023,9
717752,2023-06-15,Minnesota Twins,Detroit Tigers,4,8,2023,12
717754,2023-06-15,Atlanta Braves,Colorado Rockies,8,3,2023,11
717747,2023-06-15,Chicago Cubs,Pittsburgh Pirates,7,2,2023,9
717751,2023-06-15,Texas Rangers,Los Angeles Angels,3,5,2023,8
717746,2023-06-15,Houston Astros,Washington Nationals,1,4,2023,5
717750,2023-06-15,San Diego Padres,Cleveland Guardians,6,8,2023,14
717748,2023-06-15,Los Angeles Dodgers,Chicago White Sox,5,4,2023,9
717744,2023-06-16,Chicago Cubs,Baltimore Orioles,10,3,2023,13
717749,2023-06-16,Washington Nationals,Miami Marlins,5,6,2023,11
717743,2023-06-16,New York Mets,St. Louis Cardinals,6,1,2023,7
717742,2023-06-16,Boston Red Sox,New York Yankees,15,5,2023,20
717745,2023-06-16,Atlanta Braves,Colorado Rockies,8,1,2023,9
717741,2023-06-16,Texas Rangers,Toronto Blue Jays,1,2,2023,3
717737,2023-06-16,Houston Astros,Cincinnati Reds,1,2,2023,3
717736,2023-06-16,Kansas City Royals,Los Angeles Angels,0,3,2023,3
717738,2023-06-16,Minnesota Twins,Detroit Tigers,1,7,2023,8
717740,2023-06-16,Milwaukee Brewers,Pittsburgh Pirates,5,4,2023,9
717739,2023-06-16,Arizona Diamondbacks,Cleveland Guardians,5,1,2023,6
717732,2023-06-16,San Diego Padres,Tampa Bay Rays,2,6,2023,8
717735,2023-06-16,Oakland Athletics,Philadelphia Phillies,1,6,2023,7
717731,2023-06-16,Los Angeles Dodgers,San Francisco Giants,5,7,2023,12
717733,2023-06-16,Seattle Mariners,Chicago White Sox,3,2,2023,5
717728,2023-06-17,Minnesota Twins,Detroit Tigers,2,0,2023,2
717729,2023-06-17,Chicago Cubs,Baltimore Orioles,3,2,2023,5
717723,2023-06-17,Texas Rangers,Toronto Blue Jays,4,2,2023,6
717734,2023-06-17,Washington Nationals,Miami Marlins,2,5,2023,7
717725,2023-06-17,Oakland Athletics,Philadelphia Phillies,2,3,2023,5
717727,2023-06-17,Houston Astros,Cincinnati Reds,3,10,2023,13
717726,2023-06-17,Kansas City Royals,Los Angeles Angels,10,9,2023,19
717718,2023-06-17,New York Mets,St. Louis Cardinals,3,5,2023,8
717724,2023-06-17,Atlanta Braves,Colorado Rockies,10,2,2023,12
717722,2023-06-17,Seattle Mariners,Chicago White Sox,3,4,2023,7
717720,2023-06-17,Milwaukee Brewers,Pittsburgh Pirates,5,0,2023,5
717717,2023-06-17,San Diego Padres,Tampa Bay Rays,2,0,2023,2
717721,2023-06-17,Los Angeles Dodgers,San Francisco Giants,0,15,2023,15
717719,2023-06-17,Arizona Diamondbacks,Cleveland Guardians,6,3,2023,9
717708,2023-06-18,Chicago Cubs,Baltimore Orioles,3,6,2023,9
717716,2023-06-18,Atlanta Braves,Colorado Rockies,14,6,2023,20
717714,2023-06-18,Washington Nationals,Miami Marlins,2,4,2023,6
717730,2023-06-18,Boston Red Sox,New York Yankees,6,2,2023,8
717715,2023-06-18,Boston Red Sox,New York Yankees,4,1,2023,5
717713,2023-06-18,New York Mets,St. Louis Cardinals,7,8,2023,15
717707,2023-06-18,Houston Astros,Cincinnati Reds,7,9,2023,16
717712,2023-06-18,Kansas City Royals,Los Angeles Angels,2,5,2023,7
717711,2023-06-18,Minnesota Twins,Detroit Tigers,4,6,2023,10
717710,2023-06-18,Milwaukee Brewers,Pittsburgh Pirates,5,2,2023,7
717709,2023-06-18,Texas Rangers,Toronto Blue Jays,11,7,2023,18
717705,2023-06-18,Oakland Athletics,Philadelphia Phillies,2,3,2023,5
717706,2023-06-18,Arizona Diamondbacks,Cleveland Guardians,3,12,2023,15
717702,2023-06-18,Los Angeles Dodgers,San Francisco Giants,3,7,2023,10
717703,2023-06-18,San Diego Padres,Tampa Bay Rays,5,4,2023,9
717704,2023-06-18,Seattle Mariners,Chicago White Sox,5,1,2023,6
717699,2023-06-19,Washington Nationals,St. Louis Cardinals,6,8,2023,14
717692,2023-06-19,Detroit Tigers,Kansas City Royals,6,4,2023,10
717700,2023-06-19,Miami Marlins,Toronto Blue Jays,11,0,2023,11
717698,2023-06-19,Pittsburgh Pirates,Chicago Cubs,0,8,2023,8
717701,2023-06-19,Cincinnati Reds,Colorado Rockies,5,4,2023,9
717693,2023-06-19,Minnesota Twins,Boston Red Sox,3,9,2023,12
717694,2023-06-19,Houston Astros,New York Mets,1,11,2023,12
717695,2023-06-19,Chicago White Sox,Texas Rangers,2,5,2023,7
717696,2023-06-19,Milwaukee Brewers,Arizona Diamondbacks,1,9,2023,10
717697,2023-06-19,San Francisco Giants,San Diego Padres,7,4,2023,11
717681,2023-06-20,Detroit Tigers,Kansas City Royals,0,1,2023,1
717687,2023-06-20,Tampa Bay Rays,Baltimore Orioles,6,8,2023,14
717689,2023-06-20,Philadelphia Phillies,Atlanta Braves,2,4,2023,6
717690,2023-06-20,Miami Marlins,Toronto Blue Jays,0,2,2023,2
717686,2023-06-20,Pittsburgh Pirates,Chicago Cubs,0,4,2023,4
717691,2023-06-20,Washington Nationals,St. Louis Cardinals,3,9,2023,12
717684,2023-06-20,New York Yankees,Seattle Mariners,3,1,2023,4
717685,2023-06-20,Cincinnati Reds,Colorado Rockies,8,6,2023,14
717679,2023-06-20,Cleveland Guardians,Oakland Athletics,3,2,2023,5
717683,2023-06-20,Minnesota Twins,Boston Red Sox,4,10,2023,14
717682,2023-06-20,Houston Astros,New York Mets,4,2,2023,6
717675,2023-06-20,Chicago White Sox,Texas Rangers,7,6,2023,13
717680,2023-06-20,Milwaukee Brewers,Arizona Diamondbacks,7,5,2023,12
717688,2023-06-20,San Francisco Giants,San Diego Padres,4,3,2023,7
717678,2023-06-20,Los Angeles Angels,Los Angeles Dodgers,0,2,2023,2
717677,2023-06-21,Tampa Bay Rays,Baltimore Orioles,7,2,2023,9
717676,2023-06-21,Miami Marlins,Toronto Blue Jays,3,6,2023,9
717669,2023-06-21,Cincinnati Reds,Colorado Rockies,5,3,2023,8
717671,2023-06-21,Pittsburgh Pirates,Chicago Cubs,3,8,2023,11
717668,2023-06-21,Detroit Tigers,Kansas City Royals,9,4,2023,13
717670,2023-06-21,Houston Astros,New York Mets,10,8,2023,18
717672,2023-06-21,Milwaukee Brewers,Arizona Diamondbacks,1,5,2023,6
717673,2023-06-21,Washington Nationals,St. Louis Cardinals,3,0,2023,3
717666,2023-06-21,New York Yankees,Seattle Mariners,4,2,2023,6
717663,2023-06-21,Cleveland Guardians,Oakland Athletics,7,6,2023,13
717665,2023-06-21,Minnesota Twins,Boston Red Sox,5,4,2023,9
717667,2023-06-21,Chicago White Sox,Texas Rangers,3,6,2023,9
717662,2023-06-21,Los Angeles Angels,Los Angeles Dodgers,0,2,2023,2
717674,2023-06-21,San Francisco Giants,San Diego Padres,4,2,2023,6
717847,2023-06-22,Washington Nationals,Arizona Diamondbacks,3,5,2023,8
717657,2023-06-22,Philadelphia Phillies,Atlanta Braves,1,5,2023,6
717660,2023-06-22,Cleveland Guardians,Oakland Athletics,6,1,2023,7
717658,2023-06-22,Minnesota Twins,Boston Red Sox,6,0,2023,6
717661,2023-06-22,San Francisco Giants,San Diego Padres,0,10,2023,10
717659,2023-06-22,Tampa Bay Rays,Kansas City Royals,5,6,2023,11
717654,2023-06-22,Miami Marlins,Pittsburgh Pirates,6,4,2023,10
717652,2023-06-22,New York Yankees,Seattle Mariners,2,10,2023,12
717649,2023-06-23,Tampa Bay Rays,Kansas City Royals,11,3,2023,14
717647,2023-06-23,Detroit Tigers,Minnesota Twins,1,4,2023,5
717650,2023-06-23,Cincinnati Reds,Atlanta Braves,11,10,2023,21
717653,2023-06-23,Miami Marlins,Pittsburgh Pirates,1,3,2023,4
717651,2023-06-23,Baltimore Orioles,Seattle Mariners,1,13,2023,14
717656,2023-06-23,Philadelphia Phillies,New York Mets,5,1,2023,6
717655,2023-06-23,New York Yankees,Texas Rangers,2,4,2023,6
717646,2023-06-23,Toronto Blue Jays,Oakland Athletics,4,5,2023,9
717648,2023-06-23,Cleveland Guardians,Milwaukee Brewers,1,7,2023,8
717645,2023-06-23,Chicago White Sox,Boston Red Sox,1,3,2023,4
717644,2023-06-23,Colorado Rockies,Los Angeles Angels,7,4,2023,11
717642,2023-06-23,San Diego Padres,Washington Nationals,13,3,2023,16
717643,2023-06-23,Los Angeles Dodgers,Houston Astros,3,2,2023,5
717641,2023-06-23,San Francisco Giants,Arizona Diamondbacks,8,5,2023,13
717637,2023-06-24,St. Louis Cardinals,Chicago Cubs,1,9,2023,10
717628,2023-06-24,Baltimore Orioles,Seattle Mariners,6,4,2023,10
717639,2023-06-24,San Francisco Giants,Arizona Diamondbacks,7,6,2023,13
717635,2023-06-24,Philadelphia Phillies,New York Mets,2,4,2023,6
717636,2023-06-24,New York Yankees,Texas Rangers,1,0,2023,1
717634,2023-06-24,Toronto Blue Jays,Oakland Athletics,7,3,2023,10
717632,2023-06-24,Tampa Bay Rays,Kansas City Royals,4,9,2023,13
717631,2023-06-24,Cincinnati Reds,Atlanta Braves,6,7,2023,13
717629,2023-06-24,Chicago White Sox,Boston Red Sox,5,4,2023,9
717630,2023-06-24,Miami Marlins,Pittsburgh Pirates,4,3,2023,7
717625,2023-06-24,Cleveland Guardians,Milwaukee Brewers,4,2,2023,6
717626,2023-06-24,Los Angeles Dodgers,Houston Astros,8,7,2023,15
717633,2023-06-24,Detroit Tigers,Minnesota Twins,3,2,2023,5
717638,2023-06-24,San Diego Padres,Washington Nationals,0,2,2023,2
717640,2023-06-24,Colorado Rockies,Los Angeles Angels,1,25,2023,26
717623,2023-06-25,St. Louis Cardinals,Chicago Cubs,7,5,2023,12
717621,2023-06-25,Detroit Tigers,Minnesota Twins,3,6,2023,9
717627,2023-06-25,Baltimore Orioles,Seattle Mariners,3,2,2023,5
717624,2023-06-25,Philadelphia Phillies,New York Mets,7,6,2023,13
717622,2023-06-25,New York Yankees,Texas Rangers,5,3,2023,8
717617,2023-06-25,Toronto Blue Jays,Oakland Athletics,12,1,2023,13
717619,2023-06-25,Tampa Bay Rays,Kansas City Royals,3,1,2023,4
717618,2023-06-25,Cincinnati Reds,Atlanta Braves,6,7,2023,13
717620,2023-06-25,Miami Marlins,Pittsburgh Pirates,2,0,2023,2
717613,2023-06-25,Cleveland Guardians,Milwaukee Brewers,4,5,2023,9
717614,2023-06-25,Chicago White Sox,Boston Red Sox,4,1,2023,5
717616,2023-06-25,Colorado Rockies,Los Angeles Angels,4,3,2023,7
717612,2023-06-25,San Francisco Giants,Arizona Diamondbacks,2,5,2023,7
717610,2023-06-25,San Diego Padres,Washington Nationals,3,8,2023,11
717615,2023-06-25,Los Angeles Dodgers,Houston Astros,5,6,2023,11
717611,2023-06-26,Baltimore Orioles,Cincinnati Reds,10,3,2023,13
717607,2023-06-26,New York Mets,Milwaukee Brewers,1,2,2023,3
717609,2023-06-26,Atlanta Braves,Minnesota Twins,4,1,2023,5
717606,2023-06-26,Texas Rangers,Detroit Tigers,2,7,2023,9
717608,2023-06-26,Los Angeles Angels,Chicago White Sox,2,1,2023,3
717602,2023-06-26,Seattle Mariners,Washington Nationals,8,4,2023,12
717601,2023-06-27,Baltimore Orioles,Cincinnati Reds,1,3,2023,4
717603,2023-06-27,Pittsburgh Pirates,San Diego Padres,9,4,2023,13
717604,2023-06-27,Toronto Blue Jays,San Francisco Giants,0,3,2023,3
717605,2023-06-27,Boston Red Sox,Miami Marlins,1,10,2023,11
717597,2023-06-27,New York Mets,Milwaukee Brewers,7,2,2023,9
717600,2023-06-27,Atlanta Braves,Minnesota Twins,6,2,2023,8
717598,2023-06-27,St. Louis Cardinals,Houston Astros,4,2,2023,6
717599,2023-06-27,Texas Rangers,Detroit Tigers,8,3,2023,11
717596,2023-06-27,Chicago Cubs,Philadelphia Phillies,1,5,2023,6
717591,2023-06-27,Kansas City Royals,Cleveland Guardians,1,2,2023,3
717594,2023-06-27,Colorado Rockies,Los Angeles Dodgers,0,5,2023,5
717592,2023-06-27,Los Angeles Angels,Chicago White Sox,4,2,2023,6
717590,2023-06-27,Seattle Mariners,Washington Nationals,4,7,2023,11
717593,2023-06-27,Arizona Diamondbacks,Tampa Bay Rays,8,4,2023,12
717595,2023-06-27,Oakland Athletics,New York Yankees,2,1,2023,3
717588,2023-06-28,Atlanta Braves,Minnesota Twins,3,0,2023,3
717587,2023-06-28,Seattle Mariners,Washington Nationals,1,4,2023,5
717589,2023-06-28,Baltimore Orioles,Cincinnati Reds,7,11,2023,18
717585,2023-06-28,Pittsburgh Pirates,San Diego Padres,7,1,2023,8
717586,2023-06-28,Toronto Blue Jays,San Francisco Giants,6,1,2023,7
717583,2023-06-28,Boston Red Sox,Miami Marlins,2,6,2023,8
717581,2023-06-28,New York Mets,Milwaukee Brewers,2,5,2023,7
717582,2023-06-28,St. Louis Cardinals,Houston Astros,7,10,2023,17
717580,2023-06-28,Texas Rangers,Detroit Tigers,10,2,2023,12
717584,2023-06-28,Chicago Cubs,Philadelphia Phillies,5,8,2023,13
717577,2023-06-28,Kansas City Royals,Cleveland Guardians,1,14,2023,15
717578,2023-06-28,Colorado Rockies,Los Angeles Dodgers,9,8,2023,17
717576,2023-06-28,Los Angeles Angels,Chicago White Sox,5,11,2023,16
717575,2023-06-28,Arizona Diamondbacks,Tampa Bay Rays,2,3,2023,5
717579,2023-06-28,Oakland Athletics,New York Yankees,0,11,2023,11
717571,2023-06-29,Pittsburgh Pirates,San Diego Padres,5,4,2023,9
717570,2023-06-29,Texas Rangers,Detroit Tigers,5,8,2023,13
717573,2023-06-29,Kansas City Royals,Cleveland Guardians,4,3,2023,7
717574,2023-06-29,Oakland Athletics,New York Yankees,4,10,2023,14
717568,2023-06-29,Arizona Diamondbacks,Tampa Bay Rays,1,6,2023,7
717560,2023-06-29,Los Angeles Angels,Chicago White Sox,7,9,2023,16
717569,2023-06-29,Boston Red Sox,Miami Marlins,0,2,2023,2
717564,2023-06-29,Toronto Blue Jays,San Francisco Giants,2,1,2023,3
717565,2023-06-29,New York Mets,Milwaukee Brewers,2,3,2023,5
717566,2023-06-29,St. Louis Cardinals,Houston Astros,0,14,2023,14
717567,2023-06-29,Chicago Cubs,Philadelphia Phillies,1,3,2023,4
717572,2023-06-29,Colorado Rockies,Los Angeles Dodgers,3,14,2023,17
717559,2023-06-30,Chicago Cubs,Cleveland Guardians,10,1,2023,11
717557,2023-06-30,Cincinnati Reds,San Diego Padres,7,5,2023,12
717563,2023-06-30,Philadelphia Phillies,Washington Nationals,1,2,2023,3
717561,2023-06-30,Baltimore Orioles,Minnesota Twins,1,8,2023,9
717562,2023-06-30,Pittsburgh Pirates,Milwaukee Brewers,8,7,2023,15
717555,2023-06-30,Toronto Blue Jays,Boston Red Sox,0,5,2023,5
717556,2023-06-30,New York Mets,San Francisco Giants,4,5,2023,9
717558,2023-06-30,Atlanta Braves,Miami Marlins,16,4,2023,20
717554,2023-06-30,Texas Rangers,Houston Astros,3,5,2023,8
717552,2023-06-30,Colorado Rockies,Detroit Tigers,8,5,2023,13
717553,2023-06-30,Kansas City Royals,Los Angeles Dodgers,3,9,2023,12
717549,2023-06-30,Los Angeles Angels,Arizona Diamondbacks,2,6,2023,8
717551,2023-06-30,Oakland Athletics,Chicago White Sox,7,4,2023,11
717548,2023-06-30,Seattle Mariners,Tampa Bay Rays,4,15,2023,19
717539,2023-07-01,Cincinnati Reds,San Diego Padres,5,12,2023,17
717545,2023-07-01,St. Louis Cardinals,New York Yankees,11,4,2023,15
717550,2023-07-01,St. Louis Cardinals,New York Yankees,2,6,2023,8
717547,2023-07-01,Toronto Blue Jays,Boston Red Sox,6,7,2023,13
717542,2023-07-01,Texas Rangers,Houston Astros,5,2,2023,7
717541,2023-07-01,Baltimore Orioles,Minnesota Twins,0,1,2023,1
717543,2023-07-01,Philadelphia Phillies,Washington Nationals,19,4,2023,23
717540,2023-07-01,Pittsburgh Pirates,Milwaukee Brewers,8,11,2023,19
717538,2023-07-01,Oakland Athletics,Chicago White Sox,7,6,2023,13
717535,2023-07-01,New York Mets,San Francisco Giants,4,1,2023,5
717536,2023-07-01,Atlanta Braves,Miami Marlins,7,0,2023,7
717546,2023-07-01,Chicago Cubs,Cleveland Guardians,0,6,2023,6
717537,2023-07-01,Kansas City Royals,Los Angeles Dodgers,6,4,2023,10
717534,2023-07-01,Seattle Mariners,Tampa Bay Rays,8,3,2023,11
717544,2023-07-01,Colorado Rockies,Detroit Tigers,2,4,2023,6
717533,2023-07-01,Los Angeles Angels,Arizona Diamondbacks,1,3,2023,4
717529,2023-07-02,Baltimore Orioles,Minnesota Twins,2,1,2023,3
717528,2023-07-02,Philadelphia Phillies,Washington Nationals,4,5,2023,9
717532,2023-07-02,Atlanta Braves,Miami Marlins,6,3,2023,9
717531,2023-07-02,Pittsburgh Pirates,Milwaukee Brewers,3,6,2023,9
717530,2023-07-02,Toronto Blue Jays,Boston Red Sox,4,5,2023,9
717526,2023-07-02,Cincinnati Reds,San Diego Padres,4,3,2023,7
717527,2023-07-02,Kansas City Royals,Los Angeles Dodgers,9,1,2023,10
717524,2023-07-02,St. Louis Cardinals,New York Yankees,5,1,2023,6
717520,2023-07-02,Texas Rangers,Houston Astros,3,5,2023,8
717523,2023-07-02,Colorado Rockies,Detroit Tigers,9,14,2023,23
717522,2023-07-02,Los Angeles Angels,Arizona Diamondbacks,5,2,2023,7
717518,2023-07-02,Oakland Athletics,Chicago White Sox,7,8,2023,15
717519,2023-07-02,Seattle Mariners,Tampa Bay Rays,7,6,2023,13
717521,2023-07-02,Chicago Cubs,Cleveland Guardians,6,8,2023,14
717525,2023-07-02,New York Mets,San Francisco Giants,8,4,2023,12
717514,2023-07-03,Texas Rangers,Houston Astros,11,12,2023,23
717511,2023-07-03,Milwaukee Brewers,Chicago Cubs,8,6,2023,14
717517,2023-07-03,Washington Nationals,Cincinnati Reds,2,3,2023,5
717515,2023-07-03,Miami Marlins,St. Louis Cardinals,5,4,2023,9
717513,2023-07-03,New York Yankees,Baltimore Orioles,6,3,2023,9
717512,2023-07-03,Cleveland Guardians,Atlanta Braves,2,4,2023,6
717510,2023-07-03,Minnesota Twins,Kansas City Royals,8,4,2023,12
717505,2023-07-03,San Diego Padres,Los Angeles Angels,10,3,2023,13
717516,2023-07-03,San Francisco Giants,Seattle Mariners,5,6,2023,11
717506,2023-07-03,Los Angeles Dodgers,Pittsburgh Pirates,5,2,2023,7
717507,2023-07-04,Washington Nationals,Cincinnati Reds,4,8,2023,12
717508,2023-07-04,New York Yankees,Baltimore Orioles,8,4,2023,12
717502,2023-07-04,Miami Marlins,St. Louis Cardinals,15,2,2023,17
717501,2023-07-04,Boston Red Sox,Texas Rangers,2,6,2023,8
717500,2023-07-04,Minnesota Twins,Kansas City Royals,9,3,2023,12
717504,2023-07-04,Houston Astros,Colorado Rockies,4,1,2023,5
717498,2023-07-04,Arizona Diamondbacks,New York Mets,5,8,2023,13
717499,2023-07-04,Tampa Bay Rays,Philadelphia Phillies,1,3,2023,4
717503,2023-07-04,Milwaukee Brewers,Chicago Cubs,6,7,2023,13
717509,2023-07-04,San Francisco Giants,Seattle Mariners,0,6,2023,6
717494,2023-07-04,Detroit Tigers,Oakland Athletics,0,1,2023,1
717497,2023-07-04,San Diego Padres,Los Angeles Angels,8,5,2023,13
717495,2023-07-04,Cleveland Guardians,Atlanta Braves,6,5,2023,11
717496,2023-07-04,Chicago White Sox,Toronto Blue Jays,3,4,2023,7
717492,2023-07-04,Los Angeles Dodgers,Pittsburgh Pirates,7,9,2023,16
717489,2023-07-05,Houston Astros,Colorado Rockies,6,4,2023,10
717485,2023-07-05,Detroit Tigers,Oakland Athletics,3,12,2023,15
717491,2023-07-05,Tampa Bay Rays,Philadelphia Phillies,4,8,2023,12
717488,2023-07-05,Miami Marlins,St. Louis Cardinals,10,9,2023,19
717493,2023-07-05,Washington Nationals,Cincinnati Reds,2,9,2023,11
717487,2023-07-05,New York Yankees,Baltimore Orioles,3,6,2023,9
717484,2023-07-05,Boston Red Sox,Texas Rangers,4,2,2023,6
717486,2023-07-05,Cleveland Guardians,Atlanta Braves,1,8,2023,9
717482,2023-07-05,Minnesota Twins,Kansas City Royals,5,0,2023,5
717483,2023-07-05,Milwaukee Brewers,Chicago Cubs,3,4,2023,7
717478,2023-07-05,San Diego Padres,Los Angeles Angels,5,3,2023,8
717490,2023-07-05,San Francisco Giants,Seattle Mariners,2,0,2023,2
717477,2023-07-05,Arizona Diamondbacks,New York Mets,1,2,2023,3
717479,2023-07-05,Los Angeles Dodgers,Pittsburgh Pirates,6,4,2023,10
717481,2023-07-06,Washington Nationals,Cincinnati Reds,4,5,2023,9
717476,2023-07-06,Detroit Tigers,Oakland Athletics,9,0,2023,9
717474,2023-07-06,Milwaukee Brewers,Chicago Cubs,6,5,2023,11
717468,2023-07-06,Chicago White Sox,Toronto Blue Jays,2,6,2023,8
717480,2023-07-06,Chicago White Sox,Toronto Blue Jays,4,5,2023,9
717472,2023-07-06,Tampa Bay Rays,Philadelphia Phillies,1,3,2023,4
717473,2023-07-06,Miami Marlins,St. Louis Cardinals,0,3,2023,3
717475,2023-07-06,New York Yankees,Baltimore Orioles,1,14,2023,15
717469,2023-07-06,Cleveland Guardians,Kansas City Royals,6,1,2023,7
717471,2023-07-06,Boston Red Sox,Texas Rangers,10,6,2023,16
717467,2023-07-06,Houston Astros,Seattle Mariners,1,5,2023,6
717470,2023-07-06,Arizona Diamondbacks,New York Mets,0,9,2023,9
717462,2023-07-06,Los Angeles Dodgers,Pittsburgh Pirates,5,2,2023,7
717457,2023-07-07,Detroit Tigers,Toronto Blue Jays,2,12,2023,14
717460,2023-07-07,Tampa Bay Rays,Atlanta Braves,1,2,2023,3
717466,2023-07-07,Miami Marlins,Philadelphia Phillies,3,4,2023,7
717465,2023-07-07,Washington Nationals,Texas Rangers,2,7,2023,9
717464,2023-07-07,New York Yankees,Chicago Cubs,0,3,2023,3
717463,2023-07-07,Cleveland Guardians,Kansas City Royals,3,0,2023,3
717461,2023-07-07,Boston Red Sox,Oakland Athletics,7,3,2023,10
717453,2023-07-07,Houston Astros,Seattle Mariners,1,10,2023,11
717458,2023-07-07,Minnesota Twins,Baltimore Orioles,1,3,2023,4
717455,2023-07-07,Chicago White Sox,St. Louis Cardinals,8,7,2023,15
717459,2023-07-07,Milwaukee Brewers,Cincinnati Reds,7,3,2023,10
717452,2023-07-07,Arizona Diamondbacks,Pittsburgh Pirates,7,3,2023,10
717454,2023-07-07,San Diego Padres,New York Mets,5,7,2023,12
717456,2023-07-07,Los Angeles Dodgers,Los Angeles Angels,11,4,2023,15
717448,2023-07-07,San Francisco Giants,Colorado Rockies,2,5,2023,7
717447,2023-07-08,New York Yankees,Chicago Cubs,6,3,2023,9
717442,2023-07-08,Detroit Tigers,Toronto Blue Jays,2,0,2023,2
717446,2023-07-08,Minnesota Twins,Baltimore Orioles,2,6,2023,8
717445,2023-07-08,Chicago White Sox,St. Louis Cardinals,0,3,2023,3
717451,2023-07-08,San Francisco Giants,Colorado Rockies,5,3,2023,8
717450,2023-07-08,Washington Nationals,Texas Rangers,8,3,2023,11
717443,2023-07-08,Cleveland Guardians,Kansas City Royals,10,6,2023,16
717449,2023-07-08,Boston Red Sox,Oakland Athletics,10,3,2023,13
717439,2023-07-08,Arizona Diamondbacks,Pittsburgh Pirates,3,2,2023,5
717438,2023-07-08,Miami Marlins,Philadelphia Phillies,5,3,2023,8
717444,2023-07-08,Milwaukee Brewers,Cincinnati Reds,5,8,2023,13
717440,2023-07-08,Houston Astros,Seattle Mariners,3,2,2023,5
717441,2023-07-08,Tampa Bay Rays,Atlanta Braves,1,6,2023,7
717437,2023-07-08,Los Angeles Dodgers,Los Angeles Angels,10,5,2023,15
717436,2023-07-08,San Diego Padres,New York Mets,3,1,2023,4
717432,2023-07-09,Washington Nationals,Texas Rangers,7,2,2023,9
717435,2023-07-09,Boston Red Sox,Oakland Athletics,4,3,2023,7
717433,2023-07-09,New York Yankees,Chicago Cubs,4,7,2023,11
717434,2023-07-09,Cleveland Guardians,Kansas City Royals,1,4,2023,5
717431,2023-07-09,Detroit Tigers,Toronto Blue Jays,3,4,2023,7
717429,2023-07-09,Tampa Bay Rays,Atlanta Braves,10,4,2023,14
717426,2023-07-09,Miami Marlins,Philadelphia Phillies,7,3,2023,10
717430,2023-07-09,Houston Astros,Seattle Mariners,1,3,2023,4
717428,2023-07-09,Minnesota Twins,Baltimore Orioles,2,15,2023,17
717424,2023-07-09,Chicago White Sox,St. Louis Cardinals,3,4,2023,7
717427,2023-07-09,Milwaukee Brewers,Cincinnati Reds,1,0,2023,1
717422,2023-07-09,San Francisco Giants,Colorado Rockies,1,0,2023,1
717425,2023-07-09,Arizona Diamondbacks,Pittsburgh Pirates,2,4,2023,6
717423,2023-07-09,San Diego Padres,New York Mets,6,2,2023,8
717418,2023-07-14,Philadelphia Phillies,San Diego Padres,3,8,2023,11
717416,2023-07-14,Pittsburgh Pirates,San Francisco Giants,4,6,2023,10
717407,2023-07-14,St. Louis Cardinals,Washington Nationals,5,7,2023,12
717417,2023-07-14,Baltimore Orioles,Miami Marlins,5,2,2023,7
717420,2023-07-14,Toronto Blue Jays,Arizona Diamondbacks,7,2,2023,9
717413,2023-07-14,New York Mets,Los Angeles Dodgers,0,6,2023,6
717412,2023-07-14,Cincinnati Reds,Milwaukee Brewers,0,1,2023,1
717414,2023-07-14,Atlanta Braves,Chicago White Sox,9,0,2023,9
717419,2023-07-14,Chicago Cubs,Boston Red Sox,3,8,2023,11
717415,2023-07-14,Texas Rangers,Cleveland Guardians,12,4,2023,16
717410,2023-07-14,Colorado Rockies,New York Yankees,7,2,2023,9
717405,2023-07-14,Los Angeles Angels,Houston Astros,5,7,2023,12
717409,2023-07-14,Oakland Athletics,Minnesota Twins,4,5,2023,9
717406,2023-07-14,Seattle Mariners,Detroit Tigers,4,5,2023,9
717408,2023-07-15,Philadelphia Phillies,San Diego Padres,6,4,2023,10
717397,2023-07-15,Philadelphia Phillies,San Diego Padres,9,4,2023,13
717411,2023-07-15,Kansas City Royals,Tampa Bay Rays,1,6,2023,7
717393,2023-07-15,Kansas City Royals,Tampa Bay Rays,2,4,2023,6
717403,2023-07-15,Chicago Cubs,Boston Red Sox,10,4,2023,14
717404,2023-07-15,Toronto Blue Jays,Arizona Diamondbacks,5,2,2023,7
717402,2023-07-15,Texas Rangers,Cleveland Guardians,2,0,2023,2
717398,2023-07-15,Pittsburgh Pirates,San Francisco Giants,1,3,2023,4
717401,2023-07-15,Baltimore Orioles,Miami Marlins,6,5,2023,11
717399,2023-07-15,Oakland Athletics,Minnesota Twins,7,10,2023,17
717392,2023-07-15,Cincinnati Reds,Milwaukee Brewers,0,3,2023,3
717400,2023-07-15,New York Mets,Los Angeles Dodgers,1,5,2023,6
717396,2023-07-15,St. Louis Cardinals,Washington Nationals,9,6,2023,15
717395,2023-07-15,Atlanta Braves,Chicago White Sox,5,6,2023,11
717394,2023-07-15,Colorado Rockies,New York Yankees,3,6,2023,9
717389,2023-07-15,Los Angeles Angels,Houston Astros,13,12,2023,25
717390,2023-07-15,Seattle Mariners,Detroit Tigers,0,6,2023,6
717388,2023-07-16,Pittsburgh Pirates,San Francisco Giants,4,8,2023,12
717387,2023-07-16,Philadelphia Phillies,San Diego Padres,7,6,2023,13
717391,2023-07-16,Atlanta Braves,Chicago White Sox,1,8,2023,9
717384,2023-07-16,Baltimore Orioles,Miami Marlins,5,4,2023,9
717386,2023-07-16,Toronto Blue Jays,Arizona Diamondbacks,7,5,2023,12
717383,2023-07-16,Cincinnati Reds,Milwaukee Brewers,3,4,2023,7
717382,2023-07-16,Kansas City Royals,Tampa Bay Rays,8,4,2023,12
717380,2023-07-16,St. Louis Cardinals,Washington Nationals,8,4,2023,12
717376,2023-07-16,Chicago Cubs,Boston Red Sox,5,11,2023,16
717377,2023-07-16,Texas Rangers,Cleveland Guardians,6,5,2023,11
717378,2023-07-16,Colorado Rockies,New York Yankees,8,7,2023,15
717379,2023-07-16,Oakland Athletics,Minnesota Twins,4,5,2023,9
717373,2023-07-16,Seattle Mariners,Detroit Tigers,2,0,2023,2
717385,2023-07-16,New York Mets,Los Angeles Dodgers,2,1,2023,3
717381,2023-07-16,Los Angeles Angels,Houston Astros,8,9,2023,17
717372,2023-07-17,Baltimore Orioles,Los Angeles Dodgers,4,6,2023,10
717371,2023-07-17,Pittsburgh Pirates,Cleveland Guardians,0,11,2023,11
717375,2023-07-17,Cincinnati Reds,San Francisco Giants,2,4,2023,6
717374,2023-07-17,St. Louis Cardinals,Miami Marlins,6,4,2023,10
717370,2023-07-17,Chicago Cubs,Washington Nationals,5,7,2023,12
717367,2023-07-17,Texas Rangers,Tampa Bay Rays,3,2,2023,5
717368,2023-07-17,Kansas City Royals,Detroit Tigers,2,3,2023,5
717369,2023-07-17,Los Angeles Angels,New York Yankees,4,3,2023,7
717366,2023-07-17,Oakland Athletics,Boston Red Sox,0,7,2023,7
717365,2023-07-17,Seattle Mariners,Minnesota Twins,7,6,2023,13
717363,2023-07-18,Philadelphia Phillies,Milwaukee Brewers,4,3,2023,7
717361,2023-07-18,Baltimore Orioles,Los Angeles Dodgers,3,10,2023,13
717364,2023-07-18,Pittsburgh Pirates,Cleveland Guardians,1,10,2023,11
717362,2023-07-18,Toronto Blue Jays,San Diego Padres,1,9,2023,10
717359,2023-07-18,New York Mets,Chicago White Sox,11,10,2023,21
717358,2023-07-18,Atlanta Braves,Arizona Diamondbacks,13,16,2023,29
717357,2023-07-18,St. Louis Cardinals,Miami Marlins,5,2,2023,7
717353,2023-07-18,Chicago Cubs,Washington Nationals,17,3,2023,20
717354,2023-07-18,Texas Rangers,Tampa Bay Rays,5,3,2023,8
717356,2023-07-18,Kansas City Royals,Detroit Tigers,11,10,2023,21
717355,2023-07-18,Colorado Rockies,Houston Astros,4,3,2023,7
717352,2023-07-18,Los Angeles Angels,New York Yankees,5,1,2023,6
717349,2023-07-18,Oakland Athletics,Boston Red Sox,3,0,2023,3
717350,2023-07-18,Seattle Mariners,Minnesota Twins,3,10,2023,13
717360,2023-07-18,Cincinnati Reds,San Francisco Giants,10,11,2023,21
717348,2023-07-19,Pittsburgh Pirates,Cleveland Guardians,7,5,2023,12
717343,2023-07-19,Baltimore Orioles,Los Angeles Dodgers,8,5,2023,13
717346,2023-07-19,Texas Rangers,Tampa Bay Rays,5,1,2023,6
717351,2023-07-19,St. Louis Cardinals,Miami Marlins,6,4,2023,10
717345,2023-07-19,Colorado Rockies,Houston Astros,1,4,2023,5
717344,2023-07-19,Oakland Athletics,Boston Red Sox,6,5,2023,11
717347,2023-07-19,Philadelphia Phillies,Milwaukee Brewers,3,5,2023,8
717338,2023-07-19,Toronto Blue Jays,San Diego Padres,0,2,2023,2
717339,2023-07-19,Los Angeles Angels,New York Yankees,7,3,2023,10
717342,2023-07-19,Cincinnati Reds,San Francisco Giants,3,2,2023,5
717341,2023-07-19,New York Mets,Chicago White Sox,5,1,2023,6
717340,2023-07-19,Atlanta Braves,Arizona Diamondbacks,3,5,2023,8
717336,2023-07-19,Chicago Cubs,Washington Nationals,8,3,2023,11
717333,2023-07-19,Kansas City Royals,Detroit Tigers,2,3,2023,5
717335,2023-07-19,Seattle Mariners,Minnesota Twins,3,6,2023,9
717337,2023-07-20,Atlanta Braves,Arizona Diamondbacks,7,5,2023,12
717334,2023-07-20,Cincinnati Reds,San Francisco Giants,5,1,2023,6
717329,2023-07-20,Philadelphia Phillies,Milwaukee Brewers,0,4,2023,4
717331,2023-07-20,Toronto Blue Jays,San Diego Padres,4,0,2023,4
717330,2023-07-20,New York Mets,Chicago White Sox,2,6,2023,8
717332,2023-07-20,Kansas City Royals,Detroit Tigers,0,3,2023,3
717327,2023-07-20,Seattle Mariners,Minnesota Twins,5,0,2023,5
717328,2023-07-20,Tampa Bay Rays,Baltimore Orioles,3,4,2023,7
717322,2023-07-20,Chicago Cubs,St. Louis Cardinals,2,7,2023,9
717323,2023-07-20,Oakland Athletics,Houston Astros,1,3,2023,4
717325,2023-07-21,Chicago Cubs,St. Louis Cardinals,4,3,2023,7
717317,2023-07-21,Detroit Tigers,San Diego Padres,4,5,2023,9
717320,2023-07-21,Tampa Bay Rays,Baltimore Orioles,3,0,2023,3
717319,2023-07-21,Miami Marlins,Colorado Rockies,1,6,2023,7
717326,2023-07-21,Washington Nationals,San Francisco Giants,5,3,2023,8
717318,2023-07-21,New York Yankees,Kansas City Royals,5,4,2023,9
717321,2023-07-21,Cincinnati Reds,Arizona Diamondbacks,9,6,2023,15
717324,2023-07-21,Boston Red Sox,New York Mets,4,5,2023,9
717315,2023-07-21,Cleveland Guardians,Philadelphia Phillies,6,5,2023,11
717316,2023-07-21,Texas Rangers,Los Angeles Dodgers,5,11,2023,16
717314,2023-07-21,Minnesota Twins,Chicago White Sox,9,4,2023,13
717313,2023-07-21,Milwaukee Brewers,Atlanta Braves,4,6,2023,10
717312,2023-07-21,Los Angeles Angels,Pittsburgh Pirates,8,5,2023,13
717310,2023-07-21,Oakland Athletics,Houston Astros,4,6,2023,10
717311,2023-07-21,Seattle Mariners,Toronto Blue Jays,3,2,2023,5
717304,2023-07-22,New York Yankees,Kansas City Royals,5,2,2023,7
717306,2023-07-22,Miami Marlins,Colorado Rockies,3,4,2023,7
717308,2023-07-22,Chicago Cubs,St. Louis Cardinals,8,6,2023,14
717305,2023-07-22,Texas Rangers,Los Angeles Dodgers,3,16,2023,19
717303,2023-07-22,Cincinnati Reds,Arizona Diamondbacks,4,2,2023,6
717300,2023-07-22,Tampa Bay Rays,Baltimore Orioles,5,6,2023,11
717301,2023-07-22,Seattle Mariners,Toronto Blue Jays,9,8,2023,17
717299,2023-07-22,Detroit Tigers,San Diego Padres,3,14,2023,17
717307,2023-07-22,Washington Nationals,San Francisco Giants,10,1,2023,11
717309,2023-07-22,Boston Red Sox,New York Mets,8,6,2023,14
717302,2023-07-22,Cleveland Guardians,Philadelphia Phillies,1,0,2023,1
717293,2023-07-22,Minnesota Twins,Chicago White Sox,3,2,2023,5
717296,2023-07-22,Milwaukee Brewers,Atlanta Braves,4,3,2023,7
717295,2023-07-22,Oakland Athletics,Houston Astros,4,1,2023,5
717297,2023-07-22,Los Angeles Angels,Pittsburgh Pirates,0,3,2023,3
717288,2023-07-23,Detroit Tigers,San Diego Padres,3,1,2023,4
717290,2023-07-23,Washington Nationals,San Francisco Giants,6,1,2023,7
717294,2023-07-23,New York Yankees,Kansas City Royals,8,5,2023,13
717289,2023-07-23,Cincinnati Reds,Arizona Diamondbacks,7,3,2023,10
717291,2023-07-23,Tampa Bay Rays,Baltimore Orioles,3,5,2023,8
717283,2023-07-23,Cleveland Guardians,Philadelphia Phillies,5,8,2023,13
717292,2023-07-23,Miami Marlins,Colorado Rockies,3,2,2023,5
717285,2023-07-23,Minnesota Twins,Chicago White Sox,5,4,2023,9
717287,2023-07-23,Milwaukee Brewers,Atlanta Braves,2,4,2023,6
717286,2023-07-23,Chicago Cubs,St. Louis Cardinals,7,2,2023,9
717284,2023-07-23,Texas Rangers,Los Angeles Dodgers,8,4,2023,12
717279,2023-07-23,Oakland Athletics,Houston Astros,2,3,2023,5
717278,2023-07-23,Los Angeles Angels,Pittsburgh Pirates,7,5,2023,12
717281,2023-07-23,Seattle Mariners,Toronto Blue Jays,3,4,2023,7
717298,2023-07-23,Boston Red Sox,New York Mets,6,1,2023,7
718558,2023-07-24,Detroit Tigers,San Francisco Giants,5,1,2023,6
717280,2023-07-24,Philadelphia Phillies,Baltimore Orioles,2,3,2023,5
717282,2023-07-24,Washington Nationals,Colorado Rockies,6,10,2023,16
717277,2023-07-24,Cleveland Guardians,Kansas City Royals,3,5,2023,8
717275,2023-07-24,Minnesota Twins,Seattle Mariners,4,3,2023,7
717274,2023-07-24,Houston Astros,Texas Rangers,10,9,2023,19
717273,2023-07-24,Milwaukee Brewers,Cincinnati Reds,3,2,2023,5
717276,2023-07-24,San Diego Padres,Pittsburgh Pirates,4,8,2023,12
717268,2023-07-24,Arizona Diamondbacks,St. Louis Cardinals,6,10,2023,16
717271,2023-07-24,Los Angeles Dodgers,Toronto Blue Jays,3,6,2023,9
717265,2023-07-25,Detroit Tigers,Los Angeles Angels,6,7,2023,13
717267,2023-07-25,Philadelphia Phillies,Baltimore Orioles,4,3,2023,7
717270,2023-07-25,Tampa Bay Rays,Miami Marlins,4,1,2023,5
717269,2023-07-25,Washington Nationals,Colorado Rockies,6,5,2023,11
717266,2023-07-25,New York Yankees,New York Mets,3,9,2023,12
717260,2023-07-25,Cleveland Guardians,Kansas City Royals,5,1,2023,6
717261,2023-07-25,Boston Red Sox,Atlanta Braves,7,1,2023,8
717264,2023-07-25,Minnesota Twins,Seattle Mariners,7,9,2023,16
717255,2023-07-25,Houston Astros,Texas Rangers,4,3,2023,7
717263,2023-07-25,Chicago White Sox,Chicago Cubs,3,7,2023,10
717262,2023-07-25,Milwaukee Brewers,Cincinnati Reds,3,4,2023,7
717258,2023-07-25,San Diego Padres,Pittsburgh Pirates,5,1,2023,6
717259,2023-07-25,Arizona Diamondbacks,St. Louis Cardinals,3,1,2023,4
717272,2023-07-25,San Francisco Giants,Oakland Athletics,2,1,2023,3
717256,2023-07-25,Los Angeles Dodgers,Toronto Blue Jays,8,7,2023,15
717257,2023-07-26,Washington Nationals,Colorado Rockies,5,4,2023,9
717252,2023-07-26,Tampa Bay Rays,Miami Marlins,1,7,2023,8
717249,2023-07-26,Cleveland Guardians,Kansas City Royals,8,3,2023,11
717250,2023-07-26,Minnesota Twins,Seattle Mariners,7,8,2023,15
717254,2023-07-26,Milwaukee Brewers,Cincinnati Reds,3,0,2023,3
717244,2023-07-26,Arizona Diamondbacks,St. Louis Cardinals,7,11,2023,18
717246,2023-07-26,San Diego Padres,Pittsburgh Pirates,2,3,2023,5
717253,2023-07-26,Los Angeles Dodgers,Toronto Blue Jays,1,8,2023,9
717245,2023-07-26,Philadelphia Phillies,Baltimore Orioles,6,4,2023,10
717248,2023-07-26,New York Yankees,New York Mets,3,1,2023,4
717242,2023-07-26,Boston Red Sox,Atlanta Braves,5,3,2023,8
717239,2023-07-26,Houston Astros,Texas Rangers,5,13,2023,18
717240,2023-07-26,Chicago White Sox,Chicago Cubs,7,10,2023,17
717251,2023-07-26,San Francisco Giants,Oakland Athletics,8,3,2023,11
717243,2023-07-27,Detroit Tigers,Los Angeles Angels,0,6,2023,6
717247,2023-07-27,Detroit Tigers,Los Angeles Angels,4,11,2023,15
717241,2023-07-27,New York Mets,Washington Nationals,2,1,2023,3
717238,2023-07-27,St. Louis Cardinals,Chicago Cubs,3,10,2023,13
717233,2023-07-27,Chicago White Sox,Cleveland Guardians,3,6,2023,9
717236,2023-07-28,Miami Marlins,Detroit Tigers,6,5,2023,11
717234,2023-07-28,Pittsburgh Pirates,Philadelphia Phillies,1,2,2023,3
717237,2023-07-28,Baltimore Orioles,New York Yankees,1,0,2023,1
717235,2023-07-28,Toronto Blue Jays,Los Angeles Angels,4,1,2023,5
717230,2023-07-28,New York Mets,Washington Nationals,5,1,2023,6
717228,2023-07-28,Chicago White Sox,Cleveland Guardians,3,0,2023,3
717231,2023-07-28,Atlanta Braves,Milwaukee Brewers,10,7,2023,17
717229,2023-07-28,Houston Astros,Tampa Bay Rays,3,4,2023,7
717232,2023-07-28,Kansas City Royals,Minnesota Twins,8,5,2023,13
717226,2023-07-28,St. Louis Cardinals,Chicago Cubs,2,3,2023,5
717227,2023-07-28,Colorado Rockies,Oakland Athletics,5,8,2023,13
717223,2023-07-28,Arizona Diamondbacks,Seattle Mariners,2,5,2023,7
717224,2023-07-28,San Diego Padres,Texas Rangers,7,1,2023,8
717225,2023-07-28,Los Angeles Dodgers,Cincinnati Reds,5,6,2023,11
717220,2023-07-28,San Francisco Giants,Boston Red Sox,2,3,2023,5
717222,2023-07-29,Toronto Blue Jays,Los Angeles Angels,6,1,2023,7
717218,2023-07-29,Miami Marlins,Detroit Tigers,0,5,2023,5
717216,2023-07-29,Pittsburgh Pirates,Philadelphia Phillies,7,6,2023,13
717215,2023-07-29,New York Mets,Washington Nationals,6,11,2023,17
717207,2023-07-29,Kansas City Royals,Minnesota Twins,10,7,2023,17
717217,2023-07-29,Chicago White Sox,Cleveland Guardians,7,2,2023,9
717221,2023-07-29,San Francisco Giants,Boston Red Sox,3,2,2023,5
717213,2023-07-29,St. Louis Cardinals,Chicago Cubs,1,5,2023,6
717214,2023-07-29,Houston Astros,Tampa Bay Rays,17,4,2023,21
717219,2023-07-29,Baltimore Orioles,New York Yankees,3,8,2023,11
717211,2023-07-29,Atlanta Braves,Milwaukee Brewers,11,5,2023,16
717212,2023-07-29,Colorado Rockies,Oakland Athletics,3,11,2023,14
717210,2023-07-29,Arizona Diamondbacks,Seattle Mariners,4,3,2023,7
717209,2023-07-29,San Diego Padres,Texas Rangers,4,0,2023,4
717205,2023-07-29,Los Angeles Dodgers,Cincinnati Reds,3,2,2023,5
717201,2023-07-30,Toronto Blue Jays,Los Angeles Angels,2,3,2023,5
717208,2023-07-30,Pittsburgh Pirates,Philadelphia Phillies,6,4,2023,10
717206,2023-07-30,Atlanta Braves,Milwaukee Brewers,8,6,2023,14
717203,2023-07-30,New York Mets,Washington Nationals,5,2,2023,7
717202,2023-07-30,Miami Marlins,Detroit Tigers,8,6,2023,14
717196,2023-07-30,Houston Astros,Tampa Bay Rays,2,8,2023,10
717198,2023-07-30,Kansas City Royals,Minnesota Twins,2,1,2023,3
717204,2023-07-30,Chicago White Sox,Cleveland Guardians,0,5,2023,5
717195,2023-07-30,St. Louis Cardinals,Chicago Cubs,3,0,2023,3
717199,2023-07-30,Colorado Rockies,Oakland Athletics,2,0,2023,2
717197,2023-07-30,San Francisco Giants,Boston Red Sox,4,3,2023,7
717194,2023-07-30,Los Angeles Dodgers,Cincinnati Reds,0,9,2023,9
717193,2023-07-30,Arizona Diamondbacks,Seattle Mariners,0,4,2023,4
717191,2023-07-30,San Diego Padres,Texas Rangers,5,3,2023,8
717200,2023-07-30,Baltimore Orioles,New York Yankees,9,3,2023,12
717189,2023-07-31,Miami Marlins,Philadelphia Phillies,2,4,2023,6
717185,2023-07-31,New York Yankees,Tampa Bay Rays,1,5,2023,6
717192,2023-07-31,Washington Nationals,Milwaukee Brewers,5,3,2023,8
717186,2023-07-31,Toronto Blue Jays,Baltimore Orioles,2,4,2023,6
717187,2023-07-31,Atlanta Braves,Los Angeles Angels,1,4,2023,5
717188,2023-07-31,Chicago Cubs,Cincinnati Reds,5,6,2023,11
717184,2023-07-31,Houston Astros,Cleveland Guardians,7,3,2023,10
717179,2023-07-31,Colorado Rockies,San Diego Padres,4,3,2023,7
717181,2023-07-31,Seattle Mariners,Boston Red Sox,6,2,2023,8
717190,2023-07-31,San Francisco Giants,Arizona Diamondbacks,3,4,2023,7
717182,2023-08-01,Miami Marlins,Philadelphia Phillies,1,3,2023,4
717178,2023-08-01,Pittsburgh Pirates,Detroit Tigers,4,1,2023,5
717175,2023-08-01,New York Yankees,Tampa Bay Rays,2,5,2023,7
717183,2023-08-01,Washington Nationals,Milwaukee Brewers,4,6,2023,10
717177,2023-08-01,Toronto Blue Jays,Baltimore Orioles,3,13,2023,16
717176,2023-08-01,Atlanta Braves,Los Angeles Angels,5,1,2023,6
717174,2023-08-01,St. Louis Cardinals,Minnesota Twins,2,3,2023,5
717173,2023-08-01,Chicago Cubs,Cincinnati Reds,20,9,2023,29
717168,2023-08-01,Texas Rangers,Chicago White Sox,2,0,2023,2
717172,2023-08-01,Houston Astros,Cleveland Guardians,2,0,2023,2
717170,2023-08-01,Kansas City Royals,New York Mets,7,6,2023,13
717169,2023-08-01,Colorado Rockies,San Diego Padres,5,8,2023,13
717167,2023-08-01,Seattle Mariners,Boston Red Sox,4,6,2023,10
717180,2023-08-01,San Francisco Giants,Arizona Diamondbacks,4,3,2023,7
717171,2023-08-01,Los Angeles Dodgers,Oakland Athletics,7,3,2023,10
717165,2023-08-02,Atlanta Braves,Los Angeles Angels,12,5,2023,17
717166,2023-08-02,Pittsburgh Pirates,Detroit Tigers,3,6,2023,9
717162,2023-08-02,Washington Nationals,Milwaukee Brewers,3,2,2023,5
717163,2023-08-02,Houston Astros,Cleveland Guardians,3,2,2023,5
717158,2023-08-02,Colorado Rockies,San Diego Padres,1,11,2023,12
717161,2023-08-02,Seattle Mariners,Boston Red Sox,6,3,2023,9
717159,2023-08-02,Miami Marlins,Philadelphia Phillies,9,8,2023,17
717160,2023-08-02,New York Yankees,Tampa Bay Rays,7,2,2023,9
717157,2023-08-02,Toronto Blue Jays,Baltimore Orioles,4,1,2023,5
717155,2023-08-02,St. Louis Cardinals,Minnesota Twins,7,3,2023,10
717153,2023-08-02,Chicago Cubs,Cincinnati Reds,16,6,2023,22
717152,2023-08-02,Texas Rangers,Chicago White Sox,11,1,2023,12
717156,2023-08-02,Kansas City Royals,New York Mets,4,0,2023,4
717164,2023-08-02,San Francisco Giants,Arizona Diamondbacks,4,2,2023,6
717154,2023-08-02,Los Angeles Dodgers,Oakland Athletics,10,1,2023,11
717147,2023-08-03,Miami Marlins,Philadelphia Phillies,2,4,2023,6
717149,2023-08-03,Texas Rangers,Chicago White Sox,5,3,2023,8
717148,2023-08-03,Kansas City Royals,New York Mets,9,2,2023,11
717150,2023-08-03,Toronto Blue Jays,Baltimore Orioles,1,6,2023,7
717151,2023-08-03,San Francisco Giants,Arizona Diamondbacks,1,0,2023,1
717142,2023-08-03,New York Yankees,Houston Astros,4,3,2023,7
717143,2023-08-03,Milwaukee Brewers,Pittsburgh Pirates,14,1,2023,15
717145,2023-08-03,St. Louis Cardinals,Minnesota Twins,3,5,2023,8
717146,2023-08-03,Chicago Cubs,Cincinnati Reds,5,3,2023,8
717144,2023-08-03,Los Angeles Angels,Seattle Mariners,3,5,2023,8
717137,2023-08-03,Los Angeles Dodgers,Oakland Athletics,8,2,2023,10
717141,2023-08-04,Chicago Cubs,Atlanta Braves,0,8,2023,8
717139,2023-08-04,Cincinnati Reds,Washington Nationals,3,6,2023,9
717135,2023-08-04,Detroit Tigers,Tampa Bay Rays,0,8,2023,8
717134,2023-08-04,Baltimore Orioles,New York Mets,10,3,2023,13
717140,2023-08-04,Philadelphia Phillies,Kansas City Royals,5,7,2023,12
717138,2023-08-04,New York Yankees,Houston Astros,3,7,2023,10
717136,2023-08-04,Boston Red Sox,Toronto Blue Jays,3,7,2023,10
717132,2023-08-04,Cleveland Guardians,Chicago White Sox,4,2,2023,6
717133,2023-08-04,Texas Rangers,Miami Marlins,6,2,2023,8
717128,2023-08-04,Minnesota Twins,Arizona Diamondbacks,3,2,2023,5
717131,2023-08-04,Milwaukee Brewers,Pittsburgh Pirates,4,8,2023,12
717127,2023-08-04,St. Louis Cardinals,Colorado Rockies,4,9,2023,13
717130,2023-08-04,Los Angeles Angels,Seattle Mariners,7,9,2023,16
717129,2023-08-04,San Diego Padres,Los Angeles Dodgers,5,10,2023,15
717126,2023-08-05,New York Yankees,Houston Astros,3,1,2023,4
717122,2023-08-05,Detroit Tigers,Tampa Bay Rays,4,2,2023,6
717121,2023-08-05,Chicago Cubs,Atlanta Braves,8,6,2023,14
717124,2023-08-05,Texas Rangers,Miami Marlins,9,8,2023,17
717120,2023-08-05,Cincinnati Reds,Washington Nationals,3,7,2023,10
717125,2023-08-05,Boston Red Sox,Toronto Blue Jays,4,5,2023,9
717123,2023-08-05,Philadelphia Phillies,Kansas City Royals,9,6,2023,15
717114,2023-08-05,Baltimore Orioles,New York Mets,7,3,2023,10
717117,2023-08-05,Oakland Athletics,San Francisco Giants,2,1,2023,3
717118,2023-08-05,Minnesota Twins,Arizona Diamondbacks,12,1,2023,13
717115,2023-08-05,Cleveland Guardians,Chicago White Sox,4,7,2023,11
717116,2023-08-05,Milwaukee Brewers,Pittsburgh Pirates,3,2,2023,5
717119,2023-08-05,St. Louis Cardinals,Colorado Rockies,6,2,2023,8
717112,2023-08-05,San Diego Padres,Los Angeles Dodgers,8,3,2023,11
717109,2023-08-05,Los Angeles Angels,Seattle Mariners,2,3,2023,5
717108,2023-08-06,Cleveland Guardians,Chicago White Sox,3,5,2023,8
717107,2023-08-06,Baltimore Orioles,New York Mets,2,0,2023,2
717111,2023-08-06,Boston Red Sox,Toronto Blue Jays,1,13,2023,14
717113,2023-08-06,Philadelphia Phillies,Kansas City Royals,8,4,2023,12
717110,2023-08-06,New York Yankees,Houston Astros,7,9,2023,16
717104,2023-08-06,Cincinnati Reds,Washington Nationals,3,6,2023,9
717103,2023-08-06,Detroit Tigers,Tampa Bay Rays,6,10,2023,16
717106,2023-08-06,Minnesota Twins,Arizona Diamondbacks,5,3,2023,8
717105,2023-08-06,Milwaukee Brewers,Pittsburgh Pirates,1,4,2023,5
717099,2023-08-06,St. Louis Cardinals,Colorado Rockies,0,1,2023,1
717098,2023-08-06,Chicago Cubs,Atlanta Braves,6,4,2023,10
717102,2023-08-06,Texas Rangers,Miami Marlins,6,0,2023,6
717101,2023-08-06,Los Angeles Angels,Seattle Mariners,2,3,2023,5
717100,2023-08-06,Oakland Athletics,San Francisco Giants,8,6,2023,14
717093,2023-08-06,San Diego Padres,Los Angeles Dodgers,2,8,2023,10
717094,2023-08-07,San Diego Padres,Los Angeles Dodgers,7,13,2023,20
717091,2023-08-07,Detroit Tigers,Minnesota Twins,3,9,2023,12
717097,2023-08-07,Cincinnati Reds,Miami Marlins,5,2,2023,7
717095,2023-08-07,Pittsburgh Pirates,Atlanta Braves,7,6,2023,13
717089,2023-08-07,Boston Red Sox,Kansas City Royals,6,2,2023,8
717092,2023-08-07,New York Mets,Chicago Cubs,11,2,2023,13
717087,2023-08-07,Cleveland Guardians,Toronto Blue Jays,1,3,2023,4
717088,2023-08-07,Chicago White Sox,New York Yankees,5,1,2023,6
717086,2023-08-07,Milwaukee Brewers,Colorado Rockies,12,1,2023,13
717090,2023-08-07,Los Angeles Angels,San Francisco Giants,3,8,2023,11
717081,2023-08-07,Oakland Athletics,Texas Rangers,3,5,2023,8
717082,2023-08-08,Philadelphia Phillies,Washington Nationals,8,4,2023,12
717096,2023-08-08,Philadelphia Phillies,Washington Nationals,4,5,2023,9
717085,2023-08-08,Tampa Bay Rays,St. Louis Cardinals,4,2,2023,6
717076,2023-08-08,Detroit Tigers,Minnesota Twins,6,0,2023,6
717083,2023-08-08,Cincinnati Reds,Miami Marlins,2,3,2023,5
717084,2023-08-08,Baltimore Orioles,Houston Astros,6,7,2023,13
717079,2023-08-08,Pittsburgh Pirates,Atlanta Braves,6,8,2023,14
717077,2023-08-08,Boston Red Sox,Kansas City Royals,3,9,2023,12
717080,2023-08-08,New York Mets,Chicago Cubs,2,3,2023,5
717074,2023-08-08,Cleveland Guardians,Toronto Blue Jays,1,0,2023,1
717075,2023-08-08,Chicago White Sox,New York Yankees,1,7,2023,8
717078,2023-08-08,Milwaukee Brewers,Colorado Rockies,3,7,2023,10
717068,2023-08-08,Los Angeles Angels,San Francisco Giants,7,5,2023,12
717073,2023-08-08,Arizona Diamondbacks,Los Angeles Dodgers,4,5,2023,9
717072,2023-08-08,Seattle Mariners,San Diego Padres,2,0,2023,2
717069,2023-08-08,Oakland Athletics,Texas Rangers,1,6,2023,7
717070,2023-08-09,Cincinnati Reds,Miami Marlins,4,5,2023,9
717065,2023-08-09,Milwaukee Brewers,Colorado Rockies,7,6,2023,13
717063,2023-08-09,Oakland Athletics,Texas Rangers,2,0,2023,2
717064,2023-08-09,Tampa Bay Rays,St. Louis Cardinals,4,6,2023,10
717061,2023-08-09,Detroit Tigers,Minnesota Twins,9,5,2023,14
717066,2023-08-09,Philadelphia Phillies,Washington Nationals,7,0,2023,7
717067,2023-08-09,Baltimore Orioles,Houston Astros,2,8,2023,10
717058,2023-08-09,Pittsburgh Pirates,Atlanta Braves,5,6,2023,11
717059,2023-08-09,Boston Red Sox,Kansas City Royals,4,3,2023,7
717062,2023-08-09,New York Mets,Chicago Cubs,4,3,2023,7
717060,2023-08-09,Cleveland Guardians,Toronto Blue Jays,0,1,2023,1
717054,2023-08-09,Chicago White Sox,New York Yankees,9,2,2023,11
717071,2023-08-09,Los Angeles Angels,San Francisco Giants,4,1,2023,5
717057,2023-08-09,Arizona Diamondbacks,Los Angeles Dodgers,0,2,2023,2
717055,2023-08-09,Seattle Mariners,San Diego Padres,6,1,2023,7
717053,2023-08-10,Baltimore Orioles,Houston Astros,5,4,2023,9
717056,2023-08-10,Pittsburgh Pirates,Atlanta Braves,7,5,2023,12
717052,2023-08-10,Cleveland Guardians,Toronto Blue Jays,4,3,2023,7
717050,2023-08-10,Detroit Tigers,Minnesota Twins,3,0,2023,3
717048,2023-08-10,Tampa Bay Rays,St. Louis Cardinals,2,5,2023,7
717049,2023-08-10,Philadelphia Phillies,Washington Nationals,6,2,2023,8
717051,2023-08-10,Boston Red Sox,Kansas City Royals,2,0,2023,2
717045,2023-08-10,Los Angeles Dodgers,Colorado Rockies,2,1,2023,3
717038,2023-08-11,Tampa Bay Rays,Cleveland Guardians,9,8,2023,17
717047,2023-08-11,Miami Marlins,New York Yankees,4,9,2023,13
717043,2023-08-11,Washington Nationals,Oakland Athletics,8,2,2023,10
717046,2023-08-11,Pittsburgh Pirates,Cincinnati Reds,2,9,2023,11
717044,2023-08-11,Philadelphia Phillies,Minnesota Twins,13,2,2023,15
717041,2023-08-11,Toronto Blue Jays,Chicago Cubs,2,6,2023,8
717042,2023-08-11,Boston Red Sox,Detroit Tigers,5,2,2023,7
717040,2023-08-11,New York Mets,Atlanta Braves,0,7,2023,7
717037,2023-08-11,Houston Astros,Los Angeles Angels,11,3,2023,14
717039,2023-08-11,Kansas City Royals,St. Louis Cardinals,12,8,2023,20
717036,2023-08-11,Chicago White Sox,Milwaukee Brewers,6,7,2023,13
717035,2023-08-11,Arizona Diamondbacks,San Diego Padres,5,10,2023,15
717032,2023-08-11,Los Angeles Dodgers,Colorado Rockies,6,1,2023,7
717034,2023-08-11,Seattle Mariners,Baltimore Orioles,9,2,2023,11
717031,2023-08-11,San Francisco Giants,Texas Rangers,1,2,2023,3
718371,2023-08-12,New York Mets,Atlanta Braves,3,21,2023,24
717021,2023-08-12,New York Mets,Atlanta Braves,0,6,2023,6
717026,2023-08-12,Toronto Blue Jays,Chicago Cubs,4,5,2023,9
717033,2023-08-12,Boston Red Sox,Detroit Tigers,2,6,2023,8
717024,2023-08-12,Tampa Bay Rays,Cleveland Guardians,6,5,2023,11
717025,2023-08-12,Miami Marlins,New York Yankees,3,1,2023,4
717028,2023-08-12,Philadelphia Phillies,Minnesota Twins,1,8,2023,9
717030,2023-08-12,Washington Nationals,Oakland Athletics,3,2,2023,5
717019,2023-08-12,Kansas City Royals,St. Louis Cardinals,4,5,2023,9
717022,2023-08-12,Houston Astros,Los Angeles Angels,11,3,2023,14
717023,2023-08-12,Chicago White Sox,Milwaukee Brewers,2,3,2023,5
717020,2023-08-12,Arizona Diamondbacks,San Diego Padres,3,0,2023,3
717029,2023-08-12,San Francisco Giants,Texas Rangers,3,9,2023,12
717017,2023-08-12,Los Angeles Dodgers,Colorado Rockies,4,1,2023,5
717018,2023-08-12,Seattle Mariners,Baltimore Orioles,0,1,2023,1
717014,2023-08-13,Boston Red Sox,Detroit Tigers,6,3,2023,9
717016,2023-08-13,Washington Nationals,Oakland Athletics,8,7,2023,15
717015,2023-08-13,Pittsburgh Pirates,Cincinnati Reds,4,2,2023,6
717027,2023-08-13,Pittsburgh Pirates,Cincinnati Reds,5,6,2023,11
717009,2023-08-13,Philadelphia Phillies,Minnesota Twins,0,3,2023,3
717012,2023-08-13,Toronto Blue Jays,Chicago Cubs,11,4,2023,15
717010,2023-08-13,Tampa Bay Rays,Cleveland Guardians,2,9,2023,11
717011,2023-08-13,Miami Marlins,New York Yankees,8,7,2023,15
717004,2023-08-13,Houston Astros,Los Angeles Angels,1,2,2023,3
717006,2023-08-13,Chicago White Sox,Milwaukee Brewers,3,7,2023,10
717008,2023-08-13,San Francisco Giants,Texas Rangers,3,2,2023,5
717007,2023-08-13,Los Angeles Dodgers,Colorado Rockies,8,3,2023,11
717003,2023-08-13,Arizona Diamondbacks,San Diego Padres,5,4,2023,9
717005,2023-08-13,Seattle Mariners,Baltimore Orioles,3,5,2023,8
717013,2023-08-13,New York Mets,Atlanta Braves,7,6,2023,13
717000,2023-08-14,Miami Marlins,Houston Astros,5,1,2023,6
717002,2023-08-14,New York Mets,Pittsburgh Pirates,7,2,2023,9
717001,2023-08-14,Atlanta Braves,New York Yankees,11,3,2023,14
716995,2023-08-14,St. Louis Cardinals,Oakland Athletics,7,5,2023,12
716997,2023-08-14,Texas Rangers,Los Angeles Angels,12,0,2023,12
716994,2023-08-14,Kansas City Royals,Seattle Mariners,7,6,2023,13
716998,2023-08-14,Colorado Rockies,Arizona Diamondbacks,6,4,2023,10
716996,2023-08-14,San Diego Padres,Baltimore Orioles,1,4,2023,5
716999,2023-08-14,San Francisco Giants,Tampa Bay Rays,2,10,2023,12
716992,2023-08-15,Cincinnati Reds,Cleveland Guardians,0,3,2023,3
716991,2023-08-15,Miami Marlins,Houston Astros,5,6,2023,11
716993,2023-08-15,Washington Nationals,Boston Red Sox,4,5,2023,9
716990,2023-08-15,Toronto Blue Jays,Philadelphia Phillies,2,1,2023,3
716988,2023-08-15,New York Mets,Pittsburgh Pirates,4,7,2023,11
716987,2023-08-15,Atlanta Braves,New York Yankees,5,0,2023,5
716983,2023-08-15,Minnesota Twins,Detroit Tigers,5,3,2023,8
716984,2023-08-15,St. Louis Cardinals,Oakland Athletics,6,2,2023,8
716985,2023-08-15,Texas Rangers,Los Angeles Angels,7,3,2023,10
716986,2023-08-15,Chicago Cubs,Chicago White Sox,3,5,2023,8
716981,2023-08-15,Kansas City Royals,Seattle Mariners,8,10,2023,18
716978,2023-08-15,Colorado Rockies,Arizona Diamondbacks,5,8,2023,13
716980,2023-08-15,San Diego Padres,Baltimore Orioles,10,3,2023,13
716989,2023-08-15,San Francisco Giants,Tampa Bay Rays,7,0,2023,7
716979,2023-08-15,Los Angeles Dodgers,Milwaukee Brewers,6,2,2023,8
716974,2023-08-16,New York Mets,Pittsburgh Pirates,8,3,2023,11
716976,2023-08-16,Minnesota Twins,Detroit Tigers,7,8,2023,15
716977,2023-08-16,Colorado Rockies,Arizona Diamondbacks,7,9,2023,16
716975,2023-08-16,San Francisco Giants,Tampa Bay Rays,1,6,2023,7
716973,2023-08-16,Cincinnati Reds,Cleveland Guardians,7,2,2023,9
716972,2023-08-16,Miami Marlins,Houston Astros,5,12,2023,17
716969,2023-08-16,St. Louis Cardinals,Oakland Athletics,0,8,2023,8
716982,2023-08-16,Washington Nationals,Boston Red Sox,6,2,2023,8
716967,2023-08-16,Toronto Blue Jays,Philadelphia Phillies,4,9,2023,13
716970,2023-08-16,Atlanta Braves,New York Yankees,2,0,2023,2
716971,2023-08-16,Texas Rangers,Los Angeles Angels,0,2,2023,2
716968,2023-08-16,Chicago Cubs,Chicago White Sox,4,3,2023,7
716963,2023-08-16,Kansas City Royals,Seattle Mariners,5,6,2023,11
716965,2023-08-16,San Diego Padres,Baltimore Orioles,5,2,2023,7
716962,2023-08-16,Los Angeles Dodgers,Milwaukee Brewers,7,1,2023,8
716964,2023-08-17,Kansas City Royals,Seattle Mariners,4,6,2023,10
716966,2023-08-17,Washington Nationals,Boston Red Sox,10,7,2023,17
716958,2023-08-17,St. Louis Cardinals,New York Mets,2,4,2023,6
716957,2023-08-17,San Diego Padres,Arizona Diamondbacks,1,3,2023,4
716961,2023-08-17,Los Angeles Dodgers,Milwaukee Brewers,1,0,2023,1
716955,2023-08-18,Chicago Cubs,Kansas City Royals,3,4,2023,7
716956,2023-08-18,Cleveland Guardians,Detroit Tigers,2,4,2023,6
716959,2023-08-18,Cleveland Guardians,Detroit Tigers,4,1,2023,5
716954,2023-08-18,Cincinnati Reds,Toronto Blue Jays,1,0,2023,1
716960,2023-08-18,Washington Nationals,Philadelphia Phillies,8,7,2023,15
716953,2023-08-18,New York Yankees,Boston Red Sox,3,8,2023,11
716949,2023-08-18,Atlanta Braves,San Francisco Giants,4,0,2023,4
716950,2023-08-18,Texas Rangers,Milwaukee Brewers,8,9,2023,17
716948,2023-08-18,Houston Astros,Seattle Mariners,0,2,2023,2
716951,2023-08-18,Minnesota Twins,Pittsburgh Pirates,5,1,2023,6
716952,2023-08-18,St. Louis Cardinals,New York Mets,1,7,2023,8
716947,2023-08-18,Colorado Rockies,Chicago White Sox,14,1,2023,15
716945,2023-08-18,Los Angeles Angels,Tampa Bay Rays,6,9,2023,15
716944,2023-08-18,Oakland Athletics,Baltimore Orioles,4,9,2023,13
716942,2023-08-18,San Diego Padres,Arizona Diamondbacks,4,0,2023,4
716946,2023-08-18,Los Angeles Dodgers,Miami Marlins,3,11,2023,14
716943,2023-08-19,New York Yankees,Boston Red Sox,1,8,2023,9
716937,2023-08-19,Chicago Cubs,Kansas City Royals,6,4,2023,10
716909,2023-08-19,Los Angeles Dodgers,Miami Marlins,3,1,2023,4
716926,2023-08-19,Los Angeles Dodgers,Miami Marlins,3,1,2023,4
716919,2023-08-19,San Diego Padres,Arizona Diamondbacks,4,6,2023,10
716931,2023-08-19,San Diego Padres,Arizona Diamondbacks,1,8,2023,9
716941,2023-08-19,Washington Nationals,Philadelphia Phillies,3,12,2023,15
716938,2023-08-19,Texas Rangers,Milwaukee Brewers,1,6,2023,7
716915,2023-08-19,Los Angeles Angels,Tampa Bay Rays,7,6,2023,13
716925,2023-08-19,Los Angeles Angels,Tampa Bay Rays,4,18,2023,22
716935,2023-08-19,Cincinnati Reds,Toronto Blue Jays,3,4,2023,7
716939,2023-08-19,Cleveland Guardians,Detroit Tigers,3,4,2023,7
716932,2023-08-19,Houston Astros,Seattle Mariners,3,10,2023,13
716936,2023-08-19,Minnesota Twins,Pittsburgh Pirates,4,7,2023,11
716940,2023-08-19,St. Louis Cardinals,New York Mets,2,13,2023,15
716934,2023-08-19,Atlanta Braves,San Francisco Giants,6,5,2023,11
716933,2023-08-19,Colorado Rockies,Chicago White Sox,11,5,2023,16
716930,2023-08-19,Oakland Athletics,Baltimore Orioles,2,7,2023,9
716920,2023-08-20,Houston Astros,Seattle Mariners,6,7,2023,13
716927,2023-08-20,Atlanta Braves,San Francisco Giants,3,4,2023,7
716928,2023-08-20,New York Yankees,Boston Red Sox,5,6,2023,11
716922,2023-08-20,Cleveland Guardians,Detroit Tigers,1,4,2023,5
716924,2023-08-20,Cincinnati Reds,Toronto Blue Jays,3,10,2023,13
716923,2023-08-20,Minnesota Twins,Pittsburgh Pirates,2,0,2023,2
716921,2023-08-20,St. Louis Cardinals,New York Mets,7,3,2023,10
716917,2023-08-20,Chicago Cubs,Kansas City Royals,4,3,2023,7
716918,2023-08-20,Texas Rangers,Milwaukee Brewers,2,6,2023,8
716916,2023-08-20,Colorado Rockies,Chicago White Sox,5,10,2023,15
716914,2023-08-20,Oakland Athletics,Baltimore Orioles,1,12,2023,13
716929,2023-08-20,Washington Nationals,Philadelphia Phillies,4,3,2023,7
716913,2023-08-21,Detroit Tigers,Chicago Cubs,6,7,2023,13
716911,2023-08-21,Philadelphia Phillies,San Francisco Giants,10,4,2023,14
716912,2023-08-21,Pittsburgh Pirates,St. Louis Cardinals,11,1,2023,12
716910,2023-08-21,Atlanta Braves,New York Mets,4,10,2023,14
716908,2023-08-21,Houston Astros,Boston Red Sox,9,4,2023,13
716905,2023-08-21,Chicago White Sox,Seattle Mariners,2,14,2023,16
716904,2023-08-21,Oakland Athletics,Kansas City Royals,6,4,2023,10
716906,2023-08-21,Arizona Diamondbacks,Texas Rangers,4,3,2023,7
716907,2023-08-21,San Diego Padres,Miami Marlins,6,2,2023,8
716896,2023-08-22,Detroit Tigers,Chicago Cubs,8,6,2023,14
716898,2023-08-22,Tampa Bay Rays,Colorado Rockies,12,4,2023,16
716899,2023-08-22,Philadelphia Phillies,San Francisco Giants,4,3,2023,7
716901,2023-08-22,Pittsburgh Pirates,St. Louis Cardinals,6,3,2023,9
716902,2023-08-22,Baltimore Orioles,Toronto Blue Jays,3,6,2023,9
716900,2023-08-22,New York Yankees,Washington Nationals,1,2,2023,3
716897,2023-08-22,Cleveland Guardians,Los Angeles Dodgers,8,3,2023,11
716891,2023-08-22,Atlanta Braves,New York Mets,3,2,2023,5
716895,2023-08-22,Houston Astros,Boston Red Sox,7,3,2023,10
716893,2023-08-22,Chicago White Sox,Seattle Mariners,3,6,2023,9
716894,2023-08-22,Milwaukee Brewers,Minnesota Twins,7,3,2023,10
716892,2023-08-22,Los Angeles Angels,Cincinnati Reds,3,4,2023,7
716888,2023-08-22,Oakland Athletics,Kansas City Royals,5,4,2023,9
716889,2023-08-22,Arizona Diamondbacks,Texas Rangers,6,3,2023,9
716887,2023-08-22,San Diego Padres,Miami Marlins,0,3,2023,3
716886,2023-08-23,Pittsburgh Pirates,St. Louis Cardinals,4,6,2023,10
716885,2023-08-23,Detroit Tigers,Chicago Cubs,4,6,2023,10
716881,2023-08-23,Chicago White Sox,Seattle Mariners,5,4,2023,9
716882,2023-08-23,Milwaukee Brewers,Minnesota Twins,8,7,2023,15
716884,2023-08-23,Oakland Athletics,Kansas City Royals,0,4,2023,4
716879,2023-08-23,Philadelphia Phillies,San Francisco Giants,6,8,2023,14
716890,2023-08-23,Los Angeles Angels,Cincinnati Reds,4,9,2023,13
716903,2023-08-23,Los Angeles Angels,Cincinnati Reds,3,7,2023,10
716883,2023-08-23,San Diego Padres,Miami Marlins,4,0,2023,4
716880,2023-08-23,Tampa Bay Rays,Colorado Rockies,6,5,2023,11
716874,2023-08-23,Baltimore Orioles,Toronto Blue Jays,7,0,2023,7
716877,2023-08-23,New York Yankees,Washington Nationals,9,1,2023,10
716875,2023-08-23,Cleveland Guardians,Los Angeles Dodgers,1,6,2023,7
716876,2023-08-23,Atlanta Braves,New York Mets,7,0,2023,7
716878,2023-08-23,Houston Astros,Boston Red Sox,5,7,2023,12
716872,2023-08-24,New York Yankees,Washington Nationals,5,6,2023,11
716869,2023-08-24,Tampa Bay Rays,Colorado Rockies,5,3,2023,8
716873,2023-08-24,Houston Astros,Boston Red Sox,1,17,2023,18
716871,2023-08-24,Cleveland Guardians,Los Angeles Dodgers,3,9,2023,12
716870,2023-08-24,Pittsburgh Pirates,Chicago Cubs,4,5,2023,9
716865,2023-08-24,Baltimore Orioles,Toronto Blue Jays,5,3,2023,8
716867,2023-08-24,Minnesota Twins,Texas Rangers,7,5,2023,12
716864,2023-08-24,Chicago White Sox,Oakland Athletics,5,8,2023,13
716868,2023-08-24,Arizona Diamondbacks,Cincinnati Reds,3,2,2023,5
716858,2023-08-25,Detroit Tigers,Houston Astros,4,1,2023,5
716863,2023-08-25,Miami Marlins,Washington Nationals,4,7,2023,11
716854,2023-08-25,Tampa Bay Rays,New York Yankees,2,6,2023,8
716859,2023-08-25,Baltimore Orioles,Colorado Rockies,5,4,2023,9
716862,2023-08-25,Pittsburgh Pirates,Chicago Cubs,2,1,2023,3
716861,2023-08-25,Philadelphia Phillies,St. Louis Cardinals,7,2,2023,9
716860,2023-08-25,Toronto Blue Jays,Cleveland Guardians,2,5,2023,7
716866,2023-08-25,Boston Red Sox,Los Angeles Dodgers,4,7,2023,11
716855,2023-08-25,New York Mets,Los Angeles Angels,1,3,2023,4
716856,2023-08-25,Chicago White Sox,Oakland Athletics,4,12,2023,16
716850,2023-08-25,Minnesota Twins,Texas Rangers,12,2,2023,14
716857,2023-08-25,Milwaukee Brewers,San Diego Padres,7,3,2023,10
716851,2023-08-25,Arizona Diamondbacks,Cincinnati Reds,10,8,2023,18
716853,2023-08-25,Seattle Mariners,Kansas City Royals,7,5,2023,12
716852,2023-08-25,San Francisco Giants,Atlanta Braves,1,5,2023,6
716846,2023-08-26,Toronto Blue Jays,Cleveland Guardians,8,3,2023,11
716848,2023-08-26,San Francisco Giants,Atlanta Braves,3,7,2023,10
716849,2023-08-26,Boston Red Sox,Los Angeles Dodgers,8,5,2023,13
716832,2023-08-26,Seattle Mariners,Kansas City Royals,15,2,2023,17
716844,2023-08-26,Miami Marlins,Washington Nationals,2,3,2023,5
716845,2023-08-26,Tampa Bay Rays,New York Yankees,3,0,2023,3
716843,2023-08-26,Detroit Tigers,Houston Astros,2,9,2023,11
716837,2023-08-26,Baltimore Orioles,Colorado Rockies,5,4,2023,9
716840,2023-08-26,New York Mets,Los Angeles Angels,3,5,2023,8
716841,2023-08-26,Chicago White Sox,Oakland Athletics,6,2,2023,8
716838,2023-08-26,Milwaukee Brewers,San Diego Padres,5,4,2023,9
716842,2023-08-26,Pittsburgh Pirates,Chicago Cubs,6,10,2023,16
716839,2023-08-26,Minnesota Twins,Texas Rangers,2,6,2023,8
716847,2023-08-26,Philadelphia Phillies,St. Louis Cardinals,12,1,2023,13
716833,2023-08-26,Arizona Diamondbacks,Cincinnati Reds,7,8,2023,15
716829,2023-08-27,New York Mets,Los Angeles Angels,3,2,2023,5
716836,2023-08-27,Baltimore Orioles,Colorado Rockies,3,4,2023,7
716831,2023-08-27,Boston Red Sox,Los Angeles Dodgers,4,7,2023,11
716834,2023-08-27,Pittsburgh Pirates,Chicago Cubs,1,10,2023,11
716835,2023-08-27,Philadelphia Phillies,St. Louis Cardinals,3,0,2023,3
716825,2023-08-27,Toronto Blue Jays,Cleveland Guardians,7,10,2023,17
716830,2023-08-27,Detroit Tigers,Houston Astros,4,17,2023,21
716827,2023-08-27,Miami Marlins,Washington Nationals,2,1,2023,3
716828,2023-08-27,Tampa Bay Rays,New York Yankees,7,4,2023,11
716824,2023-08-27,Minnesota Twins,Texas Rangers,7,6,2023,13
716826,2023-08-27,Chicago White Sox,Oakland Athletics,6,1,2023,7
716822,2023-08-27,Milwaukee Brewers,San Diego Padres,10,6,2023,16
716821,2023-08-27,Arizona Diamondbacks,Cincinnati Reds,5,2,2023,7
716820,2023-08-27,Seattle Mariners,Kansas City Royals,3,2,2023,5
716819,2023-08-27,San Francisco Giants,Atlanta Braves,8,5,2023,13
716817,2023-08-28,Philadelphia Phillies,Los Angeles Angels,6,4,2023,10
716808,2023-08-28,Detroit Tigers,New York Yankees,1,4,2023,5
716815,2023-08-28,Baltimore Orioles,Chicago White Sox,9,0,2023,9
716816,2023-08-28,Toronto Blue Jays,Washington Nationals,6,3,2023,9
716814,2023-08-28,Boston Red Sox,Houston Astros,5,13,2023,18
716818,2023-08-28,New York Mets,Texas Rangers,3,4,2023,7
716813,2023-08-28,Minnesota Twins,Cleveland Guardians,10,6,2023,16
716809,2023-08-28,St. Louis Cardinals,San Diego Padres,1,4,2023,5
716810,2023-08-28,Chicago Cubs,Milwaukee Brewers,2,6,2023,8
716811,2023-08-28,Kansas City Royals,Pittsburgh Pirates,0,5,2023,5
716812,2023-08-28,Colorado Rockies,Atlanta Braves,4,14,2023,18
716804,2023-08-28,Seattle Mariners,Oakland Athletics,7,0,2023,7
716823,2023-08-28,San Francisco Giants,Cincinnati Reds,4,1,2023,5
716805,2023-08-28,Los Angeles Dodgers,Arizona Diamondbacks,7,4,2023,11
716806,2023-08-29,Philadelphia Phillies,Los Angeles Angels,12,7,2023,19
716807,2023-08-29,Miami Marlins,Tampa Bay Rays,2,11,2023,13
716795,2023-08-29,Detroit Tigers,New York Yankees,2,4,2023,6
716800,2023-08-29,Baltimore Orioles,Chicago White Sox,9,3,2023,12
716801,2023-08-29,Toronto Blue Jays,Washington Nationals,4,5,2023,9
716802,2023-08-29,Boston Red Sox,Houston Astros,2,6,2023,8
716799,2023-08-29,New York Mets,Texas Rangers,1,2,2023,3
716796,2023-08-29,Minnesota Twins,Cleveland Guardians,2,4,2023,6
716797,2023-08-29,St. Louis Cardinals,San Diego Padres,6,5,2023,11
716798,2023-08-29,Chicago Cubs,Milwaukee Brewers,1,0,2023,1
716793,2023-08-29,Kansas City Royals,Pittsburgh Pirates,3,6,2023,9
716791,2023-08-29,Colorado Rockies,Atlanta Braves,1,3,2023,4
716790,2023-08-29,Seattle Mariners,Oakland Athletics,1,3,2023,4
716803,2023-08-29,San Francisco Giants,Cincinnati Reds,6,1,2023,7
716792,2023-08-29,Los Angeles Dodgers,Arizona Diamondbacks,9,1,2023,10
716787,2023-08-30,Philadelphia Phillies,Los Angeles Angels,8,10,2023,18
716786,2023-08-30,Baltimore Orioles,Chicago White Sox,5,10,2023,15
716784,2023-08-30,Minnesota Twins,Cleveland Guardians,2,5,2023,7
716782,2023-08-30,St. Louis Cardinals,San Diego Padres,5,4,2023,9
716779,2023-08-30,Chicago Cubs,Milwaukee Brewers,3,2,2023,5
716785,2023-08-30,Toronto Blue Jays,Washington Nationals,7,0,2023,7
716789,2023-08-30,San Francisco Giants,Cincinnati Reds,1,4,2023,5
716794,2023-08-30,Boston Red Sox,Houston Astros,4,7,2023,11
716788,2023-08-30,Seattle Mariners,Oakland Athletics,5,4,2023,9
716783,2023-08-30,New York Mets,Texas Rangers,6,5,2023,11
716778,2023-08-30,Miami Marlins,Tampa Bay Rays,0,3,2023,3
716781,2023-08-30,Detroit Tigers,New York Yankees,2,6,2023,8
716780,2023-08-30,Kansas City Royals,Pittsburgh Pirates,1,4,2023,5
716773,2023-08-30,Colorado Rockies,Atlanta Braves,3,7,2023,10
716774,2023-08-30,Los Angeles Dodgers,Arizona Diamondbacks,7,0,2023,7
716775,2023-08-31,Detroit Tigers,New York Yankees,4,3,2023,7
716776,2023-08-31,Washington Nationals,Miami Marlins,1,6,2023,7
716777,2023-08-31,San Diego Padres,San Francisco Giants,2,7,2023,9
716768,2023-08-31,Los Angeles Dodgers,Atlanta Braves,7,8,2023,15
718700,2023-09-01,Cincinnati Reds,Chicago Cubs,2,6,2023,8
716770,2023-09-01,Cincinnati Reds,Chicago Cubs,3,2,2023,5
716771,2023-09-01,Washington Nationals,Miami Marlins,5,8,2023,13
716769,2023-09-01,New York Mets,Seattle Mariners,2,1,2023,3
716767,2023-09-01,Cleveland Guardians,Tampa Bay Rays,3,2,2023,5
716772,2023-09-01,Texas Rangers,Minnesota Twins,1,5,2023,6
716764,2023-09-01,Kansas City Royals,Boston Red Sox,13,2,2023,15
716762,2023-09-01,Chicago White Sox,Detroit Tigers,2,4,2023,6
716763,2023-09-01,Houston Astros,New York Yankees,2,6,2023,8
716765,2023-09-01,Milwaukee Brewers,Philadelphia Phillies,7,5,2023,12
716766,2023-09-01,St. Louis Cardinals,Pittsburgh Pirates,2,4,2023,6
716759,2023-09-01,Colorado Rockies,Toronto Blue Jays,9,13,2023,22
716756,2023-09-01,Arizona Diamondbacks,Baltimore Orioles,4,2,2023,6
716758,2023-09-01,Oakland Athletics,Los Angeles Angels,9,2,2023,11
716761,2023-09-01,San Diego Padres,San Francisco Giants,7,3,2023,10
716757,2023-09-01,Los Angeles Dodgers,Atlanta Braves,3,6,2023,9
716760,2023-09-02,Washington Nationals,Miami Marlins,5,11,2023,16
716755,2023-09-02,Oakland Athletics,Los Angeles Angels,2,1,2023,3
716754,2023-09-02,Cleveland Guardians,Tampa Bay Rays,7,6,2023,13
716753,2023-09-02,Cincinnati Reds,Chicago Cubs,2,1,2023,3
716750,2023-09-02,Kansas City Royals,Boston Red Sox,5,9,2023,14
716751,2023-09-02,New York Mets,Seattle Mariners,7,8,2023,15
716749,2023-09-02,Chicago White Sox,Detroit Tigers,0,10,2023,10
716746,2023-09-02,Houston Astros,New York Yankees,4,5,2023,9
716744,2023-09-02,St. Louis Cardinals,Pittsburgh Pirates,6,7,2023,13
716752,2023-09-02,Texas Rangers,Minnesota Twins,7,9,2023,16
716745,2023-09-02,Milwaukee Brewers,Philadelphia Phillies,7,5,2023,12
716747,2023-09-02,Arizona Diamondbacks,Baltimore Orioles,3,7,2023,10
716748,2023-09-02,Colorado Rockies,Toronto Blue Jays,8,7,2023,15
716743,2023-09-02,San Diego Padres,San Francisco Giants,6,1,2023,7
716741,2023-09-02,Los Angeles Dodgers,Atlanta Braves,2,4,2023,6
716738,2023-09-03,Cincinnati Reds,Chicago Cubs,7,15,2023,22
716736,2023-09-03,Milwaukee Brewers,Philadelphia Phillies,2,4,2023,6
716740,2023-09-03,Washington Nationals,Miami Marlins,4,6,2023,10
716742,2023-09-03,New York Mets,Seattle Mariners,6,3,2023,9
716739,2023-09-03,Kansas City Royals,Boston Red Sox,3,7,2023,10
716734,2023-09-03,Chicago White Sox,Detroit Tigers,2,3,2023,5
716733,2023-09-03,St. Louis Cardinals,Pittsburgh Pirates,6,4,2023,10
716737,2023-09-03,Texas Rangers,Minnesota Twins,6,5,2023,11
716730,2023-09-03,Colorado Rockies,Toronto Blue Jays,5,7,2023,12
716731,2023-09-03,Oakland Athletics,Los Angeles Angels,10,6,2023,16
716732,2023-09-03,Arizona Diamondbacks,Baltimore Orioles,5,8,2023,13
716728,2023-09-03,San Diego Padres,San Francisco Giants,4,0,2023,4
716729,2023-09-03,Cleveland Guardians,Tampa Bay Rays,2,6,2023,8
716725,2023-09-03,Los Angeles Dodgers,Atlanta Braves,3,1,2023,4
716735,2023-09-03,Houston Astros,New York Yankees,1,6,2023,7
716681,2023-09-04,Kansas City Royals,Chicago White Sox,12,1,2023,13
716723,2023-09-04,Chicago Cubs,San Francisco Giants,5,0,2023,5
716724,2023-09-04,Texas Rangers,Houston Astros,6,13,2023,19
716726,2023-09-04,Oakland Athletics,Toronto Blue Jays,5,6,2023,11
716721,2023-09-04,Arizona Diamondbacks,Colorado Rockies,4,2,2023,6
716727,2023-09-04,Cincinnati Reds,Seattle Mariners,6,3,2023,9
716722,2023-09-04,Tampa Bay Rays,Boston Red Sox,3,7,2023,10
716719,2023-09-04,Cleveland Guardians,Minnesota Twins,6,20,2023,26
716718,2023-09-04,Pittsburgh Pirates,Milwaukee Brewers,4,2,2023,6
716720,2023-09-04,San Diego Padres,Philadelphia Phillies,7,9,2023,16
716713,2023-09-04,Los Angeles Angels,Baltimore Orioles,3,6,2023,9
716717,2023-09-05,Cleveland Guardians,Minnesota Twins,3,8,2023,11
716714,2023-09-05,Pittsburgh Pirates,Milwaukee Brewers,3,7,2023,10
716712,2023-09-05,Cincinnati Reds,Seattle Mariners,7,6,2023,13
716716,2023-09-05,Tampa Bay Rays,Boston Red Sox,8,6,2023,14
716710,2023-09-05,Miami Marlins,Los Angeles Dodgers,6,3,2023,9
716715,2023-09-05,Washington Nationals,New York Mets,5,11,2023,16
716711,2023-09-05,New York Yankees,Detroit Tigers,5,1,2023,6
716709,2023-09-05,Atlanta Braves,St. Louis Cardinals,6,10,2023,16
716708,2023-09-05,Chicago Cubs,San Francisco Giants,11,8,2023,19
716704,2023-09-05,Kansas City Royals,Chicago White Sox,7,6,2023,13
716705,2023-09-05,Texas Rangers,Houston Astros,1,14,2023,15
716706,2023-09-05,Los Angeles Angels,Baltimore Orioles,4,5,2023,9
716702,2023-09-05,Arizona Diamondbacks,Colorado Rockies,2,3,2023,5
716707,2023-09-05,Oakland Athletics,Toronto Blue Jays,1,7,2023,8
716703,2023-09-05,San Diego Padres,Philadelphia Phillies,8,0,2023,8
716697,2023-09-06,Pittsburgh Pirates,Milwaukee Brewers,5,4,2023,9
716700,2023-09-06,Cleveland Guardians,Minnesota Twins,2,1,2023,3
716699,2023-09-06,Chicago Cubs,San Francisco Giants,8,2,2023,10
716698,2023-09-06,Oakland Athletics,Toronto Blue Jays,5,2,2023,7
716692,2023-09-06,Arizona Diamondbacks,Colorado Rockies,12,5,2023,17
716691,2023-09-06,San Diego Padres,Philadelphia Phillies,1,5,2023,6
716693,2023-09-06,Cincinnati Reds,Seattle Mariners,4,8,2023,12
716696,2023-09-06,Tampa Bay Rays,Boston Red Sox,3,1,2023,4
716695,2023-09-06,Miami Marlins,Los Angeles Dodgers,11,4,2023,15
716701,2023-09-06,Washington Nationals,New York Mets,3,2,2023,5
716694,2023-09-06,New York Yankees,Detroit Tigers,4,3,2023,7
716689,2023-09-06,Atlanta Braves,St. Louis Cardinals,6,11,2023,17
716688,2023-09-06,Kansas City Royals,Chicago White Sox,4,6,2023,10
716687,2023-09-06,Texas Rangers,Houston Astros,3,12,2023,15
716690,2023-09-06,Los Angeles Angels,Baltimore Orioles,3,10,2023,13
716683,2023-09-07,Tampa Bay Rays,Seattle Mariners,0,1,2023,1
716682,2023-09-07,Miami Marlins,Los Angeles Dodgers,0,10,2023,10
716686,2023-09-07,New York Yankees,Detroit Tigers,3,10,2023,13
716680,2023-09-07,Atlanta Braves,St. Louis Cardinals,8,5,2023,13
716685,2023-09-07,Chicago Cubs,Arizona Diamondbacks,2,6,2023,8
716684,2023-09-07,Los Angeles Angels,Cleveland Guardians,3,2,2023,5
716678,2023-09-08,Chicago Cubs,Arizona Diamondbacks,0,1,2023,1
716677,2023-09-08,Cincinnati Reds,St. Louis Cardinals,4,9,2023,13
716671,2023-09-08,Tampa Bay Rays,Seattle Mariners,7,4,2023,11
716675,2023-09-08,Detroit Tigers,Chicago White Sox,0,6,2023,6
716676,2023-09-08,Washington Nationals,Los Angeles Dodgers,5,8,2023,13
716679,2023-09-08,Philadelphia Phillies,Miami Marlins,2,3,2023,5
716670,2023-09-08,New York Yankees,Milwaukee Brewers,2,8,2023,10
716673,2023-09-08,Toronto Blue Jays,Kansas City Royals,5,4,2023,9
716672,2023-09-08,Boston Red Sox,Baltimore Orioles,2,11,2023,13
716674,2023-09-08,Atlanta Braves,Pittsburgh Pirates,8,2,2023,10
716665,2023-09-08,Texas Rangers,Oakland Athletics,3,6,2023,9
716669,2023-09-08,Houston Astros,San Diego Padres,2,11,2023,13
716666,2023-09-08,Minnesota Twins,New York Mets,5,2,2023,7
716667,2023-09-08,Los Angeles Angels,Cleveland Guardians,3,6,2023,9
716668,2023-09-08,San Francisco Giants,Colorado Rockies,9,8,2023,17
716659,2023-09-09,New York Yankees,Milwaukee Brewers,2,9,2023,11
716654,2023-09-09,Minnesota Twins,New York Mets,8,4,2023,12
716660,2023-09-09,Chicago Cubs,Arizona Diamondbacks,2,3,2023,5
716661,2023-09-09,Toronto Blue Jays,Kansas City Royals,5,1,2023,6
716662,2023-09-09,Washington Nationals,Los Angeles Dodgers,7,6,2023,13
716656,2023-09-09,Tampa Bay Rays,Seattle Mariners,7,5,2023,12
716664,2023-09-09,Boston Red Sox,Baltimore Orioles,12,13,2023,25
716653,2023-09-09,Philadelphia Phillies,Miami Marlins,8,4,2023,12
716658,2023-09-09,Detroit Tigers,Chicago White Sox,3,1,2023,4
716655,2023-09-09,Cincinnati Reds,St. Louis Cardinals,3,4,2023,7
716657,2023-09-09,Texas Rangers,Oakland Athletics,3,2,2023,5
716649,2023-09-09,Houston Astros,San Diego Padres,7,5,2023,12
716651,2023-09-09,Atlanta Braves,Pittsburgh Pirates,4,8,2023,12
716663,2023-09-09,San Francisco Giants,Colorado Rockies,9,1,2023,10
716650,2023-09-09,Los Angeles Angels,Cleveland Guardians,6,2,2023,8
716643,2023-09-10,Philadelphia Phillies,Miami Marlins,4,5,2023,9
716645,2023-09-10,Tampa Bay Rays,Seattle Mariners,6,3,2023,9
716648,2023-09-10,Detroit Tigers,Chicago White Sox,3,2,2023,5
716652,2023-09-10,Boston Red Sox,Baltimore Orioles,7,3,2023,10
716647,2023-09-10,Washington Nationals,Los Angeles Dodgers,3,7,2023,10
716644,2023-09-10,Atlanta Braves,Pittsburgh Pirates,5,2,2023,7
716646,2023-09-10,New York Yankees,Milwaukee Brewers,4,3,2023,7
716641,2023-09-10,Toronto Blue Jays,Kansas City Royals,5,2,2023,7
716642,2023-09-10,Cincinnati Reds,St. Louis Cardinals,7,1,2023,8
716640,2023-09-10,Houston Astros,San Diego Padres,12,2,2023,14
716639,2023-09-10,Minnesota Twins,New York Mets,0,2,2023,2
716638,2023-09-10,Chicago Cubs,Arizona Diamondbacks,5,2,2023,7
716637,2023-09-10,Texas Rangers,Oakland Athletics,9,4,2023,13
716633,2023-09-10,Los Angeles Angels,Cleveland Guardians,2,1,2023,3
716634,2023-09-10,San Francisco Giants,Colorado Rockies,6,3,2023,9
717664,2023-09-11,Philadelphia Phillies,Atlanta Braves,8,10,2023,18
716590,2023-09-11,Philadelphia Phillies,Atlanta Braves,7,5,2023,12
716635,2023-09-11,Pittsburgh Pirates,Washington Nationals,2,6,2023,8
716636,2023-09-11,Baltimore Orioles,St. Louis Cardinals,11,5,2023,16
716630,2023-09-11,Toronto Blue Jays,Texas Rangers,4,10,2023,14
716627,2023-09-11,New York Mets,Arizona Diamondbacks,3,4,2023,7
716629,2023-09-11,Minnesota Twins,Tampa Bay Rays,4,7,2023,11
716626,2023-09-11,Milwaukee Brewers,Miami Marlins,12,0,2023,12
716624,2023-09-11,Houston Astros,Oakland Athletics,0,4,2023,4
716625,2023-09-11,Colorado Rockies,Chicago Cubs,4,5,2023,9
716623,2023-09-11,Seattle Mariners,Los Angeles Angels,5,8,2023,13
716632,2023-09-11,San Francisco Giants,Cleveland Guardians,5,4,2023,9
716622,2023-09-11,Los Angeles Dodgers,San Diego Padres,8,11,2023,19
716628,2023-09-12,Boston Red Sox,New York Yankees,2,3,2023,5
716612,2023-09-12,Boston Red Sox,New York Yankees,1,4,2023,5
716611,2023-09-12,Chicago White Sox,Kansas City Royals,6,2,2023,8
716631,2023-09-12,Chicago White Sox,Kansas City Royals,10,11,2023,21
716620,2023-09-12,Pittsburgh Pirates,Washington Nationals,5,1,2023,6
716621,2023-09-12,Baltimore Orioles,St. Louis Cardinals,2,5,2023,7
716617,2023-09-12,Detroit Tigers,Cincinnati Reds,5,6,2023,11
716618,2023-09-12,Philadelphia Phillies,Atlanta Braves,6,7,2023,13
716616,2023-09-12,Toronto Blue Jays,Texas Rangers,3,6,2023,9
716615,2023-09-12,New York Mets,Arizona Diamondbacks,7,4,2023,11
716613,2023-09-12,Minnesota Twins,Tampa Bay Rays,3,2,2023,5
716610,2023-09-12,Milwaukee Brewers,Miami Marlins,3,1,2023,4
716614,2023-09-12,Houston Astros,Oakland Athletics,2,6,2023,8
716609,2023-09-12,Colorado Rockies,Chicago Cubs,6,4,2023,10
716606,2023-09-12,Seattle Mariners,Los Angeles Angels,8,0,2023,8
716619,2023-09-12,San Francisco Giants,Cleveland Guardians,1,3,2023,4
716608,2023-09-12,Los Angeles Dodgers,San Diego Padres,11,2,2023,13
716607,2023-09-13,Minnesota Twins,Tampa Bay Rays,4,5,2023,9
716599,2023-09-13,Colorado Rockies,Chicago Cubs,7,3,2023,10
716605,2023-09-13,San Francisco Giants,Cleveland Guardians,6,5,2023,11
716602,2023-09-13,Seattle Mariners,Los Angeles Angels,3,2,2023,5
716600,2023-09-13,Pittsburgh Pirates,Washington Nationals,7,6,2023,13
716604,2023-09-13,Baltimore Orioles,St. Louis Cardinals,0,1,2023,1
716601,2023-09-13,Detroit Tigers,Cincinnati Reds,3,4,2023,7
716603,2023-09-13,Philadelphia Phillies,Atlanta Braves,1,4,2023,5
716594,2023-09-13,Toronto Blue Jays,Texas Rangers,0,10,2023,10
716595,2023-09-13,New York Mets,Arizona Diamondbacks,7,1,2023,8
716596,2023-09-13,Houston Astros,Oakland Athletics,6,2,2023,8
716598,2023-09-13,Chicago White Sox,Kansas City Royals,1,7,2023,8
716592,2023-09-13,Milwaukee Brewers,Miami Marlins,0,2,2023,2
716589,2023-09-13,Los Angeles Dodgers,San Diego Padres,1,6,2023,7
716591,2023-09-14,Pittsburgh Pirates,Washington Nationals,2,0,2023,2
716584,2023-09-14,Detroit Tigers,Cincinnati Reds,8,2,2023,10
716597,2023-09-14,Boston Red Sox,New York Yankees,5,0,2023,5
716593,2023-09-14,Boston Red Sox,New York Yankees,5,8,2023,13
716585,2023-09-14,Milwaukee Brewers,Miami Marlins,4,2,2023,6
716588,2023-09-14,New York Mets,Arizona Diamondbacks,11,1,2023,12
716587,2023-09-14,Toronto Blue Jays,Texas Rangers,2,9,2023,11
716586,2023-09-14,Baltimore Orioles,Tampa Bay Rays,3,4,2023,7
716580,2023-09-14,Chicago White Sox,Minnesota Twins,2,10,2023,12
716579,2023-09-15,Pittsburgh Pirates,New York Yankees,5,7,2023,12
716582,2023-09-15,Miami Marlins,Atlanta Braves,9,6,2023,15
716583,2023-09-15,Baltimore Orioles,Tampa Bay Rays,1,7,2023,8
716576,2023-09-15,Toronto Blue Jays,Boston Red Sox,3,0,2023,3
716574,2023-09-15,New York Mets,Cincinnati Reds,3,5,2023,8
716575,2023-09-15,Cleveland Guardians,Texas Rangers,12,3,2023,15
716573,2023-09-15,Chicago White Sox,Minnesota Twins,2,10,2023,12
716577,2023-09-15,Kansas City Royals,Houston Astros,4,2,2023,6
716578,2023-09-15,Milwaukee Brewers,Washington Nationals,5,3,2023,8
716572,2023-09-15,St. Louis Cardinals,Philadelphia Phillies,4,5,2023,9
716571,2023-09-15,Colorado Rockies,San Francisco Giants,3,2,2023,5
716570,2023-09-15,Los Angeles Angels,Detroit Tigers,2,11,2023,13
716567,2023-09-15,Arizona Diamondbacks,Chicago Cubs,6,4,2023,10
716569,2023-09-15,Oakland Athletics,San Diego Padres,3,8,2023,11
716568,2023-09-15,Seattle Mariners,Los Angeles Dodgers,3,6,2023,9
716581,2023-09-16,Colorado Rockies,San Francisco Giants,9,5,2023,14
716550,2023-09-16,Colorado Rockies,San Francisco Giants,5,2,2023,7
716566,2023-09-16,Toronto Blue Jays,Boston Red Sox,4,3,2023,7
716564,2023-09-16,Oakland Athletics,San Diego Padres,2,5,2023,7
716565,2023-09-16,Miami Marlins,Atlanta Braves,11,5,2023,16
716562,2023-09-16,Cleveland Guardians,Texas Rangers,2,1,2023,3
716563,2023-09-16,Pittsburgh Pirates,New York Yankees,3,6,2023,9
716561,2023-09-16,Baltimore Orioles,Tampa Bay Rays,8,0,2023,8
716560,2023-09-16,Kansas City Royals,Houston Astros,10,8,2023,18
716555,2023-09-16,New York Mets,Cincinnati Reds,2,3,2023,5
716556,2023-09-16,Chicago White Sox,Minnesota Twins,7,6,2023,13
716559,2023-09-16,Milwaukee Brewers,Washington Nationals,9,5,2023,14
716557,2023-09-16,St. Louis Cardinals,Philadelphia Phillies,1,6,2023,7
716558,2023-09-16,Arizona Diamondbacks,Chicago Cubs,7,6,2023,13
716554,2023-09-16,Los Angeles Angels,Detroit Tigers,4,5,2023,9
716552,2023-09-16,Seattle Mariners,Los Angeles Dodgers,2,6,2023,8
716553,2023-09-17,Baltimore Orioles,Tampa Bay Rays,5,4,2023,9
716551,2023-09-17,Pittsburgh Pirates,New York Yankees,3,2,2023,5
716548,2023-09-17,Toronto Blue Jays,Boston Red Sox,3,2,2023,5
716545,2023-09-17,New York Mets,Cincinnati Reds,8,4,2023,12
716549,2023-09-17,Cleveland Guardians,Texas Rangers,9,2,2023,11
716546,2023-09-17,Miami Marlins,Atlanta Braves,16,2,2023,18
716547,2023-09-17,Kansas City Royals,Houston Astros,1,7,2023,8
716542,2023-09-17,Chicago White Sox,Minnesota Twins,0,4,2023,4
716543,2023-09-17,Milwaukee Brewers,Washington Nationals,1,2,2023,3
716541,2023-09-17,St. Louis Cardinals,Philadelphia Phillies,6,5,2023,11
716540,2023-09-17,Colorado Rockies,San Francisco Giants,10,11,2023,21
716544,2023-09-17,Los Angeles Angels,Detroit Tigers,3,5,2023,8
716538,2023-09-17,Oakland Athletics,San Diego Padres,1,10,2023,11
716537,2023-09-17,Seattle Mariners,Los Angeles Dodgers,1,6,2023,7
716536,2023-09-17,Arizona Diamondbacks,Chicago Cubs,6,2,2023,8
716529,2023-09-18,Kansas City Royals,Cleveland Guardians,6,4,2023,10
716534,2023-09-18,Cincinnati Reds,Minnesota Twins,7,3,2023,10
716535,2023-09-18,Miami Marlins,New York Mets,1,2,2023,3
716539,2023-09-18,Washington Nationals,Chicago White Sox,1,6,2023,7
716532,2023-09-18,Atlanta Braves,Philadelphia Phillies,1,7,2023,8
716531,2023-09-18,St. Louis Cardinals,Milwaukee Brewers,1,0,2023,1
716533,2023-09-18,Texas Rangers,Boston Red Sox,2,4,2023,6
716530,2023-09-18,Houston Astros,Baltimore Orioles,7,8,2023,15
716526,2023-09-18,San Diego Padres,Colorado Rockies,11,9,2023,20
716527,2023-09-18,Oakland Athletics,Seattle Mariners,0,5,2023,5
716528,2023-09-18,Los Angeles Dodgers,Detroit Tigers,8,3,2023,11
716524,2023-09-19,Tampa Bay Rays,Los Angeles Angels,6,2,2023,8
716522,2023-09-19,Cincinnati Reds,Minnesota Twins,0,7,2023,7
716523,2023-09-19,Miami Marlins,New York Mets,4,3,2023,7
716525,2023-09-19,Washington Nationals,Chicago White Sox,4,3,2023,7
716520,2023-09-19,New York Yankees,Toronto Blue Jays,1,7,2023,8
716521,2023-09-19,Atlanta Braves,Philadelphia Phillies,9,3,2023,12
716517,2023-09-19,Kansas City Royals,Cleveland Guardians,7,6,2023,13
716518,2023-09-19,Chicago Cubs,Pittsburgh Pirates,14,1,2023,15
716515,2023-09-19,St. Louis Cardinals,Milwaukee Brewers,3,7,2023,10
716519,2023-09-19,Texas Rangers,Boston Red Sox,6,4,2023,10
716514,2023-09-19,Houston Astros,Baltimore Orioles,5,9,2023,14
716516,2023-09-19,San Diego Padres,Colorado Rockies,2,0,2023,2
716512,2023-09-19,Oakland Athletics,Seattle Mariners,2,7,2023,9
716511,2023-09-19,Arizona Diamondbacks,San Francisco Giants,8,4,2023,12
716510,2023-09-19,Los Angeles Dodgers,Detroit Tigers,3,2,2023,5
716509,2023-09-20,Atlanta Braves,Philadelphia Phillies,5,6,2023,11
716506,2023-09-20,Cincinnati Reds,Minnesota Twins,3,5,2023,8
716513,2023-09-20,Washington Nationals,Chicago White Sox,13,3,2023,16
716507,2023-09-20,Texas Rangers,Boston Red Sox,15,5,2023,20
716508,2023-09-20,Houston Astros,Baltimore Orioles,2,1,2023,3
716505,2023-09-20,Kansas City Royals,Cleveland Guardians,6,2,2023,8
716504,2023-09-20,Oakland Athletics,Seattle Mariners,3,6,2023,9
716499,2023-09-20,Arizona Diamondbacks,San Francisco Giants,7,1,2023,8
716500,2023-09-20,San Diego Padres,Colorado Rockies,3,2,2023,5
716501,2023-09-20,Tampa Bay Rays,Los Angeles Angels,3,8,2023,11
716503,2023-09-20,Miami Marlins,New York Mets,3,8,2023,11
716502,2023-09-20,New York Yankees,Toronto Blue Jays,1,6,2023,7
716497,2023-09-20,Chicago Cubs,Pittsburgh Pirates,7,13,2023,20
716495,2023-09-20,St. Louis Cardinals,Milwaukee Brewers,2,8,2023,10
716494,2023-09-20,Los Angeles Dodgers,Detroit Tigers,2,4,2023,6
716498,2023-09-21,Tampa Bay Rays,Los Angeles Angels,5,4,2023,9
716491,2023-09-21,St. Louis Cardinals,Milwaukee Brewers,0,6,2023,6
716496,2023-09-21,Washington Nationals,Atlanta Braves,3,10,2023,13
716492,2023-09-21,New York Yankees,Toronto Blue Jays,5,3,2023,8
716489,2023-09-21,Cleveland Guardians,Baltimore Orioles,5,2,2023,7
716490,2023-09-21,Philadelphia Phillies,New York Mets,5,4,2023,9
716493,2023-09-21,Chicago Cubs,Pittsburgh Pirates,6,8,2023,14
716488,2023-09-21,Oakland Athletics,Detroit Tigers,3,7,2023,10
716484,2023-09-21,Los Angeles Dodgers,San Francisco Giants,7,2,2023,9
716486,2023-09-22,Chicago Cubs,Colorado Rockies,6,0,2023,6
716487,2023-09-22,Cincinnati Reds,Pittsburgh Pirates,5,7,2023,12
716479,2023-09-22,Tampa Bay Rays,Toronto Blue Jays,2,6,2023,8
716482,2023-09-22,Miami Marlins,Milwaukee Brewers,1,16,2023,17
716481,2023-09-22,Philadelphia Phillies,New York Mets,5,4,2023,9
716485,2023-09-22,Washington Nationals,Atlanta Braves,6,9,2023,15
716480,2023-09-22,New York Yankees,Arizona Diamondbacks,7,1,2023,8
716483,2023-09-22,Cleveland Guardians,Baltimore Orioles,9,8,2023,17
716478,2023-09-22,Boston Red Sox,Chicago White Sox,3,2,2023,5
716477,2023-09-22,Texas Rangers,Seattle Mariners,8,5,2023,13
716473,2023-09-22,Houston Astros,Kansas City Royals,5,7,2023,12
716475,2023-09-22,Minnesota Twins,Los Angeles Angels,8,6,2023,14
716472,2023-09-22,Oakland Athletics,Detroit Tigers,8,2,2023,10
716476,2023-09-22,San Diego Padres,St. Louis Cardinals,4,2,2023,6
716474,2023-09-22,Los Angeles Dodgers,San Francisco Giants,1,5,2023,6
716465,2023-09-23,Minnesota Twins,Los Angeles Angels,0,1,2023,1
716469,2023-09-23,Chicago Cubs,Colorado Rockies,6,3,2023,9
716466,2023-09-23,Philadelphia Phillies,New York Mets,7,5,2023,12
716470,2023-09-23,Oakland Athletics,Detroit Tigers,4,1,2023,5
716463,2023-09-23,Tampa Bay Rays,Toronto Blue Jays,7,6,2023,13
716468,2023-09-23,Boston Red Sox,Chicago White Sox,0,1,2023,1
716460,2023-09-23,Miami Marlins,Milwaukee Brewers,5,4,2023,9
716464,2023-09-23,Cleveland Guardians,Baltimore Orioles,1,2,2023,3
716462,2023-09-23,Cincinnati Reds,Pittsburgh Pirates,12,13,2023,25
716461,2023-09-23,Texas Rangers,Seattle Mariners,2,0,2023,2
716455,2023-09-23,Houston Astros,Kansas City Royals,2,3,2023,5
716457,2023-09-23,San Diego Padres,St. Louis Cardinals,2,5,2023,7
716456,2023-09-23,Los Angeles Dodgers,San Francisco Giants,7,0,2023,7
716452,2023-09-24,Tampa Bay Rays,Toronto Blue Jays,5,9,2023,14
716459,2023-09-24,Washington Nationals,Atlanta Braves,3,2,2023,5
716467,2023-09-24,Washington Nationals,Atlanta Braves,5,8,2023,13
716453,2023-09-24,Boston Red Sox,Chicago White Sox,2,3,2023,5
716458,2023-09-24,New York Yankees,Arizona Diamondbacks,1,7,2023,8
716450,2023-09-24,Cleveland Guardians,Baltimore Orioles,1,5,2023,6
716451,2023-09-24,Cincinnati Reds,Pittsburgh Pirates,4,2,2023,6
716447,2023-09-24,Miami Marlins,Milwaukee Brewers,6,1,2023,7
716448,2023-09-24,Houston Astros,Kansas City Royals,5,6,2023,11
716445,2023-09-24,Minnesota Twins,Los Angeles Angels,9,3,2023,12
716449,2023-09-24,Chicago Cubs,Colorado Rockies,4,3,2023,7
716446,2023-09-24,Texas Rangers,Seattle Mariners,9,8,2023,17
716442,2023-09-24,Oakland Athletics,Detroit Tigers,0,2,2023,2
716444,2023-09-24,San Diego Padres,St. Louis Cardinals,12,2,2023,14
716454,2023-09-24,Philadelphia Phillies,New York Mets,5,2,2023,7
716439,2023-09-24,Los Angeles Dodgers,San Francisco Giants,3,2,2023,5
716471,2023-09-25,New York Yankees,Arizona Diamondbacks,6,4,2023,10
716440,2023-09-25,Los Angeles Angels,Texas Rangers,1,5,2023,6
716436,2023-09-25,Seattle Mariners,Houston Astros,1,5,2023,6
716441,2023-09-25,San Francisco Giants,San Diego Padres,2,1,2023,3
716438,2023-09-26,Colorado Rockies,Los Angeles Dodgers,4,1,2023,5
716424,2023-09-26,Colorado Rockies,Los Angeles Dodgers,2,11,2023,13
716435,2023-09-26,Cleveland Guardians,Cincinnati Reds,7,11,2023,18
716434,2023-09-26,Baltimore Orioles,Washington Nationals,1,0,2023,1
716433,2023-09-26,Detroit Tigers,Kansas City Royals,6,3,2023,9
716432,2023-09-26,Philadelphia Phillies,Pittsburgh Pirates,3,2,2023,5
716431,2023-09-26,Toronto Blue Jays,New York Yankees,0,2,2023,2
716428,2023-09-26,Boston Red Sox,Tampa Bay Rays,7,9,2023,16
716429,2023-09-26,Atlanta Braves,Chicago Cubs,7,6,2023,13
716421,2023-09-26,Minnesota Twins,Oakland Athletics,11,3,2023,14
716427,2023-09-26,Chicago White Sox,Arizona Diamondbacks,4,15,2023,19
716423,2023-09-26,Milwaukee Brewers,St. Louis Cardinals,1,4,2023,5
716422,2023-09-26,Los Angeles Angels,Texas Rangers,9,3,2023,12
716437,2023-09-26,San Francisco Giants,San Diego Padres,0,4,2023,4
716425,2023-09-26,Seattle Mariners,Houston Astros,6,2,2023,8
716417,2023-09-27,Chicago White Sox,Arizona Diamondbacks,0,3,2023,3
716411,2023-09-27,New York Mets,Miami Marlins,11,2,2023,13
716430,2023-09-27,New York Mets,Miami Marlins,2,4,2023,6
716418,2023-09-27,Cleveland Guardians,Cincinnati Reds,4,3,2023,7
716419,2023-09-27,Boston Red Sox,Tampa Bay Rays,0,5,2023,5
716416,2023-09-27,Baltimore Orioles,Washington Nationals,5,1,2023,6
716414,2023-09-27,Detroit Tigers,Kansas City Royals,8,0,2023,8
716415,2023-09-27,Philadelphia Phillies,Pittsburgh Pirates,7,6,2023,13
716413,2023-09-27,Toronto Blue Jays,New York Yankees,0,6,2023,6
716412,2023-09-27,Atlanta Braves,Chicago Cubs,6,5,2023,11
716410,2023-09-27,Minnesota Twins,Oakland Athletics,6,4,2023,10
716408,2023-09-27,Milwaukee Brewers,St. Louis Cardinals,3,2,2023,5
716406,2023-09-27,Colorado Rockies,Los Angeles Dodgers,2,8,2023,10
716420,2023-09-27,Los Angeles Angels,Texas Rangers,0,5,2023,5
716407,2023-09-27,Seattle Mariners,Houston Astros,3,8,2023,11
716426,2023-09-27,San Francisco Giants,San Diego Padres,2,5,2023,7
716400,2023-09-28,Minnesota Twins,Oakland Athletics,1,2,2023,3
716443,2023-09-28,Chicago White Sox,Arizona Diamondbacks,3,1,2023,4
716401,2023-09-28,Detroit Tigers,Kansas City Royals,7,3,2023,10
716396,2023-09-28,Milwaukee Brewers,St. Louis Cardinals,3,0,2023,3
716409,2023-09-28,Philadelphia Phillies,Pittsburgh Pirates,2,3,2023,5
716402,2023-09-28,Baltimore Orioles,Boston Red Sox,2,0,2023,2
716403,2023-09-28,Toronto Blue Jays,New York Yankees,6,0,2023,6
716404,2023-09-28,New York Mets,Miami Marlins,1,0,2023,1
716399,2023-09-28,Atlanta Braves,Chicago Cubs,5,3,2023,8
716405,2023-09-28,Colorado Rockies,Los Angeles Dodgers,14,5,2023,19
716397,2023-09-28,Seattle Mariners,Texas Rangers,3,2,2023,5
716398,2023-09-29,Pittsburgh Pirates,Miami Marlins,3,4,2023,7
716395,2023-09-29,Detroit Tigers,Cleveland Guardians,5,7,2023,12
716390,2023-09-29,Baltimore Orioles,Boston Red Sox,0,3,2023,3
716392,2023-09-29,Toronto Blue Jays,Tampa Bay Rays,11,4,2023,15
716394,2023-09-29,Atlanta Braves,Washington Nationals,6,10,2023,16
716391,2023-09-29,Chicago White Sox,San Diego Padres,2,3,2023,5
716387,2023-09-29,Colorado Rockies,Minnesota Twins,6,7,2023,13
716389,2023-09-29,Kansas City Royals,New York Yankees,12,5,2023,17
716385,2023-09-29,Milwaukee Brewers,Chicago Cubs,4,3,2023,7
716388,2023-09-29,St. Louis Cardinals,Cincinnati Reds,2,19,2023,21
716386,2023-09-29,Los Angeles Angels,Oakland Athletics,5,1,2023,6
716384,2023-09-29,Arizona Diamondbacks,Houston Astros,1,2,2023,3
716379,2023-09-29,Seattle Mariners,Texas Rangers,8,0,2023,8
716382,2023-09-29,San Francisco Giants,Los Angeles Dodgers,2,6,2023,8
716380,2023-09-30,Detroit Tigers,Cleveland Guardians,8,0,2023,8
716383,2023-09-30,Toronto Blue Jays,Tampa Bay Rays,5,7,2023,12
716376,2023-09-30,New York Mets,Philadelphia Phillies,4,3,2023,7
716393,2023-09-30,New York Mets,Philadelphia Phillies,11,4,2023,15
716378,2023-09-30,Pittsburgh Pirates,Miami Marlins,3,7,2023,10
716374,2023-09-30,Chicago White Sox,San Diego Padres,1,6,2023,7
716375,2023-09-30,Kansas City Royals,New York Yankees,2,5,2023,7
716373,2023-09-30,Milwaukee Brewers,Chicago Cubs,6,10,2023,16
716377,2023-09-30,Baltimore Orioles,Boston Red Sox,5,2,2023,7
716372,2023-09-30,St. Louis Cardinals,Cincinnati Reds,15,6,2023,21
716366,2023-09-30,Seattle Mariners,Texas Rangers,1,6,2023,7
716369,2023-09-30,Atlanta Braves,Washington Nationals,5,3,2023,8
716370,2023-09-30,Arizona Diamondbacks,Houston Astros,0,1,2023,1
716368,2023-09-30,Colorado Rockies,Minnesota Twins,6,14,2023,20
716381,2023-09-30,San Francisco Giants,Los Angeles Dodgers,2,1,2023,3
716371,2023-09-30,Los Angeles Angels,Oakland Athletics,3,7,2023,10
716367,2023-10-01,Baltimore Orioles,Boston Red Sox,1,6,2023,7
716363,2023-10-01,San Francisco Giants,Los Angeles Dodgers,2,5,2023,7
716362,2023-10-01,Pittsburgh Pirates,Miami Marlins,3,0,2023,3
716365,2023-10-01,Los Angeles Angels,Oakland Athletics,7,3,2023,10
716357,2023-10-01,Toronto Blue Jays,Tampa Bay Rays,8,12,2023,20
716361,2023-10-01,Detroit Tigers,Cleveland Guardians,5,2,2023,7
716358,2023-10-01,Arizona Diamondbacks,Houston Astros,1,8,2023,9
716360,2023-10-01,Seattle Mariners,Texas Rangers,1,0,2023,1
716359,2023-10-01,Colorado Rockies,Minnesota Twins,3,2,2023,5
716355,2023-10-01,New York Mets,Philadelphia Phillies,1,9,2023,10
716354,2023-10-01,Atlanta Braves,Washington Nationals,9,10,2023,19
716356,2023-10-01,Chicago White Sox,San Diego Padres,1,2,2023,3
716352,2023-10-01,Kansas City Royals,New York Yankees,5,2,2023,7
716364,2023-10-01,Milwaukee Brewers,Chicago Cubs,4,0,2023,4
716353,2023-10-01,St. Louis Cardinals,Cincinnati Reds,4,3,2023,7
